Workbook

Sheet 5% CO
R1: Component name | S1: Vol % | T1: Carbon number | U1: Class | W1: vol.% * nC | X1: Sel (C base) | Y1: mmolC | Z1: mol
D2: mmolC | E2: mmol C | F2: Conversion | L2: Carbon in Oil | N2: Oil light | O2: Oil heavy | Q2: 1 | R2: Propane | S2: 0.7052 | T2: 3 | U2: paraffin | W2: =S2*T2 -> 2.1156 | X2: =W2/$W$48 -> 0.0027211693 | Y2: =X2*$N$5 -> 0.059651049 | Z2: =Y2/T2 -> 0.019883683 | AG2: mss % | AH2: vol.% * nC | AI2: Sel (C base) | AJ2: mmolC | AK2: mol
D3: IN | E3: OUT | L3: =+D5-E5 -> 31.196366 | N3: 30.233902 | O3: 12.792565 | P3: ml | Q3: 2 | R3: Butene-1 | S3: 4.434 | T3: 4 | U3: Olefin | W3: =S3*T3 -> 17.736 | X3: =W3/$W$48 -> 0.022812752 | Y3: =X3*$N$5 -> 0.50008083 | Z3: =Y3/T3 -> 0.12502021
N4: =+N3/(N3+O3) -> 0.70268149 | O4: =1-N4 -> 0.29731851 | P4: % | Q4: 3 | R4: n-Butane | S4: 0.4237 | T4: 4 | U4: paraffin | W4: =S4*T4 -> 1.6948 | X4: =W4/$W$48 -> 0.0021799195 | Y4: =X4*$N$5 -> 0.047786253 | Z4: =Y4/T4 -> 0.011946563 | AF4: 1 | AG4: 0 | AH4: =AG4*AF4 -> 0 | AI4: =AH4/$AH$54 -> 0 | AJ4: =AI4*$O$5 -> 0 | AK4: =AJ4/AF4 -> 0
C5: TOT | D5: =+D6+D7 -> 217.50474 | E5: =+SUM(E6:E47) -> 186.30837 | G5: mmol | L5: HC Carbon | N5: =+N4*L3 -> 21.921109 | O5: =+O4*L3 -> 9.2752572 | P5: mmcolC | Q5: 4 | R5: i-Butane | S5: 0.2474 | T5: 4 | U5: iso-paraffin | W5: =S5*T5 -> 0.9896 | X5: =W5/$W$48 -> 0.0012728631 | Y5: =X5*$N$5 -> 0.02790257 | Z5: =Y5/T5 -> 0.0069756426 | AF5: 2 | AG5: 0 | AH5: =AG5*AF5 -> 0 | AI5: =AH5/$AH$54 -> 0 | AJ5: =AI5*$O$5 -> 0 | AK5: =AJ5/AF5 -> 0
C6: CO | D6: 52.733113 | E6: 13.424828 | F6: =+(D6-E6)/D6 -> 0.74541939 | L6: =+D7+D6-E6-E7 -> 77.437734 | Q6: 5 | R6: 1,4-Pentadiene | S6: 9.5908 | T6: 5 | U6: Olefin | W6: =S6*T6 -> 47.954 | X6: =W6/$W$48 -> 0.061680352 | Y6: =X6*$N$5 -> 1.3521017 | Z6: =Y6/T6 -> 0.27042034 | AF6: 3 | AG6: 0 | AH6: =AG6*AF6 -> 0 | AI6: =AH6/$AH$54 -> 0 | AJ6: =AI6*$O$5 -> 0 | AK6: =AJ6/AF6 -> 0
B7: 1 | C7: *CO2 | D7: 164.77162 | E7: 126.64217 | F7: =+(D7-E7)/D7 -> 0.23140786 | Q7: 6 | R7: n-Pentane | S7: 0.8438 | T7: 5 | U7: paraffin | W7: =S7*T7 -> 4.219 | X7: =W7/$W$48 -> 0.0054266464 | Y7: =X7*$N$5 -> 0.11895811 | Z7: =Y7/T7 -> 0.023791622 | AF7: 4 | AG7: 0 | AH7: =AG7*AF7 -> 0 | AI7: =AH7/$AH$54 -> 0 | AJ7: =AI7*$O$5 -> 0 | AK7: =AJ7/AF7 -> 0
B8: 8 | C8: Ottene | E8: 0 | G8: =+E8/B8 -> 0 | H8: Olefin | I8: 1 | Q8: 7 | R8: (C5-IsoParaffin) | S8: 0.7139 | T8: 5 | U8: iso-paraffin | W8: =S8*T8 -> 3.5695 | X8: =W8/$W$48 -> 0.0045912336 | Y8: =X8*$N$5 -> 0.10064493 | Z8: =Y8/T8 -> 0.020128986 | AF8: 5 | AG8: 0 | AH8: =AG8*AF8 -> 0 | AI8: =AH8/$AH$54 -> 0 | AJ8: =AI8*$O$5 -> 0 | AK8: =AJ8/AF8 -> 0
B9: 7 | C9: Toluene | E9: 0 | G9: =+E9/B9 -> 0 | H9: Aromatic | I9: 2 | Q9: 8 | R9: Cyclopentane | S9: 0.2986 | T9: 5 | U9: Naphthene | W9: =S9*T9 -> 1.493 | X9: =W9/$W$48 -> 0.0019203563 | Y9: =X9*$N$5 -> 0.042096339 | Z9: =Y9/T9 -> 0.0084192679 | AF9: 6 | AG9: 0 | AH9: =AG9*AF9 -> 0 | AI9: =AH9/$AH$54 -> 0 | AJ9: =AI9*$O$5 -> 0 | AK9: =AJ9/AF9 -> 0
B10: 9 | C10: Nonene | E10: 0.27298184 | G10: =+E10/B10 -> 0.030331315 | H10: Aromatic | I10: 3 | Q10: 9 | R10: 3-Methylpentane | S10: 9.5949 | T10: 6 | U10: iso-paraffin | W10: =S10*T10 -> 57.5694 | X10: =W10/$W$48 -> 0.074048063 | Y10: =X10*$N$5 -> 1.6232157 | Z10: =Y10/T10 -> 0.27053595 | AF10: 7 | AG10: 0 | AH10: =AG10*AF10 -> 0 | AI10: =AH10/$AH$54 -> 0 | AJ10: =AI10*$O$5 -> 0 | AK10: =AJ10/AF10 -> 0
B11: 8 | C11: p-Xilene | E11: 2.1952066e-06 | G11: =+E11/B11 -> 2.7440082e-07 | H11: Aromatic | I11: 4 | Q11: 10 | R11: 1t,4-Hexadiene | S11: 3.8919 | T11: 6 | U11: Olefin | W11: =S11*T11 -> 23.3514 | X11: =W11/$W$48 -> 0.030035504 | Y11: =X11*$N$5 -> 0.65841156 | Z11: =Y11/T11 -> 0.10973526 | AF11: 8 | AG11: 2.5 | AH11: =AG11*AF11 -> 20 | AI11: =AH11/$AH$54 -> 0.013580498 | AJ11: =AI11*$O$5 -> 0.12596262 | AK11: =AJ11/AF11 -> 0.015745327
B12: 8 | C12: m-Xilene | E12: 0.33947952 | G12: =+E12/B12 -> 0.042434939 | H12: Aromatic | I12: 5 | Q12: 11 | R12: Cyclohexane | S12: 0.9641 | T12: 6 | U12: Naphthene | W12: =S12*T12 -> 5.7846 | X12: =W12/$W$48 -> 0.0074403837 | Y12: =X12*$N$5 -> 0.16310146 | Z12: =Y12/T12 -> 0.027183577 | AF12: 9 | AG12: 3.1 | AH12: =AG12*AF12 -> 27.9 | AI12: =AH12/$AH$54 -> 0.018944795 | AJ12: =AI12*$O$5 -> 0.17571785 | AK12: =AJ12/AF12 -> 0.019524205
B13: 8 | C13: Etilbenzene | E13: 0 | G13: =+E13/B13 -> 0 | H13: Aromatic | I13: 6 | Q13: 12 | R13: n-Hexane | S13: 0.109 | T13: 6 | U13: paraffin | W13: =S13*T13 -> 0.654 | X13: =W13/$W$48 -> 0.00084120094 | Y13: =X13*$N$5 -> 0.018440058 | Z13: =Y13/T13 -> 0.0030733429 | AF13: 10 | AG13: 7.9 | AH13: =AG13*AF13 -> 79 | AI13: =AH13/$AH$54 -> 0.053642969 | AJ13: =AI13*$O$5 -> 0.49755233 | AK13: =AJ13/AF13 -> 0.049755233
B14: 8 | C14: o-Xilene | E14: 0 | G14: =+E14/B14 -> 0 | H14: Aromatic | I14: 7 | Q14: 13 | R14: Benzene | S14: 0.08 | T14: 6 | U14: Aromatic | W14: =S14*T14 -> 0.48 | X14: =W14/$W$48 -> 0.00061739519 | Y14: =X14*$N$5 -> 0.013533987 | Z14: =Y14/T14 -> 0.0022556645 | AF14: 11 | AG14: 9.1 | AH14: =AG14*AF14 -> 100.1 | AI14: =AH14/$AH$54 -> 0.067970395 | AJ14: =AI14*$O$5 -> 0.63044289 | AK14: =AJ14/AF14 -> 0.05731299
B15: 9 | C15: Trimetilbenzene | E15: 0 | G15: =+E15/B15 -> 0 | H15: Aromatic | I15: 8 | Q15: 14 | R15: 3-Ethylpentane | S15: 8.1824 | T15: 7 | U15: iso-paraffin | W15: =S15*T15 -> 57.2768 | X15: =W15/$W$48 -> 0.07367171 | Y15: =X15*$N$5 -> 1.6149656 | Z15: =Y15/T15 -> 0.23070937 | AF15: 12 | AG15: 10.5 | AH15: =AG15*AF15 -> 126 | AI15: =AH15/$AH$54 -> 0.08555714 | AJ15: =AI15*$O$5 -> 0.79356448 | AK15: =AJ15/AF15 -> 0.066130373
B16: 10 | C16: Decene | E16: 4.9085231e-06 | G16: =+E16/B16 -> 4.9085231e-07 | H16: Olefin | I16: 9 | Q16: 15 | R16: 2,4-Dimethylpentene-1 | S16: 5.7111 | T16: 7 | U16: Olefin | W16: =S16*T16 -> 39.9777 | X16: =W16/$W$48 -> 0.051420916 | Y16: =X16*$N$5 -> 1.1272035 | Z16: =Y16/T16 -> 0.16102907 | AF16: 13 | AG16: 10.9 | AH16: =AG16*AF16 -> 141.7 | AI16: =AH16/$AH$54 -> 0.096217831 | AJ16: =AI16*$O$5 -> 0.89244513 | AK16: =AJ16/AF16 -> 0.068649625
B17: 10 | C17: Decano | E17: 0.043389939 | G17: =+E17/B17 -> 0.0043389939 | H17: paraffin | I17: 10 | Q17: 16 | R17: 1c,3-Dimethylcyclopentane | S17: 0.8706 | T17: 7 | U17: Naphthene | W17: =S17*T17 -> 6.0942 | X17: =W17/$W$48 -> 0.0078386036 | Y17: =X17*$N$5 -> 0.17183089 | Z17: =Y17/T17 -> 0.024547269 | AF17: 14 | AG17: 10.7 | AH17: =AG17*AF17 -> 149.8 | AI17: =AH17/$AH$54 -> 0.10171793 | AJ17: =AI17*$O$5 -> 0.94345999 | AK17: =AJ17/AF17 -> 0.067389999
B18: 1 | C18: *CH4 | E18: 11.284207 | G18: =+E18/B18 -> 11.284207 | H18: paraffin | I18: 11 | Q18: 17 | R18: Toluene | S18: 0.2139 | T18: 7 | U18: Aromatic | W18: =S18*T18 -> 1.4973 | X18: =W18/$W$48 -> 0.0019258871 | Y18: =X18*$N$5 -> 0.042217581 | Z18: =Y18/T18 -> 0.0060310831 | AF18: 15 | AG18: 9.5 | AH18: =AG18*AF18 -> 142.5 | AI18: =AH18/$AH$54 -> 0.096761051 | AJ18: =AI18*$O$5 -> 0.89748363 | AK18: =AJ18/AF18 -> 0.059832242
B19: 2 | C19: *Etilene | E19: 5.9331212 | G19: =+E19/B19 -> 2.9665606 | H19: Olefin | I19: 12 | Q19: 18 | R19: Octene-1 | S19: 9.3793 | T19: 8 | U19: Olefin | W19: =S19*T19 -> 75.0344 | X19: =W19/$W$48 -> 0.096512245 | Y19: =X19*$N$5 -> 2.1156554 | Z19: =Y19/T19 -> 0.26445693 | AF19: 16 | AG19: 7.7 | AH19: =AG19*AF19 -> 123.2 | AI19: =AH19/$AH$54 -> 0.08365587 | AJ19: =AI19*$O$5 -> 0.77592971 | AK19: =AJ19/AF19 -> 0.048495607
... B43: 7 | C43: 2,2-Dimetilpentano | E43: 6.1570427e-05 | G43: =+E43/B43 -> 8.7957754e-06 | H43: iso-paraffin | I43: 36 | Q43: 42 | R43: (C14-IsoParaffin) | S43: 0.1832 | T43: 14 | U43: iso-paraffin | W43: =S43*T43 -> 2.5648 | X43: =W43/$W$48 -> 0.0032989483 | Y43: =X43*$N$5 -> 0.072316605 | Z43: =Y43/T43 -> 0.0051654718 | AF43: 40 | AG43: 0 | AH43: =AG43*AF43 -> 0 | AI43: =AH43/$AH$54 -> 0 | AJ43: =AI43*$O$5 -> 0 | AK43: =AJ43/AF43 -> 0
B44: 7 | C44: 2-Metiles-1-ene | E44: 0.0004600091 | G44: =+E44/B44 -> 6.5715586e-05 | H44: Olefin | I44: 37 | Q44: 43 | R44: (C15-IsoParaffin) | S44: 0.1445 | T44: 15 | U44: iso-paraffin | W44: =S44*T44 -> 2.1675 | X44: =W44/$W$48 -> 0.0027879251 | Y44: =X44*$N$5 -> 0.061114411 | Z44: =Y44/T44 -> 0.0040742941 | AF44: 48 | AH44: =AG44*AF44 -> 0 | AI44: =AH44/$AH$54 -> 0 | AJ44: =AI44*$O$5 -> 0 | AK44: =AJ44/AF44 -> 0
B45: 7 | C45: 1-eptene | E45: 0.0021357879 | G45: =+E45/B45 -> 0.00030511255 | H45: Olefin | I45: 38 | Q45: 44 | R45: (C16-IsoParaffin) | S45: 0.3685 | T45: 16 | U45: iso-paraffin | W45: =S45*T45 -> 5.896 | X45: =W45/$W$48 -> 0.0075836709 | Y45: =X45*$N$5 -> 0.16624248 | Z45: =Y45/T45 -> 0.010390155 | AF45: 49 | AH45: =AG45*AF45 -> 0 | AI45: =AH45/$AH$54 -> 0 | AJ45: =AI45*$O$5 -> 0 | AK45: =AJ45/AF45 -> 0
B46: 7 | C46: Eptano | E46: 0.00025579855 | G46: =+E46/B46 -> 3.6542649e-05 | H46: paraffin | I46: 39 | Q46: 45 | R46: (C17-IsoParaffin) | S46: 0.1365 | T46: 17 | U46: iso-paraffin | W46: =S46*T46 -> 2.3205 | X46: =W46/$W$48 -> 0.0029847199 | Y46: =X46*$N$5 -> 0.06542837 | Z46: =Y46/T46 -> 0.0038487276 | AF46: 50 | AH46: =AG46*AF46 -> 0 | AI46: =AH46/$AH$54 -> 0 | AJ46: =AI46*$O$5 -> 0 | AK46: =AJ46/AF46 -> 0
B47: 7 | C47: 2-Eptene | E47: 2.7963333e-05 | G47: =+E47/B47 -> 3.9947619e-06 | H47: Olefin | I47: 40 | AF47: 51 | AH47: =AG47*AF47 -> 0 | AI47: =AH47/$AH$54 -> 0 | AJ47: =AI47*$O$5 -> 0 | AK47: =AJ47/AF47 -> 0
B48: 1 | I48: 41 | W48: =SUM(W2:W46) -> 777.4599 | AF48: 52 | AH48: =AG48*AF48 -> 0 | AI48: =AH48/$AH$54 -> 0 | AJ48: =AI48*$O$5 -> 0 | AK48: =AJ48/AF48 -> 0
B49: 1 | I49: 42 | AF49: 53 | AH49: =AG49*AF49 -> 0 | AI49: =AH49/$AH$54 -> 0 | AJ49: =AI49*$O$5 -> 0 | AK49: =AJ49/AF49 -> 0
AF50: 54 | AH50: =AG50*AF50 -> 0 | AI50: =AH50/$AH$54 -> 0 | AJ50: =AI50*$O$5 -> 0 | AK50: =AJ50/AF50 -> 0
AF51: 55 | AH51: =AG51*AF51 -> 0 | AI51: =AH51/$AH$54 -> 0 | AJ51: =AI51*$O$5 -> 0 | AK51: =AJ51/AF51 -> 0
E54: =+SUM(E8:E49) -> 46.241368 | G54: =SUM(G4:G51) -> 22.564836 | Y54: =+SUM(Y1:Y49) -> 21.921109 | Z54: =+SUM(Z1:Z49) -> 2.8195722 | AH54: =SUM(AH4:AH51) -> 1472.7 | AJ54: =SUM(AJ4:AJ51) -> 9.2752572 | AK54: =SUM(AK4:AK51) -> 0.62981308

Sheet 5% CO Elab
Y2: TOT CO | Z2: TOT CO2 | AA2: TOT CO IN | AB2: TOT CO2 IN
B3: Cn | C3: Class | D3: Name | E3: mol | F3: Colonna1 | Y3: ='5% CO'!D6-'5% CO'!E6 -> 39.308285 | Z3: =+'5% CO'!D7-'5% CO'!E7 -> 38.129449 | AA3: =+'5% CO'!D6 -> 52.733113 | AB3: =+'5% CO'!D7 -> 164.77162
B4: ='5% CO'!B25 -> 1 | C4: ='5% CO'!H25 -> oxygenated | D4: ='5% CO'!C25 -> Metanolo | E4: ='5% CO'!G25 -> 0.64499028 | F4: 1-GAS | Y4: =Y3/(Y3+Z3) -> 0.50761151 | Z4: =1-Y4 -> 0.49238849
B5: ='5% CO'!B18 -> 1 | C5: ='5% CO'!H18 -> paraffin | D5: ='5% CO'!C18 -> *CH4 | E5: ='5% CO'!G18 -> 11.284207 | F5: 1-GAS | R5: Colonna1 | S5: Nc | T5: Colonna2 | U5: Colonna3 | V5: Colonna4 | W5: mmol | X5: mmolC | Y5: Colonna5 | Z5: Colonna6 | AA5: con CO | AB5: conv CO2 | AH5: Etichette di riga | AI5: Somma di mmolC
B6: ='5% CO'!B20 -> 2 | C6: ='5% CO'!H20 -> Olefin | D6: ='5% CO'!C20 -> *Acetilene | E6: ='5% CO'!G20 -> 0 | F6: 1-GAS | R6: 1 | S6: 1 | T6: METHANE | U6: CH4 | V6: CH4 | W6: =GETPIVOTDATA("mol",$N$17,"Cn",1,"Class","paraffin") -> 11.284207 | X6: =+W6*S6 -> 11.284207 | Y6: =X6*$Y$4 -> 5.7279936 | Z6: =+X6*$Z$4 -> 5.5562139 | AA6: =+Y6/$AA$3 -> 0.10862233 | AB6: =+Z6/$AB$3 -> 0.033720697 | AD6: =+$AB$3*Tabella11[[#This Row],[conv CO2]] -> 5.5562139 | AH6: 1 | AI6: 11.929198
B7: ='5% CO'!B19 -> 2 | C7: ='5% CO'!H19 -> Olefin | D7: ='5% CO'!C19 -> *Etilene | E7: ='5% CO'!G19 -> 2.9665606 | F7: 1-GAS | R7: 2 | S7: 1 | T7: METHANOL | U7: CH4O | V7: MEOH | W7: =+GETPIVOTDATA("mol",$N$17,"Cn",1,"Class","oxygenated") -> 0.64499028 | X7: =+W7*S7 -> 0.64499028 | Y7: =X7*$Y$4 -> 0.32740449 | Z7: =+X7*$Z$4 -> 0.31758579 | AA7: =+Y7/$AA$3 -> 0.0062087078 | AB7: =+Z7/$AB$3 -> 0.0019274301 | AD7: =+$AB$3*Tabella11[[#This Row],[conv CO2]] -> 0.31758579 | AH7: 2 | AI7: 7.4382037
B8: ='5% CO'!B24 -> 2 | C8: ='5% CO'!H24 -> oxygenated | D8: ='5% CO'!C24 -> *DME | E8: ='5% CO'!G24 -> 0 | F8: 1-GAS | R8: 3 | S8: 2 | T8: ETHANE | U8: C2H6 | V8: C2 | W8: =+GETPIVOTDATA("mol",$N$17,"Cn",2,"Class","paraffin") -> 0.75254128 | X8: =+W8*S8 -> 1.5050826 | Y8: =X8*$Y$4 -> 0.76399723 | Z8: =+X8*$Z$4 -> 0.74108532 | AA8: =+Y8/$AA$3 -> 0.014487998 | AB8: =+Z8/$AB$3 -> 0.0044976514 | AD8: =+$AB$3*Tabella11[[#This Row],[conv CO2]] -> 0.74108532 | AH8: 3 | AI8: 9.9256945
B9: ='5% CO'!B21 -> 2 | C9: ='5% CO'!H21 -> paraffin | D9: ='5% CO'!C21 -> *Etano | E9: ='5% CO'!G21 -> 0.75254128 | F9: 1-GAS | R9: 4 | S9: 2 | T9: ETHYLENE | U9: C2H4 | V9: C2-O | W9: =+GETPIVOTDATA("mol",$N$17,"Cn",2,"Class","Olefin") -> 2.9665606 | X9: =+W9*S9 -> 5.9331212 | Y9: =X9*$Y$4 -> 3.0117206 | Z9: =+X9*$Z$4 -> 2.9214006 | AA9: =+Y9/$AA$3 -> 0.057112513 | AB9: =+Z9/$AB$3 -> 0.017729998 | AH9: 4 | AI9: 8.0172348
B10: ='5% CO'!B22 -> 3 | C10: ='5% CO'!H22 -> Olefin | D10: ='5% CO'!C22 -> *Propilene | E10: ='5% CO'!G22 -> 2.9824519 | F10: 1-GAS | R10: 5 | S10: 3 | T10: PROPANE | U10: C3H8 | V10: C3 | W10: =+GETPIVOTDATA("mol",$N$17,"Cn",3,"Class","paraffin") -> 0.32611294 | X10: =+W10*S10 -> 0.97833881 | Y10: =X10*$Y$4 -> 0.49661604 | Z10: =+X10*$Z$4 -> 0.48172277 | AA10: =+Y10/$AA$3 -> 0.009417537 | AB10: =+Z10/$AB$3 -> 0.0029235785 | AH10: 5 | AI10: 7.7743977
B11: ='5% CO'!B23 -> 3 | C11: ='5% CO'!H23 -> paraffin | D11: ='5% CO'!C23 -> *Propano | E11: ='5% CO'!G23 -> 0.30622926 | F11: 1-GAS | R11: 6 | S11: 3 | T11: PROPYLENE | U11: C3H6-2 | V11: C3-O | W11: =+GETPIVOTDATA("mol",$N$17,"Cn",3,"Class","Olefin") -> 2.9824519 | X11: =+W11*S11 -> 8.9473557 | Y11: =X11*$Y$4 -> 4.5417808 | Z11: =+X11*$Z$4 -> 4.405575 | AA11: =+Y11/$AA$3 -> 0.086127681 | AB11: =+Z11/$AB$3 -> 0.026737462 | AH11: 6 | AI11: 5.2237641
B12: ='5% CO'!B27 -> 4 | C12: ='5% CO'!H27 -> Olefin | D12: ='5% CO'!C27 -> *1-Butene | E12: ='5% CO'!G27 -> 1.5864331 | F12: 1-GAS | R12: 7 | S12: 4 | T12: N-BUTANE | U12: C4H10-1 | V12: C4 | W12: =+GETPIVOTDATA("mol",$N$17,"Cn",4,"Class","paraffin") -> 0.23449561 | X12: =+W12*S12 -> 0.93798244 | Y12: =X12*$Y$4 -> 0.47613068 | Z12: =+X12*$Z$4 -> 0.46185176 | AA12: =+Y12/$AA$3 -> 0.0090290646 | AB12: =+Z12/$AB$3 -> 0.0028029812 | AH12: 7 | AI12: 2.9591587
B13: ='5% CO'!B29 -> 4 | C13: ='5% CO'!H29 -> Olefin | D13: ='5% CO'!C29 -> 2-Butene | E13: ='5% CO'!G29 -> 0.02835486 | F13: 1-GAS | R13: 8 | S13: 4 | T13: ISOBUTANE | U13: C4H10-2 | V13: C4-IP | W13: =+GETPIVOTDATA("mol",$N$17,"Cn",4,"Class","iso-paraffin") -> 0.0069756426 | X13: =+W13*S13 -> 0.02790257 | Y13: =X13*$Y$4 -> 0.014163666 | Z13: =+X13*$Z$4 -> 0.013738904 | AA13: =+Y13/$AA$3 -> 0.0002685915 | AB13: =+Z13/$AB$3 -> 8.3381497e-05 | AH13: 8 | AI13: 4.1037636
B14: ='5% CO'!B26 -> 4 | C14: ='5% CO'!H26 -> Olefin | D14: ='5% CO'!C26 -> 2-Metilpropene | E14: ='5% CO'!G26 -> 0.023029278 | F14: 1-GAS | R14: 9 | S14: 4 | T14: 1-BUTENE | U14: C4H8-1 | V14: C4-O | W14: =+GETPIVOTDATA("mol",$N$17,"Cn",4,"Class","Olefin") -> 1.7628374 | X14: =+W14*S14 -> 7.0513498 | Y14: =X14*$Y$4 -> 3.5793463 | Z14: =+X14*$Z$4 -> 3.4720035 | AA14: =+Y14/$AA$3 -> 0.067876636 | AB14: =+Z14/$AB$3 -> 0.021071611 | AH14: 9 | AI14: 4.1587801
B15: ='5% CO'!B28 -> 4 | C15: ='5% CO'!H28 -> paraffin | D15: ='5% CO'!C28 -> *N-Butano | E15: ='5% CO'!G28 -> 0.22254905 | F15: 1-GAS | R15: 10 | S15: 5 | T15: N-PENTANE | U15: C5H12-1 | V15: C5 | W15: =+GETPIVOTDATA("mol",$N$17,"Cn",5,"Class","paraffin") -> 0.15138393 | X15: =+W15*S15 -> 0.75691963 | Y15: =X15*$Y$4 -> 0.38422112 | Z15: =+X15*$Z$4 -> 0.37269851 | AA15: =+Y15/$AA$3 -> 0.0072861452 | AB15: =+Z15/$AB$3 -> 0.0022619096 | AH15: 10 | AI15: 3.5567425
B16: ='5% CO'!B31 -> 5 | C16: ='5% CO'!H31 -> iso-paraffin | D16: ='5% CO'!C31 -> 2-Metilbutano | E16: ='5% CO'!G31 -> 0 | F16: 1-GAS | R16: 11 | S16: 5 | T16: 2-METHYL-1-BUTANE | U16: C5H12-5 | V16: C5-IP | W16: =+GETPIVOTDATA("mol",$N$17,"Cn",5,"Class","iso-paraffin") -> 0.020128986 | X16: =+W16*S16 -> 0.10064493 | Y16: =X16*$Y$4 -> 0.051088526 | Z16: =+X16*$Z$4 -> 0.049556406 | AA16: =+Y16/$AA$3 -> 0.00096881301 | AB16: =+Z16/$AB$3 -> 0.00030075814 | AH16: 11 | AI16: 2.6618577
B17: ='5% CO'!B33 -> 5 | C17: ='5% CO'!H33 -> Olefin | D17: ='5% CO'!C33 -> *1-Pentene | E17: ='5% CO'!G33 -> 0.87794252 | F17: 1-GAS | N17: Cn | O17: Class | P17: Somma di mol | R17: 12 | S17: 5 | T17: 1-PENTENE | U17: C5H10-2 | V17: C5-O | W17: =+GETPIVOTDATA("mol",$N$17,"Cn",5,"Class","Olefin") -> 1.3749474 | X17: =+W17*S17 -> 6.8747368 | Y17: =X17*$Y$4 -> 3.4896955 | Z17: =+X17*$Z$4 -> 3.3850413 | AA17: =+Y17/$AA$3 -> 0.066176551 | AB17: =+Z17/$AB$3 -> 0.020543836 | AH17: 12 | AI17: 1.9510926
B18: ='5% CO'!B32 -> 5 | C18: ='5% CO'!H32 -> Olefin | D18: ='5% CO'!C32 -> 2-Metilbut-1-ene | E18: ='5% CO'!G32 -> 0 | F18: 1-GAS | N18: 1 | O18: oxygenated | P18: 0.64499028 | R18: 13 | S18: 5 | T18: CYCLOPENTANE | V18: C5-N | W18: =+GETPIVOTDATA("mol",$N$17,"Cn",5,"Class","Naphthene") -> 0.0084192679 | X18: =+W18*S18 -> 0.042096339 | Y18: =X18*$Y$4 -> 0.021368586 | Z18: =+X18*$Z$4 -> 0.020727753 | AA18: =+Y18/$AA$3 -> 0.00040522141 | AB18: =+Z18/$AB$3 -> 0.00012579686 | AH18: 13 | AI18: 1.2131724
B19: ='5% CO'!B34 -> 5 | C19: ='5% CO'!H34 -> Olefin | D19: ='5% CO'!C34 -> 2-Pentene | E19: ='5% CO'!G34 -> 0 | F19: 1-GAS | N19: 1 | O19: paraffin | P19: 11.284207 | R19: 14 | S19: 6 | T19: 2,2-DIMETHYL-BUTANE | U19: C6H14-4 | V19: C6-IP | W19: =+GETPIVOTDATA("mol",$N$17,"Cn",6,"Class","iso-paraffin") -> 0.41390825 | X19: =+W19*S19 -> 2.4834495 | Y19: =X19*$Y$4 -> 1.2606276 | Z19: =+X19*$Z$4 -> 1.222822 | AA19: =+Y19/$AA$3 -> 0.023905806 | AB19: =+Z19/$AB$3 -> 0.0074213141 | AH19: 14 | AI19: 1.0157766
B20: ='5% CO'!B30 -> 5 | C20: ='5% CO'!H30 -> Olefin | D20: ='5% CO'!C30 -> 3-Metilbut-1-ene | E20: ='5% CO'!G30 -> 0.2265845 | F20: 1-GAS | N20: 2 | O20: Olefin | P20: 2.9665606 | R20: 15 | S20: 6 | T20: N-HEXANE | U20: C6H14-1 | V20: C6 | W20: =+GETPIVOTDATA("mol",$N$17,"Cn",6,"Class","paraffin") -> 0.0050046801 | X20: =+W20*S20 -> 0.03002808 | Y20: =X20*$Y$4 -> 0.015242599 | Z20: =+X20*$Z$4 -> 0.014785481 | AA20: =+Y20/$AA$3 -> 0.00028905176 | AB20: =+Z20/$AB$3 -> 8.9733177e-05 | AH20: 15 | AI20: 0.95859804
B21: ='5% CO'!B35 -> 5 | C21: ='5% CO'!H35 -> paraffin | D21: ='5% CO'!C35 -> *Pentano | E21: ='5% CO'!G35 -> 0.12759231 | F21: 1-GAS | N21: 2 | O21: oxygenated | P21: 0 | R21: 16 | S21: 6 | T21: 2-METHYL-1-PENTENE | U21: C6H12-D2 | V21: C6-O | W21: =+GETPIVOTDATA("mol",$N$17,"Cn",6,"Class","Olefin") -> 0.42227517 | X21: =+W21*S21 -> 2.533651 | Y21: =X21*$Y$4 -> 1.2861104 | Z21: =+X21*$Z$4 -> 1.2475406 | AA21: =+Y21/$AA$3 -> 0.024389048 | AB21: =+Z21/$AB$3 -> 0.0075713317 | AH21: 16 | AI21: 0.94217219
B22: ='5% CO'!B37 -> 6 | C22: ='5% CO'!H37 -> iso-paraffin | D22: ='5% CO'!C37 -> 2,2-Dimetilbutano | E22: ='5% CO'!G37 -> 0.14337231 | F22: 1-GAS | N22: 2 | O22: paraffin | P22: 0.75254128 | R22: 17 | S22: 6 | T22: BENZENE | V22: C6-A | W22: =+GETPIVOTDATA("mol",$N$17,"Cn",6,"Class","Aromatic") -> 0.0022556645 | X22: =+W22*S22 -> 0.013533987 | Y22: =X22*$Y$4 -> 0.0068700077 | Z22: =+X22*$Z$4 -> 0.0066639795 | AA22: =+Y22/$AA$3 -> 0.00013027882 | AB22: =+Z22/$AB$3 -> 4.0443733e-05 | AH22: 17 | AI22: 0.78278546
B23: ='5% CO'!B40 -> 6 | C23: ='5% CO'!H40 -> Olefin | D23: ='5% CO'!C40 -> 1-Esene | E23: ='5% CO'!G40 -> 1.9141242e-05 | F23: 1-GAS | N23: 3 | O23: Olefin | P23: 2.9824519 | R23: 18 | S23: 6 | T23: CYCLOHEXANE | V23: C6-N | W23: =+GETPIVOTDATA("mol",$N$17,"Cn",6,"Class","Naphthene") -> 0.027183577 | X23: =+W23*S23 -> 0.16310146 | Y23: =X23*$Y$4 -> 0.08279218 | Z23: =+X23*$Z$4 -> 0.080309283 | AA23: =+Y23/$AA$3 -> 0.0015700226 | AB23: =+Z23/$AB$3 -> 0.00048739754 | AH23: 18 | AI23: 0.70287139
B24: ='5% CO'!B36 -> 6 | C24: ='5% CO'!H36 -> Olefin | D24: ='5% CO'!C36 -> 2-Metilbut-2-ene | E24: ='5% CO'!G36 -> 0.010782087 | F24: 1-GAS | N24: 3 | O24: paraffin | P24: 0.32611294 | R24: 19 | S24: 7 | T24: N-HEPTANE | U24: C7H16-1 | V24: C7 | W24: =+GETPIVOTDATA("mol",$N$17,"Cn",7,"Class","paraffin") -> 3.6542649e-05 | X24: =+W24*S24 -> 0.00025579855 | Y24: =X24*$Y$4 -> 0.00012984629 | Z24: =+X24*$Z$4 -> 0.00012595226 | AA24: =+Y24/$AA$3 -> 2.4623292e-06 | AB24: =+Z24/$AB$3 -> 7.6440505e-07 | AH24: 19 | AI24: 0.33506056
B25: ='5% CO'!B42 -> 6 | C25: ='5% CO'!H42 -> Olefin | D25: ='5% CO'!C42 -> 2,3-Dimetilbut-2-ene | E25: ='5% CO'!G42 -> 2.3569675e-05 | F25: 1-GAS | N25: 4 | O25: iso-paraffin | P25: 0.0069756426 | R25: 20 | S25: 7 | T25: 2-METHYLHEXANE | U25: C7H16-2 | V25: C7-IP | W25: =+GETPIVOTDATA("mol",$N$17,"Cn",7,"Class","iso-paraffin") -> 0.23071816 | X25: =+W25*S25 -> 1.6150272 | Y25: =X25*$Y$4 -> 0.81980637 | Z25: =+X25*$Z$4 -> 0.79522078 | AA25: =+Y25/$AA$3 -> 0.01554633 | AB25: =+Z25/$AB$3 -> 0.0048261999 | AH25: 20 | AI25: 0.27711775
B26: ='5% CO'!B38 -> 6 | C26: ='5% CO'!H38 -> Olefin | D26: ='5% CO'!C38 -> 3-Metilpent-1-ene | E26: ='5% CO'!G38 -> 0 | F26: 1-GAS | N26: 4 | O26: Olefin | P26: 1.7628374 | R26: 21 | S26: 7 | T26: 1-HEPTENE | U26: C7H14-7 | V26: C7-O | W26: =+GETPIVOTDATA("mol",$N$17,"Cn",7,"Class","Olefin") -> 0.16140389 | X26: =+W26*S26 -> 1.1298273 | Y26: =X26*$Y$4 -> 0.57351332 | Z26: =+X26*$Z$4 -> 0.55631394 | AA26: =+Y26/$AA$3 -> 0.010875772 | AB26: =+Z26/$AB$3 -> 0.0033762728 | AH26: 21 | AI26: 0.26452149
B27: ='5% CO'!B39 -> 6 | C27: ='5% CO'!H39 -> Olefin | D27: ='5% CO'!C39 -> 4-Metilpent-2-ene | E27: ='5% CO'!G39 -> 0.30171511 | F27: 1-GAS | N27: 4 | O27: paraffin | P27: 0.23449561 | R27: 22 | S27: 7 | T27: TOLUENE | U27: C7H8 | V27: C7-A | W27: =+GETPIVOTDATA("mol",$N$17,"Cn",7,"Class","Aromatic") -> 0.0060310831 | X27: =+W27*S27 -> 0.042217581 | Y27: =X27*$Y$4 -> 0.02143013 | Z27: =+X27*$Z$4 -> 0.020787451 | AA27: =+Y27/$AA$3 -> 0.00040638849 | AB27: =+Z27/$AB$3 -> 0.00012615917 | AH27: 22 | AI27: 0.24940598
B28: ='5% CO'!B41 -> 6 | C28: ='5% CO'!H41 -> paraffin | D28: ='5% CO'!C41 -> Esano | E28: ='5% CO'!G41 -> 0.0019313371 | F28: 1-GAS | N28: 5 | O28: iso-paraffin | P28: 0.020128986 | R28: 23 | S28: 7 | T28: 1c,3-Dimethylcyclopentane | V28: C7-N | W28: =+GETPIVOTDATA("mol",$N$17,"Cn",7,"Class","Naphthene") -> 0.024547269 | X28: =+W28*S28 -> 0.17183089 | Y28: =X28*$Y$4 -> 0.087223335 | Z28: =+X28*$Z$4 -> 0.08460755 | AA28: =+Y28/$AA$3 -> 0.0016540525 | AB28: =+Z28/$AB$3 -> 0.00051348375 | AH28: 23 | AI28: 0.23177121
B29: ='5% CO'!B9 -> 7 | C29: ='5% CO'!H9 -> Aromatic | D29: ='5% CO'!C9 -> Toluene | E29: ='5% CO'!G9 -> 0 | F29: 1-GAS | N29: 5 | O29: Naphthene | P29: 0.0084192679 | R29: 24 | S29: 8 | T29: N-OCTANE | U29: C8H18-1 | V29: C8 | W29: =+GETPIVOTDATA("mol",$N$17,"Cn",8,"Class","paraffin") -> 0.016684247 | X29: =+W29*S29 -> 0.13347398 | Y29: =X29*$Y$4 -> 0.067752928 | Z29: =+X29*$Z$4 -> 0.06572105 | AA29: =+Y29/$AA$3 -> 0.001284827 | AB29: =+Z29/$AB$3 -> 0.00039886146 | AH29: 24 | AI29: 0.22673271
B30: ='5% CO'!B43 -> 7 | C30: ='5% CO'!H43 -> iso-paraffin | D30: ='5% CO'!C43 -> 2,2-Dimetilpentano | E30: ='5% CO'!G43 -> 8.7957754e-06 | F30: 1-GAS | N30: 5 | O30: Olefin | P30: 1.3749474 | R30: 25 | S30: 8 | T30: 2,2,4-TRIMETHYLPENTANE | U30: C8H18-13 | V30: C8-IP | W30: =+GETPIVOTDATA("mol",$N$17,"Cn",8,"Class","iso-paraffin") -> 0.096330974 | X30: =+W30*S30 -> 0.77064779 | Y30: =X30*$Y$4 -> 0.39118969 | Z30: =+X30*$Z$4 -> 0.3794581 | AA30: =+Y30/$AA$3 -> 0.0074182931 | AB30: =+Z30/$AB$3 -> 0.0023029336 | AH30: 25 | AI30: 0.20468925
B31: ='5% CO'!B45 -> 7 | C31: ='5% CO'!H45 -> Olefin | D31: ='5% CO'!C45 -> 1-eptene | E31: ='5% CO'!G45 -> 0.00030511255 | F31: 1-GAS | N31: 5 | O31: paraffin | P31: 0.15138393 | R31: 26 | S31: 8 | T31: 1-OCTENE | U31: C8H16-16 | V31: C8-O | W31: =+GETPIVOTDATA("mol",$N$17,"Cn",8,"Class","Olefin") -> 0.26445693 | X31: =+W31*S31 -> 2.1156554 | Y31: =X31*$Y$4 -> 1.0739311 | Z31: =+X31*$Z$4 -> 1.0417244 | AA31: =+Y31/$AA$3 -> 0.020365402 | AB31: =+Z31/$AB$3 -> 0.0063222318 | AH31: 26 | AI31: 0.18012654
B32: ='5% CO'!B47 -> 7 | C32: ='5% CO'!H47 -> Olefin | D32: ='5% CO'!C47 -> 2-Eptene | E32: ='5% CO'!G47 -> 3.9947619e-06 | F32: 1-GAS | N32: 6 | O32: Aromatic | P32: 0.0022556645 | R32: 27 | S32: 8 | T32: 1-METHYL-1-ETHYLCYCLOPENTANE | U32: C8H16-13 | V32: C8-N | W32: =+GETPIVOTDATA("mol",$N$17,"Cn",8,"Class","Naphthene") -> 0.043241089 | X32: =+W32*S32 -> 0.34592871 | Y32: =X32*$Y$4 -> 0.1755974 | Z32: =+X32*$Z$4 -> 0.17033132 | AA32: =+Y32/$AA$3 -> 0.0033299266 | AB32: =+Z32/$AB$3 -> 0.0010337418 | AH32: 27 | AI32: 0.15304458
B33: ='5% CO'!B44 -> 7 | C33: ='5% CO'!H44 -> Olefin | D33: ='5% CO'!C44 -> 2-Metiles-1-ene | E33: ='5% CO'!G44 -> 6.5715586e-05 | F33: 1-GAS | N33: 6 | O33: iso-paraffin | P33: 0.41390825 | R33: 28 | S33: 8 | T33: M-XYLENE | U33: C8H10-2 | V33: C8-A | W33: =+GETPIVOTDATA("mol",$N$17,"Cn",8,"Class","Aromatic") -> 0.092257204 | X33: =+W33*S33 -> 0.73805764 | Y33: =X33*$Y$4 -> 0.37464655 | Z33: =+X33*$Z$4 -> 0.36341108 | AA33: =+Y33/$AA$3 -> 0.0071045787 | AB33: =+Z33/$AB$3 -> 0.0022055441 | AH33: Totale complessivo | AI33: 77.437734
B34: ='5% CO'!B46 -> 7 | C34: ='5% CO'!H46 -> paraffin | D34: ='5% CO'!C46 -> Eptano | E34: ='5% CO'!G46 -> 3.6542649e-05 | F34: 1-GAS | N34: 6 | O34: Naphthene | P34: 0.027183577 | R34: 29 | S34: 9 | T34: N-NONANE | U34: C9H20-1 | V34: C9 | W34: =+GETPIVOTDATA("mol",$N$17,"Cn",9,"Class","paraffin") -> 0.039737779 | X34: =+W34*S34 -> 0.35764001 | Y34: =X34*$Y$4 -> 0.18154219 | Z34: =+X34*$Z$4 -> 0.17609783 | AA34: =+Y34/$AA$3 -> 0.0034426601 | AB34: =+Z34/$AB$3 -> 0.0010687388
B35: ='5% CO'!B13 -> 8 | C35: ='5% CO'!H13 -> Aromatic | D35: ='5% CO'!C13 -> Etilbenzene | E35: ='5% CO'!G13 -> 0 | F35: 1-GAS | N35: 6 | O35: Olefin | P35: 0.42227517 | R35: 30 | S35: 9 | T35: 3-METHYLOCTANE | U35: C9H20-D2 | V35: C9-IP | W35: =+GETPIVOTDATA("mol",$N$17,"Cn",9,"Class","iso-paraffin") -> 0.25327729 | X35: =+W35*S35 -> 2.2794956 | Y35: =X35*$Y$4 -> 1.1570982 | Z35: =+X35*$Z$4 -> 1.1223974 | AA35: =+Y35/$AA$3 -> 0.021942536 | AB35: =+Z35/$AB$3 -> 0.0068118369
B36: ='5% CO'!B12 -> 8 | C36: ='5% CO'!H12 -> Aromatic | D36: ='5% CO'!C12 -> m-Xilene | E36: ='5% CO'!G12 -> 0.042434939 | F36: 1-GAS | N36: 6 | O36: paraffin | P36: 0.0050046801 | R36: 31 | S36: 9 | T36: 1-NONENE | U36: C9H18-3 | V36: C9-O | W36: =+GETPIVOTDATA("mol",$N$17,"Cn",9,"Class","Olefin") -> 0.046675338 | X36: =+W36*S36 -> 0.42007805 | Y36: =X36*$Y$4 -> 0.21323645 | Z36: =+X36*$Z$4 -> 0.20684159 | AA36: =+Y36/$AA$3 -> 0.0040436917 | AB36: =+Z36/$AB$3 -> 0.0012553229
B37: ='5% CO'!B14 -> 8 | C37: ='5% CO'!H14 -> Aromatic | D37: ='5% CO'!C14 -> o-Xilene | E37: ='5% CO'!G14 -> 0 | F37: 1-GAS | N37: 7 | O37: Aromatic | P37: 0.0060310831 | R37: 32 | S37: 9 | T37: ISOPROPYLCYCLOHEXANE | U37: C9H18-2 | V37: C9-N | W37: =+GETPIVOTDATA("mol",$N$17,"Cn",9,"Class","Naphthene") -> 0.026312327 | X37: =+W37*S37 -> 0.23681094 | Y37: =X37*$Y$4 -> 0.12020796 | Z37: =+X37*$Z$4 -> 0.11660298 | AA37: =+Y37/$AA$3 -> 0.0022795536 | AB37: =+Z37/$AB$3 -> 0.00070766422
B38: ='5% CO'!B11 -> 8 | C38: ='5% CO'!H11 -> Aromatic | D38: ='5% CO'!C11 -> p-Xilene | E38: ='5% CO'!G11 -> 2.7440082e-07 | F38: 1-GAS | N38: 7 | O38: iso-paraffin | P38: 0.23071816 | R38: 33 | S38: 9 | T38: INDANE | U38: C9H10-E1 | V38: C9-A | W38: =+GETPIVOTDATA("mol",$N$17,"Cn",9,"Class","Aromatic") -> 0.096083937 | X38: =+W38*S38 -> 0.86475543 | Y38: =X38*$Y$4 -> 0.43895981 | Z38: =+X38*$Z$4 -> 0.42579562 | AA38: =+Y38/$AA$3 -> 0.0083241778 | AB38: =+Z38/$AB$3 -> 0.0025841563
B39: ='5% CO'!B8 -> 8 | C39: ='5% CO'!H8 -> Olefin | D39: ='5% CO'!C8 -> Ottene | E39: ='5% CO'!G8 -> 0 | F39: 1-GAS | N39: 7 | O39: Naphthene | P39: 0.024547269 | R39: 34 | S39: 10 | T39: N-DECANE | U39: C10H22-1 | V39: C10 | W39: =+GETPIVOTDATA("mol",$N$17,"Cn",10,"Class","paraffin") -> 0.054094227 | X39: =+W39*S39 -> 0.54094227 | Y39: =X39*$Y$4 -> 0.27458852 | Z39: =+X39*$Z$4 -> 0.26635375 | AA39: =+Y39/$AA$3 -> 0.0052071366 | AB39: =+Z39/$AB$3 -> 0.0016165025
B40: ='5% CO'!B10 -> 9 | C40: ='5% CO'!H10 -> Aromatic | D40: ='5% CO'!C10 -> Nonene | E40: ='5% CO'!G10 -> 0.030331315 | F40: 1-GAS | N40: 7 | O40: Olefin | P40: 0.16140389 | R40: 35 | S40: 10 | T40: 2-METHYLNONANE | U40: C10H22-E2 | V40: C10-IP | W40: =+GETPIVOTDATA("mol",$N$17,"Cn",10,"Class","iso-paraffin") -> 0.086098715 | X40: =+W40*S40 -> 0.86098715 | Y40: =X40*$Y$4 -> 0.43704699 | Z40: =+X40*$Z$4 -> 0.42394016 | AA40: =+Y40/$AA$3 -> 0.0082879042 | AB40: =+Z40/$AB$3 -> 0.0025728955
B41: ='5% CO'!B15 -> 9 | C41: ='5% CO'!H15 -> Aromatic | D41: ='5% CO'!C15 -> Trimetilbenzene | E41: ='5% CO'!G15 -> 0 | F41: 1-GAS | N41: 7 | O41: paraffin | P41: 3.6542649e-05 | R41: 36 | S41: 10 | T41: 1-DECENE | U41: C10H20-5 | V41: C10-O | W41: =+GETPIVOTDATA("mol",$N$17,"Cn",10,"Class","Olefin") -> 0.093934821 | X41: =+W41*S41 -> 0.93934821 | Y41: =X41*$Y$4 -> 0.47682396 | Z41: =+X41*$Z$4 -> 0.46252425 | AA41: =+Y41/$AA$3 -> 0.0090422115 | AB41: =+Z41/$AB$3 -> 0.0028070625
B42: ='5% CO'!B16 -> 10 | C42: ='5% CO'!H16 -> Olefin | D42: ='5% CO'!C16 -> Decene | E42: ='5% CO'!G16 -> 4.9085231e-07 | F42: 1-GAS | N42: 8 | O42: Aromatic | P42: 0.092257204 | R42: 37 | S42: 10 | T42: 1-PROPYL-1-METHYLCYCLOHEXANE | U42: C10H20-N24 | V42: C10-N | W42: =+GETPIVOTDATA("mol",$N$17,"Cn",10,"Class","Naphthene") -> 0.054649113 | X42: =+W42*S42 -> 0.54649113 | Y42: =X42*$Y$4 -> 0.27740519 | Z42: =+X42*$Z$4 -> 0.26908594 | AA42: =+Y42/$AA$3 -> 0.0052605501 | AB42: =+Z42/$AB$3 -> 0.0016330842
B43: ='5% CO'!B17 -> 10 | C43: ='5% CO'!H17 -> paraffin | D43: ='5% CO'!C17 -> Decano | E43: ='5% CO'!G17 -> 0.0043389939 | F43: 1-GAS | N43: 8 | O43: iso-paraffin | P43: 0.096330974 | R43: 38 | S43: 10 | T43: 1,2-DIMETHYL-3-ETHYLBENZENE | U43: C10H14-D3 | V43: C10-A | W43: =+GETPIVOTDATA("mol",$N$17,"Cn",10,"Class","Aromatic") -> 0.066897371 | X43: =+W43*S43 -> 0.66897371 | Y43: =X43*$Y$4 -> 0.33957876 | Z43: =+X43*$Z$4 -> 0.32939495 | AA43: =+Y43/$AA$3 -> 0.0064395735 | AB43: =+Z43/$AB$3 -> 0.0019991
A44: DHA | B44: =+'5% CO'!T2 -> 3 | C44: =+'5% CO'!U2 -> paraffin | D44: =+'5% CO'!R2 -> Propane | E44: =+'5% CO'!Z2 -> 0.019883683 | F44: 2-DHA | N44: 8 | O44: Naphthene | P44: 0.043241089 | R44: 39 | S44: 11 | T44: N-UNDECANE | U44: C11H24 | V44: C11 | W44: =+GETPIVOTDATA("mol",$N$17,"Cn",11,"Class","paraffin") -> 0.059630685 | X44: =+W44*S44 -> 0.65593754 | Y44: =X44*$Y$4 -> 0.33296144 | Z44: =+X44*$Z$4 -> 0.32297609 | AA44: =+Y44/$AA$3 -> 0.0063140866 | AB44: =+Z44/$AB$3 -> 0.0019601439
B45: =+'5% CO'!T5 -> 4 | C45: =+'5% CO'!U5 -> iso-paraffin | D45: =+'5% CO'!R5 -> i-Butane | E45: =+'5% CO'!Z5 -> 0.0069756426 | F45: 2-DHA | N45: 8 | O45: Olefin | P45: 0.26445693 | R45: 40 | S45: 11 | T45: 3-ETHYLNONANE | U45: C11H24-N8 | V45: C11-IP | W45: =+GETPIVOTDATA("mol",$N$17,"Cn",11,"Class","iso-paraffin") -> 0.089186156 | X45: =+W45*S45 -> 0.98104772 | Y45: =X45*$Y$4 -> 0.49799112 | Z45: =+X45*$Z$4 -> 0.4830566 | AA45: =+Y45/$AA$3 -> 0.009443613 | AB45: =+Z45/$AB$3 -> 0.0029316735
B46: =+'5% CO'!T3 -> 4 | C46: =+'5% CO'!U3 -> Olefin | D46: =+'5% CO'!R3 -> Butene-1 | E46: =+'5% CO'!Z3 -> 0.12502021 | F46: 2-DHA | N46: 8 | O46: paraffin | P46: 0.016684247 | R46: 41 | S46: 11 | T46: 1-ETHYL-2-ISOPROPYLBENZENE | U46: C11H16-D1 | V46: C11-A | W46: =+GETPIVOTDATA("mol",$N$17,"Cn",11,"Class","Aromatic") -> 0.035749463 | X46: =+W46*S46 -> 0.3932441 | Y46: =X46*$Y$4 -> 0.19961523 | Z46: =+X46*$Z$4 -> 0.19362887 | AA46: =+Y46/$AA$3 -> 0.0037853868 | AB46: =+Z46/$AB$3 -> 0.0011751348
B47: =+'5% CO'!T4 -> 4 | C47: =+'5% CO'!U4 -> paraffin | D47: =+'5% CO'!R4 -> n-Butane | E47: =+'5% CO'!Z4 -> 0.011946563 | F47: 2-DHA | N47: 9 | O47: Aromatic | P47: 0.096083937 | R47: 42 | S47: 11 | T47: Undecene-1 | V47: C11-O | W47: =+GETPIVOTDATA("mol",$N$17,"Cn",11,"Class","Olefin") -> 0.05742076 | X47: =+W47*S47 -> 0.63162836 | Y47: =X47*$Y$4 -> 0.32062183 | Z47: =+X47*$Z$4 -> 0.31100654 | AA47: =+Y47/$AA$3 -> 0.0060800853 | AB47: =+Z47/$AB$3 -> 0.0018875006
B48: =+'5% CO'!T8 -> 5 | C48: =+'5% CO'!U8 -> iso-paraffin | D48: =+'5% CO'!R8 -> (C5-IsoParaffin) | E48: =+'5% CO'!Z8 -> 0.020128986 | F48: 2-DHA | N48: 9 | O48: iso-paraffin | P48: 0.25327729 | R48: 43 | S48: 12 | T48: 2-METHYLUNDECANE | U48: C12H26-N9 | V48: C12-IP | W48: =+GETPIVOTDATA("mol",$N$17,"Cn",12,"Class","iso-paraffin") -> 0.062865371 | X48: =+W48*S48 -> 0.75438445 | Y48: =X48*$Y$4 -> 0.38293423 | Z48: =+X48*$Z$4 -> 0.37145022 | AA48: =+Y48/$AA$3 -> 0.0072617414 | AB48: =+Z48/$AB$3 -> 0.0022543337
B49: =+'5% CO'!T9 -> 5 | C49: =+'5% CO'!U9 -> Naphthene | D49: =+'5% CO'!R9 -> Cyclopentane | E49: =+'5% CO'!Z9 -> 0.0084192679 | F49: 2-DHA | N49: 9 | O49: Naphthene | P49: 0.026312327 | R49: 44 | S49: 12 | T49: N-DODECANE | U49: C12H26 | V49: C12 | W49: =+GETPIVOTDATA("mol",$N$17,"Cn",12,"Class","paraffin") -> 0.066130373 | X49: =+W49*S49 -> 0.79356448 | Y49: =X49*$Y$4 -> 0.40282246 | Z49: =+X49*$Z$4 -> 0.39074201 | AA49: =+Y49/$AA$3 -> 0.0076388902 | AB49: =+Z49/$AB$3 -> 0.0023714157
B50: =+'5% CO'!T6 -> 5 | C50: =+'5% CO'!U6 -> Olefin | D50: =+'5% CO'!R6 -> 1,4-Pentadiene | E50: =+'5% CO'!Z6 -> 0.27042034 | F50: 2-DHA | N50: 9 | O50: Olefin | P50: 0.046675338 | R50: 45 | S50: 12 | T50: 1-DODECENE | U50: C12H24-2 | V50: C12-O | W50: =+GETPIVOTDATA("mol",$N$17,"Cn",12,"Class","Olefin") -> 0.0061748817 | X50: =+W50*S50 -> 0.07409858 | Y50: =X50*$Y$4 -> 0.037613292 | Z50: =+X50*$Z$4 -> 0.036485288 | AA50: =+Y50/$AA$3 -> 0.00071327653 | AB50: =+Z50/$AB$3 -> 0.00022142944
B51: =+'5% CO'!T7 -> 5 | C51: =+'5% CO'!U7 -> paraffin | D51: =+'5% CO'!R7 -> n-Pentane | E51: =+'5% CO'!Z7 -> 0.023791622 | F51: 2-DHA | N51: 9 | O51: paraffin | P51: 0.039737779 | R51: 46 | S51: 12 | T51: 1,2,4-TRIETHYLBENZENE | U51: C12H18-D6 | V51: C12-A | W51: =+GETPIVOTDATA("mol",$N$17,"Cn",12,"Class","Aromatic") -> 0.021764343 | X51: =+W51*S51 -> 0.26117212 | Y51: =X51*$Y$4 -> 0.13257397 | Z51: =+X51*$Z$4 -> 0.12859814 | AA51: =+Y51/$AA$3 -> 0.0025140555 | AB51: =+Z51/$AB$3 -> 0.00078046294
B52: =+'5% CO'!T14 -> 6 | C52: =+'5% CO'!U14 -> Aromatic | D52: =+'5% CO'!R14 -> Benzene | E52: =+'5% CO'!Z14 -> 0.0022556645 | F52: 2-DHA | N52: 10 | O52: Aromatic | P52: 0.066897371 | R52: 47 | S52: 12 | V52: C12-N | W52: =+GETPIVOTDATA("mol",$N$17,"Cn",12,"Class","Naphthene") -> 0.0056560788 | X52: =+W52*S52 -> 0.067872946 | Y52: =X52*$Y$4 -> 0.034453089 | Z52: =+X52*$Z$4 -> 0.033419857 | AA52: =+Y52/$AA$3 -> 0.00065334828 | AB52: =+Z52/$AB$3 -> 0.00020282532
B53: =+'5% CO'!T10 -> 6 | C53: =+'5% CO'!U10 -> iso-paraffin | D53: =+'5% CO'!R10 -> 3-Methylpentane | E53: =+'5% CO'!Z10 -> 0.27053595 | F53: 2-DHA | N53: 10 | O53: iso-paraffin | P53: 0.086098715 | R53: 48 | S53: 13 | T53: 2-METHYLDODECANE | U53: C13H28-N1 | V53: C13-IP | W53: =+GETPIVOTDATA("mol",$N$17,"Cn",13,"Class","iso-paraffin") -> 0.022708903 | X53: =+W53*S53 -> 0.29521574 | Y53: =X53*$Y$4 -> 0.14985491 | Z53: =+X53*$Z$4 -> 0.14536083 | AA53: =+Y53/$AA$3 -> 0.002841761 | AB53: =+Z53/$AB$3 -> 0.00088219578
B54: =+'5% CO'!T12 -> 6 | C54: =+'5% CO'!U12 -> Naphthene | D54: =+'5% CO'!R12 -> Cyclohexane | E54: =+'5% CO'!Z12 -> 0.027183577 | F54: 2-DHA | N54: 10 | O54: Naphthene | P54: 0.054649113 | R54: 49 | S54: 13 | T54: 1-TRIDECENE | U54: C13H26-2 | V54: C13-O | W54: =+GETPIVOTDATA("mol",$N$17,"Cn",13,"Class","Olefin") -> 0.0019624281 | X54: =+W54*S54 -> 0.025511566 | Y54: =X54*$Y$4 -> 0.012949965 | Z54: =+X54*$Z$4 -> 0.012561601 | AA54: =+Y54/$AA$3 -> 0.00024557557 | AB54: =+Z54/$AB$3 -> 7.6236437e-05
B55: =+'5% CO'!T11 -> 6 | C55: =+'5% CO'!U11 -> Olefin | D55: =+'5% CO'!R11 -> 1t,4-Hexadiene | E55: =+'5% CO'!Z11 -> 0.10973526 | F55: 2-DHA | N55: 10 | O55: Olefin | P55: 0.093934821 | R55: 50 | S55: 13 | T55: N-TRIDECANE | U55: C13H28 | V55: C13 | W55: =+GETPIVOTDATA("mol",$N$17,"Cn",13,"Class","paraffin") -> 0.068649625 | X55: =+W55*S55 -> 0.89244513 | Y55: =X55*$Y$4 -> 0.45301542 | Z55: =+X55*$Z$4 -> 0.43942971 | AA55: =+Y55/$AA$3 -> 0.0085907202 | AB55: =+Z55/$AB$3 -> 0.0026669016
B56: =+'5% CO'!T13 -> 6 | C56: =+'5% CO'!U13 -> paraffin | D56: =+'5% CO'!R13 -> n-Hexane | E56: =+'5% CO'!Z13 -> 0.0030733429 | F56: 2-DHA | N56: 10 | O56: paraffin | P56: 0.054094227 | R56: 51 | S56: 14 | T56: 2-METHYLTRIDECANE | U56: C14H30-N1 | V56: C14-IP | W56: =+GETPIVOTDATA("mol",$N$17,"Cn",14,"Class","iso-paraffin") -> 0.0051654718 | X56: =+W56*S56 -> 0.072316605 | Y56: =X56*$Y$4 -> 0.036708741 | Z56: =+X56*$Z$4 -> 0.035607864 | AA56: =+Y56/$AA$3 -> 0.00069612316 | AB56: =+Z56/$AB$3 -> 0.00021610435
B57: =+'5% CO'!T18 -> 7 | C57: =+'5% CO'!U18 -> Aromatic | D57: =+'5% CO'!R18 -> Toluene | E57: =+'5% CO'!Z18 -> 0.0060310831 | F57: 2-DHA | N57: 11 | O57: Aromatic | P57: 0.035749463 | R57: 52 | S57: 14 | T57: N-TETRADECANE | U57: C14H30 | V57: C14 | W57: =+GETPIVOTDATA("mol",$N$17,"Cn",14,"Class","paraffin") -> 0.067389999 | X57: =+W57*S57 -> 0.94345999 | Y57: =X57*$Y$4 -> 0.47891115 | Z57: =+X57*$Z$4 -> 0.46454884 | AA57: =+Y57/$AA$3 -> 0.0090817917 | AB57: =+Z57/$AB$3 -> 0.0028193498
B58: =+'5% CO'!T15 -> 7 | C58: =+'5% CO'!U15 -> iso-paraffin | D58: =+'5% CO'!R15 -> 3-Ethylpentane | E58: =+'5% CO'!Z15 -> 0.23070937 | F58: 2-DHA | N58: 11 | O58: iso-paraffin | P58: 0.089186156 | R58: 53 | S58: 15 | T58: 2-METHYLTETRADECANE | U58: C15H32-N1 | V58: C15-IP | W58: =+GETPIVOTDATA("mol",$N$17,"Cn",15,"Class","iso-paraffin") -> 0.0040742941 | X58: =+W58*S58 -> 0.061114411 | Y58: =X58*$Y$4 -> 0.031022379 | Z58: =+X58*$Z$4 -> 0.030092033 | AA58: =+Y58/$AA$3 -> 0.00058829029 | AB58: =+Z58/$AB$3 -> 0.00018262873
B59: =+'5% CO'!T17 -> 7 | C59: =+'5% CO'!U17 -> Naphthene | D59: =+'5% CO'!R17 -> 1c,3-Dimethylcyclopentane | E59: =+'5% CO'!Z17 -> 0.024547269 | F59: 2-DHA | N59: 11 | O59: Olefin | P59: 0.05742076 | R59: 54 | S59: 15 | T59: N-PENTADECANE | U59: C15H32 | V59: C15 | W59: =+GETPIVOTDATA("mol",$N$17,"Cn",15,"Class","paraffin") -> 0.059832242 | X59: =+W59*S59 -> 0.89748363 | Y59: =X59*$Y$4 -> 0.45557302 | Z59: =+X59*$Z$4 -> 0.44191061 | AA59: =+Y59/$AA$3 -> 0.0086392211 | AB59: =+Z59/$AB$3 -> 0.0026819582
B60: =+'5% CO'!T16 -> 7 | C60: =+'5% CO'!U16 -> Olefin | D60: =+'5% CO'!R16 -> 2,4-Dimethylpentene-1 | E60: =+'5% CO'!Z16 -> 0.16102907 | F60: 2-DHA | N60: 11 | O60: paraffin | P60: 0.059630685 | R60: 55 | S60: 16 | T60: 2-METHYLPENTADECANE | U60: C16H34-N1 | V60: C16-IP | W60: =+GETPIVOTDATA("mol",$N$17,"Cn",16,"Class","iso-paraffin") -> 0.010390155 | X60: =+W60*S60 -> 0.16624248 | Y60: =X60*$Y$4 -> 0.084386595 | Z60: =+X60*$Z$4 -> 0.081855882 | AA60: =+Y60/$AA$3 -> 0.0016002582 | AB60: =+Z60/$AB$3 -> 0.00049678386
B61: =+'5% CO'!T20 -> 8 | C61: =+'5% CO'!U20 -> Aromatic | D61: =+'5% CO'!R20 -> Ethylbenzene | E61: =+'5% CO'!Z20 -> 0.049821991 | F61: 2-DHA | N61: 12 | O61: Aromatic | P61: 0.021764343 | R61: 56 | S61: 16 | T61: N-HEXADECANE | U61: C16H34 | V61: C16 | W61: =+GETPIVOTDATA("mol",$N$17,"Cn",16,"Class","paraffin") -> 0.048495607 | X61: =+W61*S61 -> 0.77592971 | Y61: =X61*$Y$4 -> 0.39387085 | Z61: =+X61*$Z$4 -> 0.38205886 | AA61: =+Y61/$AA$3 -> 0.0074691371 | AB61: =+Z61/$AB$3 -> 0.0023187176
B62: =+'5% CO'!T21 -> 8 | C62: =+'5% CO'!U21 -> iso-paraffin | D62: =+'5% CO'!R21 -> 2-Methyl-3-ethylpentane | E62: =+'5% CO'!Z21 -> 0.096330974 | F62: 2-DHA | N62: 12 | O62: iso-paraffin | P62: 0.062865371 | R62: 57 | S62: 17 | T62: 14-METHYLHEXADECANE | U62: C17H36-N10 | V62: C17-IP | W62: =+GETPIVOTDATA("mol",$N$17,"Cn",17,"Class","iso-paraffin") -> 0.0038487276 | X62: =+W62*S62 -> 0.06542837 | Y62: =X62*$Y$4 -> 0.033212194 | Z62: =+X62*$Z$4 -> 0.032216176 | AA62: =+Y62/$AA$3 -> 0.00062981667 | AB62: =+Z62/$AB$3 -> 0.00019552017
B63: =+'5% CO'!T22 -> 8 | C63: =+'5% CO'!U22 -> Naphthene | D63: =+'5% CO'!R22 -> 1c,2t,3-Trimethylcyclopentane | E63: =+'5% CO'!Z22 -> 0.043241089 | F63: 2-DHA | N63: 12 | O63: Naphthene | P63: 0.0056560788 | R63: 58 | S63: 17 | T63: N-HEPTADECANE | U63: C17H36 | V63: C17 | W63: =+GETPIVOTDATA("mol",$N$17,"Cn",17,"Class","paraffin") -> 0.042197476 | X63: =+W63*S63 -> 0.71735709 | Y63: =X63*$Y$4 -> 0.36413872 | Z63: =+X63*$Z$4 -> 0.35321838 | AA63: =+Y63/$AA$3 -> 0.0069053143 | AB63: =+Z63/$AB$3 -> 0.0021436845
B64: =+'5% CO'!T19 -> 8 | C64: =+'5% CO'!U19 -> Olefin | D64: =+'5% CO'!R19 -> Octene-1 | E64: =+'5% CO'!Z19 -> 0.26445693 | F64: 2-DHA | N64: 12 | O64: Olefin | P64: 0.0061748817 | R64: 59 | S64: 18 | T64: N-OCTADECANE | U64: C18H38 | V64: C18 | W64: =+GETPIVOTDATA("mol",$N$17,"Cn",18,"Class","paraffin") -> 0.039048411 | X64: =+W64*S64 -> 0.70287139 | Y64: =X64*$Y$4 -> 0.35678561 | Z64: =+X64*$Z$4 -> 0.34608578 | AA64: =+Y64/$AA$3 -> 0.0067658742 | AB64: =+Z64/$AB$3 -> 0.0021003968
B65: =+'5% CO'!T23 -> 8 | C65: =+'5% CO'!U23 -> paraffin | D65: =+'5% CO'!R23 -> n-Octane | E65: =+'5% CO'!Z23 -> 0.00093892036 | F65: 2-DHA | N65: 12 | O65: paraffin | P65: 0.066130373 | R65: 60 | S65: 19 | T65: N-NONADECANE | U65: C19H40 | V65: C19 | W65: =+GETPIVOTDATA("mol",$N$17,"Cn",19,"Class","paraffin") -> 0.017634766 | X65: =+W65*S65 -> 0.33506056 | Y65: =X65*$Y$4 -> 0.1700806 | Z65: =+X65*$Z$4 -> 0.16497996 | AA65: =+Y65/$AA$3 -> 0.0032253092 | AB65: =+Z65/$AB$3 -> 0.0010012644
B66: =+'5% CO'!T26 -> 9 | C66: =+'5% CO'!U26 -> Aromatic | D66: =+'5% CO'!R26 -> 1,3-Methylethylbenzene | E66: =+'5% CO'!Z26 -> 0.065752621 | F66: 2-DHA | N66: 13 | O66: iso-paraffin | P66: 0.022708903 | R66: 61 | S66: 20 | T66: N-EICOSANE | U66: C20H42 | V66: C20 | W66: =+GETPIVOTDATA("mol",$N$17,"Cn",20,"Class","paraffin") -> 0.013855888 | X66: =+W66*S66 -> 0.27711775 | Y66: =X66*$Y$4 -> 0.14066816 | Z66: =+X66*$Z$4 -> 0.13644959 | AA66: =+Y66/$AA$3 -> 0.002667549 | AB66: =+Z66/$AB$3 -> 0.00082811342
B67: =+'5% CO'!T24 -> 9 | C67: =+'5% CO'!U24 -> iso-paraffin | D67: =+'5% CO'!R24 -> I8 (C9) | E67: =+'5% CO'!Z24 -> 0.25327729 | F67: 2-DHA | N67: 13 | O67: Olefin | P67: 0.0019624281 | R67: 62 | S67: 21 | T67: N-HENEICOSANE | U67: C21H44 | V67: C21 | W67: =+GETPIVOTDATA("mol",$N$17,"Cn",21,"Class","paraffin") -> 0.012596262 | X67: =+W67*S67 -> 0.26452149 | Y67: =X67*$Y$4 -> 0.13427415 | Z67: =+X67*$Z$4 -> 0.13024734 | AA67: =+Y67/$AA$3 -> 0.0025462967 | AB67: =+Z67/$AB$3 -> 0.0007904719
B68: =+'5% CO'!T28 -> 9 | C68: =+'5% CO'!U28 -> Naphthene | D68: =+'5% CO'!R28 -> 1,1,3-Trimethylcyclohexane | E68: =+'5% CO'!Z28 -> 0.026312327 | F68: 2-DHA | N68: 13 | O68: paraffin | P68: 0.068649625 | R68: 63 | S68: 22 | T68: N-DOCOSANE | U68: C22H46 | V68: C22 | W68: =+GETPIVOTDATA("mol",$N$17,"Cn",22,"Class","paraffin") -> 0.011336635 | X68: =+W68*S68 -> 0.24940598 | Y68: =X68*$Y$4 -> 0.12660135 | Z68: =+X68*$Z$4 -> 0.12280463 | AA68: =+Y68/$AA$3 -> 0.0024007941 | AB68: =+Z68/$AB$3 -> 0.00074530208
B69: =+'5% CO'!T25 -> 9 | C69: =+'5% CO'!U25 -> Olefin | D69: =+'5% CO'!R25 -> 3,5,5-Trimethylhexene-1 | E69: =+'5% CO'!Z25 -> 0.046675338 | F69: 2-DHA | N69: 14 | O69: iso-paraffin | P69: 0.0051654718 | R69: 64 | S69: 23 | T69: N-TRICOSANE | U69: C23H48 | V69: C23 | W69: =+GETPIVOTDATA("mol",$N$17,"Cn",23,"Class","paraffin") -> 0.010077009 | X69: =+W69*S69 -> 0.23177121 | Y69: =X69*$Y$4 -> 0.11764974 | Z69: =+X69*$Z$4 -> 0.11412148 | AA69: =+Y69/$AA$3 -> 0.002231041 | AB69: =+Z69/$AB$3 -> 0.00069260395
B70: =+'5% CO'!T27 -> 9 | C70: =+'5% CO'!U27 -> paraffin | D70: =+'5% CO'!R27 -> n-Nonane | E70: =+'5% CO'!Z27 -> 0.020213574 | F70: 2-DHA | N70: 14 | O70: paraffin | P70: 0.067389999 | R70: 65 | S70: 24 | T70: N-TETRACOSANE | U70: C24H50 | V70: C24 | W70: =+GETPIVOTDATA("mol",$N$17,"Cn",24,"Class","paraffin") -> 0.0094471961 | X70: =+W70*S70 -> 0.22673271 | Y70: =X70*$Y$4 -> 0.11509213 | Z70: =+X70*$Z$4 -> 0.11164058 | AA70: =+Y70/$AA$3 -> 0.0021825401 | AB70: =+Z70/$AB$3 -> 0.00067754735
B71: =+'5% CO'!T31 -> 10 | C71: =+'5% CO'!U31 -> Aromatic | D71: =+'5% CO'!R31 -> 1,2-Methyl-n-propylbenzene | E71: =+'5% CO'!Z31 -> 0.066897371 | F71: 2-DHA | N71: 15 | O71: iso-paraffin | P71: 0.0040742941 | R71: 66 | S71: 25 | T71: N-PENTACOSANE | U71: C25H52 | V71: C25 | W71: =+GETPIVOTDATA("mol",$N$17,"Cn",25,"Class","paraffin") -> 0.00818757 | X71: =+W71*S71 -> 0.20468925 | Y71: =X71*$Y$4 -> 0.10390262 | Z71: =+X71*$Z$4 -> 0.10078663 | AA71: =+Y71/$AA$3 -> 0.0019703487 | AB71: =+Z71/$AB$3 -> 0.00061167469
B72: =+'5% CO'!T30 -> 10 | C72: =+'5% CO'!U30 -> iso-paraffin | D72: =+'5% CO'!R30 -> I15 (C10) | E72: =+'5% CO'!Z30 -> 0.086098715 | F72: 2-DHA | N72: 15 | O72: paraffin | P72: 0.059832242 | R72: 67 | S72: 26 | T72: N-HEXACOSANE | U72: C26H54 | V72: C26 | W72: =+GETPIVOTDATA("mol",$N$17,"Cn",26,"Class","paraffin") -> 0.0069279438 | X72: =+W72*S72 -> 0.18012654 | Y72: =X72*$Y$4 -> 0.091434305 | Z72: =+X72*$Z$4 -> 0.088692235 | AA72: =+Y72/$AA$3 -> 0.0017339068 | AB72: =+Z72/$AB$3 -> 0.00053827372
B73: =+'5% CO'!T32 -> 10 | C73: =+'5% CO'!U32 -> Naphthene | D73: =+'5% CO'!R32 -> Sec-butylcyclohexane | E73: =+'5% CO'!Z32 -> 0.054649113 | F73: 2-DHA | N73: 16 | O73: iso-paraffin | P73: 0.010390155 | R73: 68 | S73: 27 | T73: N-HEPTACOSANE | U73: C27H56 | V73: C27 | W73: =+GETPIVOTDATA("mol",$N$17,"Cn",27,"Class","paraffin") -> 0.0056683177 | X73: =+W73*S73 -> 0.15304458 | Y73: =X73*$Y$4 -> 0.077687189 | Z73: =+X73*$Z$4 -> 0.075357388 | AA73: =+Y73/$AA$3 -> 0.0014732145 | AB73: =+Z73/$AB$3 -> 0.00045734446
B74: =+'5% CO'!T29 -> 10 | C74: =+'5% CO'!U29 -> Olefin | D74: =+'5% CO'!R29 -> Decene-1 | E74: =+'5% CO'!Z29 -> 0.09393433 | F74: 2-DHA | N74: 16 | O74: paraffin | P74: 0.048495607
B75: =+'5% CO'!T35 -> 11 | C75: =+'5% CO'!U35 -> Aromatic | D75: =+'5% CO'!R35 -> 1,2-Ethyl-i-propylbenzene | E75: =+'5% CO'!Z35 -> 0.035749463 | F75: 2-DHA | N75: 17 | O75: iso-paraffin | P75: 0.0038487276
B76: =+'5% CO'!T34 -> 11 | C76: =+'5% CO'!U34 -> iso-paraffin | D76: =+'5% CO'!R34 -> I26 (C11) | E76: =+'5% CO'!Z34 -> 0.089186156 | F76: 2-DHA | N76: 17 | O76: paraffin | P76: 0.042197476
B77: =+'5% CO'!T33 -> 11 | C77: =+'5% CO'!U33 -> Olefin | D77: =+'5% CO'!R33 -> Undecene-1 | E77: =+'5% CO'!Z33 -> 0.05742076 | F77: 2-DHA | N77: 18 | O77: paraffin | P77: 0.039048411
B78: =+'5% CO'!T36 -> 11 | C78: =+'5% CO'!U36 -> paraffin | D78: =+'5% CO'!R36 -> n-Undecane | E78: =+'5% CO'!Z36 -> 0.0023176953 | F78: 2-DHA | N78: 19 | O78: paraffin | P78: 0.017634766
B79: =+'5% CO'!T40 -> 12 | C79: =+'5% CO'!U40 -> Aromatic | D79: =+'5% CO'!R40 -> 1,3-Di-i-propylbenzene | E79: =+'5% CO'!Z40 -> 0.021764343 | F79: 2-DHA | N79: 20 | O79: paraffin | P79: 0.013855888
B80: =+'5% CO'!T37 -> 12 | C80: =+'5% CO'!U37 -> iso-paraffin | D80: =+'5% CO'!R37 -> I47 (C12) | E80: =+'5% CO'!Z37 -> 0.062865371 | F80: 2-DHA | N80: 21 | O80: paraffin | P80: 0.012596262
B81: =+'5% CO'!T39 -> 12 | C81: =+'5% CO'!U39 -> Naphthene | D81: =+'5% CO'!R39 -> 1t-M-2-(4-MP)cyclopentane | E81: =+'5% CO'!Z39 -> 0.0056560788 | F81: 2-DHA | N81: 22 | O81: paraffin | P81: 0.011336635
B82: =+'5% CO'!T38 -> 12 | C82: =+'5% CO'!U38 -> Olefin | D82: =+'5% CO'!R38 -> Dodecene-1 | E82: =+'5% CO'!Z38 -> 0.0061748817 | F82: 2-DHA | N82: 23 | O82: paraffin | P82: 0.010077009
B83: =+'5% CO'!T41 -> 13 | C83: =+'5% CO'!U41 -> iso-paraffin | D83: =+'5% CO'!R41 -> (C13-IsoParaffin) | E83: =+'5% CO'!Z41 -> 0.022708903 | F83: 2-DHA | N83: 24 | O83: paraffin | P83: 0.0094471961
B84: =+'5% CO'!T42 -> 13 | C84: =+'5% CO'!U42 -> Olefin | D84: =+'5% CO'!R42 -> Tridecene-1 | E84: =+'5% CO'!Z42 -> 0.0019624281 | F84: 2-DHA | N84: 25 | O84: paraffin | P84: 0.00818757
B85: =+'5% CO'!T43 -> 14 | C85: =+'5% CO'!U43 -> iso-paraffin | D85: =+'5% CO'!R43 -> (C14-IsoParaffin) | E85: =+'5% CO'!Z43 -> 0.0051654718 | F85: 2-DHA | N85: 26 | O85: paraffin | P85: 0.0069279438
B86: =+'5% CO'!T44 -> 15 | C86: =+'5% CO'!U44 -> iso-paraffin | D86: =+'5% CO'!R44 -> (C15-IsoParaffin) | E86: =+'5% CO'!Z44 -> 0.0040742941 | F86: 2-DHA | N86: 27 | O86: paraffin | P86: 0.0056683177
B87: =+'5% CO'!T45 -> 16 | C87: =+'5% CO'!U45 -> iso-paraffin | D87: =+'5% CO'!R45 -> (C16-IsoParaffin) | E87: =+'5% CO'!Z45 -> 0.010390155 | F87: 2-DHA | N87: 28 | O87: paraffin | P87: 0
B88: =+'5% CO'!T46 -> 17 | C88: =+'5% CO'!U46 -> iso-paraffin | D88: =+'5% CO'!R46 -> (C17-IsoParaffin) | E88: =+'5% CO'!Z46 -> 0.0038487276 | F88: 2-DHA | N88: 29 | O88: paraffin | P88: 0
A89: ASTM | B89: =+'5% CO'!AF4 -> 1 | C89: paraffin | D89: C1 | E89: =+'5% CO'!AK4 -> 0 | F89: 3-ASTM | N89: 30 | O89: paraffin | P89: 0
B90: =+'5% CO'!AF5 -> 2 | C90: paraffin | D90: C2 | E90: =+'5% CO'!AK5 -> 0 | F90: 3-ASTM | N90: 31 | O90: paraffin | P90: 0
B91: =+'5% CO'!AF6 -> 3 | C91: paraffin | D91: C3 | E91: =+'5% CO'!AK6 -> 0 | F91: 3-ASTM | N91: 32 | O91: paraffin | P91: 0
B92: =+'5% CO'!AF7 -> 4 | C92: paraffin | D92: C4 | E92: =+'5% CO'!AK7 -> 0 | F92: 3-ASTM | N92: 33 | O92: paraffin | P92: 0
B93: =+'5% CO'!AF8 -> 5 | C93: paraffin | D93: C5 | E93: =+'5% CO'!AK8 -> 0 | F93: 3-ASTM | N93: 34 | O93: paraffin | P93: 0
B94: =+'5% CO'!AF9 -> 6 | C94: paraffin | D94: C6 | E94: =+'5% CO'!AK9 -> 0 | F94: 3-ASTM | N94: 35 | O94: paraffin | P94: 0
B95: =+'5% CO'!AF10 -> 7 | C95: paraffin | D95: C7 | E95: =+'5% CO'!AK10 -> 0 | F95: 3-ASTM | N95: 36 | O95: paraffin | P95: 0
B96: =+'5% CO'!AF11 -> 8 | C96: paraffin | D96: C8 | E96: =+'5% CO'!AK11 -> 0.015745327 | F96: 3-ASTM | N96: 37 | O96: paraffin | P96: 0
B97: =+'5% CO'!AF12 -> 9 | C97: paraffin | D97: C9 | E97: =+'5% CO'!AK12 -> 0.019524205 | F97: 3-ASTM | N97: 38 | O97: paraffin | P97: 0
B98: =+'5% CO'!AF13 -> 10 | C98: paraffin | D98: C10 | E98: =+'5% CO'!AK13 -> 0.049755233 | F98: 3-ASTM | N98: 39 | O98: paraffin | P98: 0
B99: =+'5% CO'!AF14 -> 11 | C99: paraffin | D99: C11 | E99: =+'5% CO'!AK14 -> 0.05731299 | F99: 3-ASTM
B100: =+'5% CO'!AF15 -> 12 | C100: paraffin | D100: C12 | E100: =+'5% CO'!AK15 -> 0.066130373 | F100: 3-ASTM
B101: =+'5% CO'!AF16 -> 13 | C101: paraffin | D101: C13 | E101: =+'5% CO'!AK16 -> 0.068649625 | F101: 3-ASTM
...

Sheet 10% CO
R1: Component name | S1: Vol % | T1: Carbon number | U1: Class | V1: Colonna1 | W1: vol.% * nC | X1: Sel (C base) | Y1: mmolC | Z1: mol
D2: mmolC | E2: mmol C | F2: Conversion | L2: Carbon in Oil | N2: Oil light | O2: Oil heavy | R2: Propane | S2: 0.7052 | T2: 3 | U2: paraffin | V2: 1 | W2: =S2*T2 -> 2.1156 | X2: =W2/$W$48 -> 0.0027211693 | Y2: =X2*$N$5 -> 0.065834288 | Z2: =Y2/T2 -> 0.021944763 | AG2: mss % | AH2: vol.% * nC | AI2: Sel (C base) | AJ2: mmolC | AK2: mol
D3: IN | E3: OUT | L3: =+D5-E5 -> 38.34203 | N3: 27 | O3: 15.79 | P3: ml | R3: Butene-1 | S3: 4.434 | T3: 4 | U3: Olefin | V3: 2 | W3: =S3*T3 -> 17.736 | X3: =W3/$W$48 -> 0.022812752 | Y3: =X3*$N$5 -> 0.55191762 | Z3: =Y3/T3 -> 0.13797941
N4: =+N3/(N3+O3) -> 0.63098855 | O4: =1-N4 -> 0.36901145 | P4: % | R4: n-Butane | S4: 0.4237 | T4: 4 | U4: paraffin | V4: 3 | W4: =S4*T4 -> 1.6948 | X4: =W4/$W$48 -> 0.0021799195 | Y4: =X4*$N$5 -> 0.052739625 | Z4: =Y4/T4 -> 0.013184906 | AF4: 1 | AG4: 0 | AH4: =AG4*AF4 -> 0 | AI4: =AH4/$AH$54 -> 0 | AJ4: =AI4*$O$5 -> 0 | AK4: =AJ4/AF4 -> 0
C5: TOT | D5: =+D6+D7 -> 208.88612 | E5: =SUM(E6:E47) -> 170.54409 | G5: mmol | L5: HC Carbon | N5: =+N4*L3 -> 24.193382 | O5: =+O4*L3 -> 14.148648 | P5: mmcolC | R5: i-Butane | S5: 0.2474 | T5: 4 | U5: iso-paraffin | V5: 4 | W5: =S5*T5 -> 0.9896 | X5: =W5/$W$48 -> 0.0012728631 | Y5: =X5*$N$5 -> 0.030794862 | Z5: =Y5/T5 -> 0.0076987156 | AF5: 2 | AG5: 0 | AH5: =AG5*AF5 -> 0 | AI5: =AH5/$AH$54 -> 0 | AJ5: =AI5*$O$5 -> 0 | AK5: =AJ5/AF5 -> 0
C6: CO | D6: 84.481827 | E6: 8.8726193 | F6: =+(D6-E6)/D6 -> 0.894976 | G6: =+(D6+D7-E7-E6)/(D6+D7) -> 0.44385286 | J6: =+E6*$L$24 -> 8.1442642 | L6: =+D7+D6-E6-E7 -> 92.714701 | R6: 1,4-Pentadiene | S6: 9.5908 | T6: 5 | U6: Olefin | V6: 5 | W6: =S6*T6 -> 47.954 | X6: =W6/$W$48 -> 0.061680352 | Y6: =X6*$N$5 -> 1.4922563 | Z6: =Y6/T6 -> 0.29845126 | AF6: 3 | AG6: 0 | AH6: =AG6*AF6 -> 0 | AI6: =AH6/$AH$54 -> 0 | AJ6: =AI6*$O$5 -> 0 | AK6: =AJ6/AF6 -> 0
B7: 1 | C7: *CO2 | D7: 124.40429 | E7: 107.2988 | F7: =+(D7-E7)/D7 -> 0.13749922 | J7: =+E7*$L$24 -> 98.490617 | R7: n-Pentane | S7: 0.8438 | T7: 5 | U7: paraffin | V7: 6 | W7: =S7*T7 -> 4.219 | X7: =W7/$W$48 -> 0.0054266464 | Y7: =X7*$N$5 -> 0.13128893 | Z7: =Y7/T7 -> 0.026257786 | AF7: 4 | AG7: 0 | AH7: =AG7*AF7 -> 0 | AI7: =AH7/$AH$54 -> 0 | AJ7: =AI7*$O$5 -> 0 | AK7: =AJ7/AF7 -> 0
B8: 8 | C8: Ottene | E8: 0 | G8: =+E8/B8 -> 0 | H8: Olefin | I8: 1 | J8: =+E8*$L$24 -> 0 | R8: (C5-IsoParaffin) | S8: 0.7139 | T8: 5 | U8: iso-paraffin | V8: 7 | W8: =S8*T8 -> 3.5695 | X8: =W8/$W$48 -> 0.0045912336 | Y8: =X8*$N$5 -> 0.11107747 | Z8: =Y8/T8 -> 0.022215493 | AF8: 5 | AG8: 0 | AH8: =AG8*AF8 -> 0 | AI8: =AH8/$AH$54 -> 0 | AJ8: =AI8*$O$5 -> 0 | AK8: =AJ8/AF8 -> 0
B9: 7 | C9: Toluene | E9: 0 | G9: =+E9/B9 -> 0 | H9: Aromatic | I9: 2 | J9: =+E9*$L$24 -> 0 | R9: Cyclopentane | S9: 0.2986 | T9: 5 | U9: Naphthene | V9: 8 | W9: =S9*T9 -> 1.493 | X9: =W9/$W$48 -> 0.0019203563 | Y9: =X9*$N$5 -> 0.046459913 | Z9: =Y9/T9 -> 0.0092919826 | AF9: 6 | AG9: 0 | AH9: =AG9*AF9 -> 0 | AI9: =AH9/$AH$54 -> 0 | AJ9: =AI9*$O$5 -> 0 | AK9: =AJ9/AF9 -> 0
B10: 9 | C10: Nonene | E10: 0.002798767 | G10: =+E10/B10 -> 0.00031097411 | H10: Aromatic | I10: 3 | J10: =+E10*$L$24 -> 0.0025690157 | L10: =+L3/D5 -> 0.18355471 | R10: 3-Methylpentane | S10: 9.5949 | T10: 6 | U10: iso-paraffin | V10: 9 | W10: =S10*T10 -> 57.5694 | X10: =W10/$W$48 -> 0.074048063 | Y10: =X10*$N$5 -> 1.7914731 | Z10: =Y10/T10 -> 0.29857885 | AF10: 7 | AG10: 0 | AH10: =AG10*AF10 -> 0 | AI10: =AH10/$AH$54 -> 0 | AJ10: =AI10*$O$5 -> 0 | AK10: =AJ10/AF10 -> 0
B11: 8 | C11: p-Xilene | E11: 0 | G11: =+E11/B11 -> 0 | H11: Aromatic | I11: 4 | J11: =+E11*$L$24 -> 0 | R11: 1t,4-Hexadiene | S11: 3.8919 | T11: 6 | U11: Olefin | V11: 10 | W11: =S11*T11 -> 23.3514 | X11: =W11/$W$48 -> 0.030035504 | Y11: =X11*$N$5 -> 0.72666042 | Z11: =Y11/T11 -> 0.12111007 | AF11: 8 | AG11: 2.5 | AH11: =AG11*AF11 -> 20 | AI11: =AH11/$AH$54 -> 0.013580498 | AJ11: =AI11*$O$5 -> 0.19214569 | AK11: =AJ11/AF11 -> 0.024018212
B12: 8 | C12: m-Xilene | E12: 0.28316949 | G12: =+E12/B12 -> 0.035396186 | H12: Aromatic | I12: 5 | J12: =+E12*$L$24 -> 0.25992404 | R12: Cyclohexane | S12: 0.9641 | T12: 6 | U12: Naphthene | V12: 11 | W12: =S12*T12 -> 5.7846 | X12: =W12/$W$48 -> 0.0074403837 | Y12: =X12*$N$5 -> 0.18000805 | Z12: =Y12/T12 -> 0.030001341 | AF12: 9 | AG12: 3.1 | AH12: =AG12*AF12 -> 27.9 | AI12: =AH12/$AH$54 -> 0.018944795 | AJ12: =AI12*$O$5 -> 0.26804324 | AK12: =AJ12/AF12 -> 0.029782582
B13: 8 | C13: Etilbenzene | E13: 0 | G13: =+E13/B13 -> 0 | H13: Aromatic | I13: 6 | J13: =+E13*$L$24 -> 0 | R13: n-Hexane | S13: 0.109 | T13: 6 | U13: paraffin | V13: 12 | W13: =S13*T13 -> 0.654 | X13: =W13/$W$48 -> 0.00084120094 | Y13: =X13*$N$5 -> 0.020351496 | Z13: =Y13/T13 -> 0.0033919159 | AF13: 10 | AG13: 7.9 | AH13: =AG13*AF13 -> 79 | AI13: =AH13/$AH$54 -> 0.053642969 | AJ13: =AI13*$O$5 -> 0.75897549 | AK13: =AJ13/AF13 -> 0.075897549
B14: 8 | C14: o-Xilene | E14: 0 | G14: =+E14/B14 -> 0 | H14: Aromatic | I14: 7 | J14: =+E14*$L$24 -> 0 | R14: Benzene | S14: 0.08 | T14: 6 | U14: Aromatic | V14: 13 | W14: =S14*T14 -> 0.48 | X14: =W14/$W$48 -> 0.00061739519 | Y14: =X14*$N$5 -> 0.014936878 | Z14: =Y14/T14 -> 0.0024894796 | AF14: 11 | AG14: 9.1 | AH14: =AG14*AF14 -> 100.1 | AI14: =AH14/$AH$54 -> 0.067970395 | AJ14: =AI14*$O$5 -> 0.9616892 | AK14: =AJ14/AF14 -> 0.087426291
B15: 9 | C15: Trimetilbenzene | E15: 0 | G15: =+E15/B15 -> 0 | H15: Aromatic | I15: 8 | J15: =+E15*$L$24 -> 0 | R15: 3-Ethylpentane | S15: 8.1824 | T15: 7 | U15: iso-paraffin | V15: 14 | W15: =S15*T15 -> 57.2768 | X15: =W15/$W$48 -> 0.07367171 | Y15: =X15*$N$5 -> 1.7823678 | Z15: =Y15/T15 -> 0.25462397 | AF15: 12 | AG15: 10.5 | AH15: =AG15*AF15 -> 126 | AI15: =AH15/$AH$54 -> 0.08555714 | AJ15: =AI15*$O$5 -> 1.2105179 | AK15: =AJ15/AF15 -> 0.10087649
B16: 10 | C16: Decene | E16: 0 | G16: =+E16/B16 -> 0 | H16: Olefin | I16: 9 | J16: =+E16*$L$24 -> 0 | R16: 2,4-Dimethylpentene-1 | S16: 5.7111 | T16: 7 | U16: Olefin | V16: 15 | W16: =S16*T16 -> 39.9777 | X16: =W16/$W$48 -> 0.051420916 | Y16: =X16*$N$5 -> 1.2440459 | Z16: =Y16/T16 -> 0.17772084 | AF16: 13 | AG16: 10.9 | AH16: =AG16*AF16 -> 141.7 | AI16: =AH16/$AH$54 -> 0.096217831 | AJ16: =AI16*$O$5 -> 1.3613522 | AK16: =AJ16/AF16 -> 0.1047194
B17: 10 | C17: Decano | E17: 0.02034641 | G17: =+E17/B17 -> 0.002034641 | H17: paraffin | I17: 10 | J17: =+E17*$L$24 -> 0.018676169 | R17: 1c,3-Dimethylcyclopentane | S17: 0.8706 | T17: 7 | U17: Naphthene | V17: 16 | W17: =S17*T17 -> 6.0942 | X17: =W17/$W$48 -> 0.0078386036 | Y17: =X17*$N$5 -> 0.18964233 | Z17: =Y17/T17 -> 0.027091762 | AF17: 14 | AG17: 10.7 | AH17: =AG17*AF17 -> 149.8 | AI17: =AH17/$AH$54 -> 0.10171793 | AJ17: =AI17*$O$5 -> 1.4391712 | AK17: =AJ17/AF17 -> 0.10279795
B18: 1 | C18: *CH4 | E18: 12.780415 | G18: =+E18/B18 -> 12.780415 | H18: paraffin | I18: 11 | J18: =+E18*$L$24 -> 11.731268 | R18: Toluene | S18: 0.2139 | T18: 7 | U18: Aromatic | V18: 17 | W18: =S18*T18 -> 1.4973 | X18: =W18/$W$48 -> 0.0019258871 | Y18: =X18*$N$5 -> 0.046593722 | Z18: =Y18/T18 -> 0.006656246 | AF18: 15 | AG18: 9.5 | AH18: =AG18*AF18 -> 142.5 | AI18: =AH18/$AH$54 -> 0.096761051 | AJ18: =AI18*$O$5 -> 1.3690381 | AK18: =AJ18/AF18 -> 0.091269204
B19: 2 | C19: *Etilene | E19: 7.466552 | G19: =+E19/B19 -> 3.733276 | H19: Olefin | I19: 12 | J19: =+E19*$L$24 -> 6.8536212 | R19: Octene-1 | S19: 9.3793 | T19: 8 | U19: Olefin | V19: 18 | W19: =S19*T19 -> 75.0344 | X19: =W19/$W$48 -> 0.096512245 | Y19: =X19*$N$5 -> 2.3349576 | Z19: =Y19/T19 -> 0.2918697 | AF19: 16 | AG19: 7.7 | AH19: =AG19*AF19 -> 123.2 | AI19: =AH19/$AH$54 -> 0.08365587 | AJ19: =AI19*$O$5 -> 1.1836175 | AK19: =AJ19/AF19 -> 0.073976092
B20: 2 | C20: *Acetilene | E20: 0 | G20: =+E20/B20 -> 0 | H20: Olefin | I20: 13 | J20: =+E20*$L$24 -> 0 | R20: Ethylbenzene | S20: 1.767 | T20: 8 | U20: Aromatic | V20: 19 | W20: =S20*T20 -> 14.136 | X20: =W20/$W$48 -> 0.018182288 | Y20: =X20*$N$5 -> 0.43989104 | Z20: =Y20/T20 -> 0.05498638 | AF20: 17 | AG20: 6.7 | AH20: =AG20*AF20 -> 113.9 | AI20: =AH20/$AH$54 -> 0.077340938 | AJ20: =AI20*$O$5 -> 1.0942697 | AK20: =AJ20/AF20 -> 0.064368807
B21: 2 | C21: *Etano | E21: 1.7028996 | G21: =+E21/B21 -> 0.85144979 | H21: paraffin | I21: 14 | J21: =+E21*$L$24 -> 1.5631082 | R21: 2-Methyl-3-ethylpentane | S21: 3.4165 | T21: 8 | U21: iso-paraffin | V21: 20 | W21: =S21*T21 -> 27.332 | X21: =W21/$W$48 -> 0.035155511 | Y21: =X21*$N$5 -> 0.8505307 | Z21: =Y21/T21 -> 0.10631634 | AF21: 18 | AG21: 6.2 | AH21: =AG21*AF21 -> 111.6 | AI21: =AH21/$AH$54 -> 0.075779181 | AJ21: =AI21*$O$5 -> 1.072173 | AK21: =AJ21/AF21 -> 0.059565165
B22: 3 | C22: *Propilene | E22: 11.160259 | G22: =+E22/B22 -> 3.7200863 | H22: Olefin | I22: 15 | J22: =+E22*$L$24 -> 10.244111 | R22: 1c,2t,3-Trimethylcyclopentane | S22: 1.5336 | T22: 8 | U22: Naphthene | V22: 21 | W22: =S22*T22 -> 12.2688 | X22: =W22/$W$48 -> 0.015780621 | Y22: =X22*$N$5 -> 0.38178659 | Z22: =Y22/T22 -> 0.047723324 | AF22: 19 | AG22: 2.8 | AH22: =AG22*AF22 -> 53.2 | AI22: =AH22/$AH$54 -> 0.036124126 | AJ22: =AI22*$O$5 -> 0.51110754 | AK22: =AJ22/AF22 -> 0.026900397
B23: 3 | C23: *Propano | E23: 1.10465 | G23: =+E23/B23 -> 0.36821667 | H23: paraffin | I23: 16 | J23: =+E23*$L$24 -> 1.0139691 | R23: n-Octane | S23: 0.0333 | T23: 8 | U23: paraffin | V23: 22 | W23: =S23*T23 -> 0.2664 | X23: =W23/$W$48 -> 0.00034265433 | Y23: =X23*$N$5 -> 0.008289967 | Z23: =Y23/T23 -> 0.0010362459 | AF23: 20 | AG23: 2.2 | AH23: =AG23*AF23 -> 44 | AI23: =AH23/$AH$54 -> 0.029877096 | AJ23: =AI23*$O$5 -> 0.42272053 | AK23: =AJ23/AF23 -> 0.021136026
B24: 2 | C24: *DME | E24: 0.0027567702 | G24: =+E24/B24 -> 0.0013783851 | H24: oxygenated | I24: 17 | J24: =+E24*$L$24 -> 0.0025304663 | L24: =+(E5-14)/E5 -> 0.91790979 | R24: I8 (C9) | S24: 8.9828 | T24: 9 | U24: iso-paraffin | V24: 23 | W24: =S24*T24 -> 80.8452 | X24: =W24/$W$48 -> 0.10398633 | Y24: =X24*$N$5 -> 2.5157809 | Z24: =Y24/T24 -> 0.27953122 | AF24: 21 | AG24: 2 | AH24: =AG24*AF24 -> 42 | AI24: =AH24/$AH$54 -> 0.028519047 | AJ24: =AI24*$O$5 -> 0.40350596 | AK24: =AJ24/AF24 -> 0.019214569
B25: 1 | C25: Metanolo | E25: 0.93023541 | G25: =+E25/B25 -> 0.93023541 | H25: oxygenated | I25: 18 | J25: =+E25*$L$24 -> 0.85387219 | R25: 3,5,5-Trimethylhexene-1 | S25: 1.6554 | T25: 9 | U25: Olefin | V25: 24 | W25: =S25*T25 -> 14.8986 | X25: =W25/$W$48 -> 0.019163175 | Y25: =X25*$N$5 -> 0.46362201 | Z25: =Y25/T25 -> 0.051513556 | AF25: 22 | AG25: 1.8 | AH25: =AG25*AF25 -> 39.6 | AI25: =AH25/$AH$54 -> 0.026889387 | AJ25: =AI25*$O$5 -> 0.38044847 | AK25: =AJ25/AF25 -> 0.017293112
B26: 4 | C26: 2-Metilpropene | E26: 0.1091762 | G26: =+E26/B26 -> 0.027294049 | H26: Olefin | I26: 19 | J26: =+E26*$L$24 -> 0.1002139 | R26: 1,3-Methylethylbenzene | S26: 2.332 | T26: 9 | U26: Aromatic | V26: 25 | W26: =S26*T26 -> 20.988 | X26: =W26/$W$48 -> 0.026995605 | Y26: =X26*$N$5 -> 0.65311497 | Z26: =Y26/T26 -> 0.07256833 | AF26: 23 | AG26: 1.6 | AH26: =AG26*AF26 -> 36.8 | AI26: =AH26/$AH$54 -> 0.024988117 | AJ26: =AI26*$O$5 -> 0.35354808 | AK26: =AJ26/AF26 -> 0.015371655
B27: 4 | C27: *1-Butene | E27: 8.0319531 | G27: =+E27/B27 -> 2.0079883 | H27: Olefin | I27: 20 | J27: =+E27*$L$24 -> 7.3726084 | R27: n-Nonane | S27: 0.7169 | T27: 9 | U27: paraffin | V27: 26 | W27: =S27*T27 -> 6.4521 | X27: =W27/$W$48 -> 0.0082989489 | Y27: =X27*$N$5 -> 0.20077964 | Z27: =Y27/T27 -> 0.022308849 | AF27: 24 | AG27: 1.5 | AH27: =AG27*AF27 -> 36 | AI27: =AH27/$AH$54 -> 0.024444897 | AJ27: =AI27*$O$5 -> 0.34586225 | AK27: =AJ27/AF27 -> 0.014410927
B28: 4 | C28: *N-Butano | E28: 1.0696398 | G28: =+E28/B28 -> 0.26740996 | H28: paraffin | I28: 21 | J28: =+E28*$L$24 -> 0.98183288 | R28: 1,1,3-Trimethylcyclohexane | S28: 0.9332 | T28: 9 | U28: Naphthene | V28: 27 | W28: =S28*T28 -> 8.3988 | X28: =W28/$W$48 -> 0.010802872 | Y28: =X28*$N$5 -> 0.26135801 | Z28: =Y28/T28 -> 0.029039779 | AF28: 25 | AG28: 1.3 | AH28: =AG28*AF28 -> 32.5 | AI28: =AH28/$AH$54 -> 0.02206831 | AJ28: =AI28*$O$5 -> 0.31223675 | AK28: =AJ28/AF28 -> 0.01248947
B29: 4 | C29: 2-Butene | E29: 0.14396901 | G29: =+E29/B29 -> 0.035992252 | H29: Olefin | I29: 22 | J29: =+E29*$L$24 -> 0.13215056 | R29: Decene-1 | S29: 3.3315 | T29: 10 | U29: Olefin | V29: 28 | W29: =S29*T29 -> 33.315 | X29: =W29/$W$48 -> 0.042851085 | Y29: =X29*$N$5 -> 1.0367127 | Z29: =Y29/T29 -> 0.10367127 | AF29: 26 | AG29: 1.1 | AH29: =AG29*AF29 -> 28.6 | AI29: =AH29/$AH$54 -> 0.019420113 | AJ29: =AI29*$O$5 -> 0.27476834 | AK29: =AJ29/AF29 -> 0.010568013
B30: 5 | C30: 3-Metilbut-1-ene | E30: 0.089726599 | G30: =+E30/B30 -> 0.01794532 | H30: Olefin | I30: 23 | J30: =+E30*$L$24 -> 0.082360924 | R30: I15 (C10) | S30: 3.0536 | T30: 10 | U30: iso-paraffin | V30: 29 | W30: =S30*T30 -> 30.536 | X30: =W30/$W$48 -> 0.039276624 | Y30: =X30*$N$5 -> 0.95023436 | Z30: =Y30/T30 -> 0.095023436 | AF30: 27 | AG30: 0.9 | AH30: =AG30*AF30 -> 24.3 | AI30: =AH30/$AH$54 -> 0.016500306 | AJ30: =AI30*$O$5 -> 0.23345702 | AK30: =AJ30/AF30 -> 0.0086465562
B31: 5 | C31: 2-Metilbutano | E31: 0.32813986 | G31: =+E31/B31 -> 0.065627973 | H31: iso-paraffin | I31: 24 | J31: =+E31*$L$24 -> 0.30120279 | R31: 1,2-Methyl-n-propylbenzene | S31: 2.3726 | T31: 10 | U31: Aromatic | V31: 30 | W31: =S31*T31 -> 23.726 | X31: =W31/$W$48 -> 0.03051733 | Y31: =X31*$N$5 -> 0.73831741 | Z31: =Y31/T31 -> 0.073831741 | AF31: 28 | AG31: 0 | AH31: =AG31*AF31 -> 0 | AI31: =AH31/$AH$54 -> 0 | AJ31: =AI31*$O$5 -> 0 | AK31: =AJ31/AF31 -> 0
B32: 5 | C32: 2-Metilbut-1-ene | E32: 0.7360527 | G32: =+E32/B32 -> 0.14721054 | H32: Olefin | I32: 25 | J32: =+E32*$L$24 -> 0.67562998 | R32: Sec-butylcyclohexane | S32: 1.9382 | T32: 10 | U32: Naphthene | V32: 31 | W32: =S32*T32 -> 19.382 | X32: =W32/$W$48 -> 0.024929903 | Y32: =X32*$N$5 -> 0.60313867 | Z32: =Y32/T32 -> 0.060313867 | AF32: 29 | AG32: 0 | AH32: =AG32*AF32 -> 0 | AI32: =AH32/$AH$54 -> 0 | AJ32: =AI32*$O$5 -> 0 | AK32: =AJ32/AF32 -> 0
B33: 5 | C33: *1-Pentene | E33: 4.915713 | G33: =+E33/B33 -> 0.98314259 | H33: Olefin | I33: 26 | J33: =+E33*$L$24 -> 4.512181 | R33: Undecene-1 | S33: 2.0365 | T33: 11 | U33: Olefin | V33: 32 | W33: =S33*T33 -> 22.4015 | X33: =W33/$W$48 -> 0.028813705 | Y33: =X33*$N$5 -> 0.69710096 | Z33: =Y33/T33 -> 0.063372815 | AF33: 30 | AG33: 0 | AH33: =AG33*AF33 -> 0 | AI33: =AH33/$AH$54 -> 0 | AJ33: =AI33*$O$5 -> 0 | AK33: =AJ33/AF33 -> 0
B34: 5 | C34: 2-Pentene | E34: 0.076394073 | G34: =+E34/B34 -> 0.015278815 | H34: Olefin | I34: 27 | J34: =+E34*$L$24 -> 0.070122868 | R34: I26 (C11) | S34: 3.1631 | T34: 11 | U34: iso-paraffin | V34: 33 | W34: =S34*T34 -> 34.7941 | X34: =W34/$W$48 -> 0.044753562 | Y34: =X34*$N$5 -> 1.08274 | Z34: =Y34/T34 -> 0.098430911 | AF34: 31 | AG34: 0 | AH34: =AG34*AF34 -> 0 | AI34: =AH34/$AH$54 -> 0 | AJ34: =AI34*$O$5 -> 0 | AK34: =AJ34/AF34 -> 0
B35: 5 | C35: *Pentano | E35: 0 | G35: =+E35/B35 -> 0 | H35: paraffin | I35: 28 | J35: =+E35*$L$24 -> 0 | R35: 1,2-Ethyl-i-propylbenzene | S35: 1.2679 | T35: 11 | U35: Aromatic | V35: 34 | W35: =S35*T35 -> 13.9469 | X35: =W35/$W$48 -> 0.01793906 | Y35: =X35*$N$5 -> 0.43400654 | Z35: =Y35/T35 -> 0.03945514 | AF35: 32 | AG35: 0 | AH35: =AG35*AF35 -> 0 | AI35: =AH35/$AH$54 -> 0 | AJ35: =AI35*$O$5 -> 0 | AK35: =AJ35/AF35 -> 0
B36: 6 | C36: 2-Metilbut-2-ene | E36: 0.0064126282 | G36: =+E36/B36 -> 0.0010687714 | H36: Olefin | I36: 29 | J36: =+E36*$L$24 -> 0.0058862142 | R36: n-Undecane | S36: 0.0822 | T36: 11 | U36: paraffin | V36: 35 | W36: =S36*T36 -> 0.9042 | X36: =W36/$W$48 -> 0.0011630182 | Y36: =X36*$N$5 -> 0.028137343 | Z36: =Y36/T36 -> 0.0025579403 | AF36: 33 | AG36: 0 | AH36: =AG36*AF36 -> 0 | AI36: =AH36/$AH$54 -> 0 | AJ36: =AI36*$O$5 -> 0 | AK36: =AJ36/AF36 -> 0
... B43: 7 | C43: 2,2-Dimetilpentano | E43: 0.0038738257 | G43: =+E43/B43 -> 0.00055340367 | H43: iso-paraffin | I43: 36 | J43: =+E43*$L$24 -> 0.0035558225 | R43: (C14-IsoParaffin) | S43: 0.1832 | T43: 14 | U43: iso-paraffin | V43: 42 | W43: =S43*T43 -> 2.5648 | X43: =W43/$W$48 -> 0.0032989483 | Y43: =X43*$N$5 -> 0.079812716 | Z43: =Y43/T43 -> 0.0057009083 | AF43: 40 | AG43: 0 | AH43: =AG43*AF43 -> 0 | AI43: =AH43/$AH$54 -> 0 | AJ43: =AI43*$O$5 -> 0 | AK43: =AJ43/AF43 -> 0
B44: 7 | C44: 2-Metiles-1-ene | E44: 0.00035118397 | G44: =+E44/B44 -> 5.0169138e-05 | H44: Olefin | I44: 37 | J44: =+E44*$L$24 -> 0.0003223552 | R44: (C15-IsoParaffin) | S44: 0.1445 | T44: 15 | U44: iso-paraffin | V44: 43 | W44: =S44*T44 -> 2.1675 | X44: =W44/$W$48 -> 0.0027879251 | Y44: =X44*$N$5 -> 0.067449338 | Z44: =Y44/T44 -> 0.0044966225 | AF44: 48 | AH44: =AG44*AF44 -> 0 | AI44: =AH44/$AH$54 -> 0 | AJ44: =AI44*$O$5 -> 0 | AK44: =AJ44/AF44 -> 0
B45: 7 | C45: 1-eptene | E45: 0.0037203478 | G45: =+E45/B45 -> 0.00053147826 | H45: Olefin | I45: 38 | J45: =+E45*$L$24 -> 0.0034149437 | R45: (C16-IsoParaffin) | S45: 0.3685 | T45: 16 | U45: iso-paraffin | V45: 44 | W45: =S45*T45 -> 5.896 | X45: =W45/$W$48 -> 0.0075836709 | Y45: =X45*$N$5 -> 0.18347465 | Z45: =Y45/T45 -> 0.011467165 | AF45: 49 | AH45: =AG45*AF45 -> 0 | AI45: =AH45/$AH$54 -> 0 | AJ45: =AI45*$O$5 -> 0 | AK45: =AJ45/AF45 -> 0
B46: 7 | C46: Eptano | E46: 0.0001074849 | G46: =+E46/B46 -> 1.5354985e-05 | H46: paraffin | I46: 39 | J46: =+E46*$L$24 -> 9.866144e-05 | R46: (C17-IsoParaffin) | S46: 0.1365 | T46: 17 | U46: iso-paraffin | V46: 45 | W46: =S46*T46 -> 2.3205 | X46: =W46/$W$48 -> 0.0029847199 | Y46: =X46*$N$5 -> 0.072210467 | Z46: =Y46/T46 -> 0.0042476745 | AF46: 50 | AH46: =AG46*AF46 -> 0 | AI46: =AH46/$AH$54 -> 0 | AJ46: =AI46*$O$5 -> 0 | AK46: =AJ46/AF46 -> 0
B47: 7 | C47: 2-Eptene | E47: 0.070503945 | G47: =+E47/B47 -> 0.010071992 | H47: Olefin | I47: 40 | J47: =+E47*$L$24 -> 0.064716261 | AF47: 51 | AH47: =AG47*AF47 -> 0 | AI47: =AH47/$AH$54 -> 0 | AJ47: =AI47*$O$5 -> 0 | AK47: =AJ47/AF47 -> 0
B48: 1 | I48: 41 | W48: =SUM(W2:W46) -> 777.4599 | AF48: 52 | AH48: =AG48*AF48 -> 0 | AI48: =AH48/$AH$54 -> 0 | AJ48: =AI48*$O$5 -> 0 | AK48: =AJ48/AF48 -> 0
B49: 1 | I49: 42 | AF49: 53 | AH49: =AG49*AF49 -> 0 | AI49: =AH49/$AH$54 -> 0 | AJ49: =AI49*$O$5 -> 0 | AK49: =AJ49/AF49 -> 0
AF50: 54 | AH50: =AG50*AF50 -> 0 | AI50: =AH50/$AH$54 -> 0 | AJ50: =AI50*$O$5 -> 0 | AK50: =AJ50/AF50 -> 0
AF51: 55 | AH51: =AG51*AF51 -> 0 | AI51: =AH51/$AH$54 -> 0 | AJ51: =AI51*$O$5 -> 0 | AK51: =AJ51/AF51 -> 0
E54: =+SUM(E8:E49) -> 54.372671 | G54: =SUM(G4:G51) -> 27.002309 | K54: =+D5-E5 -> 38.34203 | Y54: =+SUM(Y1:Y49) -> 24.193382 | Z54: =+SUM(Z1:Z49) -> 3.1118401 | AH54: =SUM(AH4:AH51) -> 1472.7 | AJ54: =SUM(AJ4:AJ51) -> 14.148648 | AK54: =SUM(AK4:AK51) -> 0.96072847

Sheet 10% CO Elab
Y2: TOT CO | Z2: TOT CO2 | AA2: TOT CO IN | AB2: TOT CO2 IN
B3: Cn | C3: Class | D3: Name | E3: mol | F3: Colonna1 | G3: Colonna2 | Y3: ='10% CO'!D6-'10% CO'!E6 -> 75.609208 | Z3: =+'10% CO'!D7-'10% CO'!E7 -> 17.105493 | AA3: =+'10% CO'!D6 -> 84.481827 | AB3: =+'10% CO'!D7 -> 124.40429
B4: ='5% CO'!B8 -> 8 | C4: ='5% CO'!H8 -> Olefin | D4: ='5% CO'!C8 -> Ottene | E4: =+'10% CO'!G8 -> 0 | F4: 1-GAS | G4: =VLOOKUP(Tabella10[[#This Row],[Name]],'10% CO'!$C$8:$I$47,7,FALSE) -> 1 | Y4: =Y3/(Y3+Z3) -> 0.81550398 | Z4: =1-Y4 -> 0.18449602
B5: ='5% CO'!B9 -> 7 | C5: ='5% CO'!H9 -> Aromatic | D5: ='5% CO'!C9 -> Toluene | E5: =+'10% CO'!G9 -> 0 | F5: 1-GAS | G5: =VLOOKUP(Tabella10[[#This Row],[Name]],'10% CO'!$C$8:$I$47,7,FALSE) -> 2 | R5: Colonna1 | S5: Colonna2 | T5: Colonna3 | U5: Colonna4 | V5: Colonna5 | W5: mmol | X5: mmolC | Y5: Colonna6 | Z5: Colonna7 | AA5: con CO | AB5: conv CO2
B6: ='5% CO'!B10 -> 9 | C6: ='5% CO'!H10 -> Aromatic | D6: ='5% CO'!C10 -> Nonene | E6: =+'10% CO'!G10 -> 0.00031097411 | F6: 1-GAS | G6: =VLOOKUP(Tabella10[[#This Row],[Name]],'10% CO'!$C$8:$I$47,7,FALSE) -> 3 | R6: 1 | S6: 1 | T6: METHANE | U6: CH4 | V6: CH4 | W6: =GETPIVOTDATA("mol",$N$17,"Cn",1,"Class","paraffin") -> 12.780415 | X6: =+W6*S6 -> 12.780415 | Y6: =X6*$Y$4 -> 10.422479 | Z6: =+X6*$Z$4 -> 2.3579357 | AA6: =+Y6/$AA$3 -> 0.12336948 | AB6: =+Z6/$AB$3 -> 0.018953813
B7: ='5% CO'!B11 -> 8 | C7: ='5% CO'!H11 -> Aromatic | D7: ='5% CO'!C11 -> p-Xilene | E7: =+'10% CO'!G11 -> 0 | F7: 1-GAS | G7: =VLOOKUP(Tabella10[[#This Row],[Name]],'10% CO'!$C$8:$I$47,7,FALSE) -> 4 | R7: 2 | S7: 1 | T7: METHANOL | U7: CH4O | V7: MEOH | W7: =+GETPIVOTDATA("mol",$N$17,"Cn",1,"Class","oxygenated") -> 0.93023541 | X7: =+W7*S7 -> 0.93023541 | Y7: =X7*$Y$4 -> 0.75861068 | Z7: =+X7*$Z$4 -> 0.17162473 | AA7: =+Y7/$AA$3 -> 0.0089795723 | AB7: =+Z7/$AB$3 -> 0.0013795724 | AH7: Etichette di riga | AI7: Somma di mmolC
B8: ='5% CO'!B12 -> 8 | C8: ='5% CO'!H12 -> Aromatic | D8: ='5% CO'!C12 -> m-Xilene | E8: =+'10% CO'!G12 -> 0.035396186 | F8: 1-GAS | G8: =VLOOKUP(Tabella10[[#This Row],[Name]],'10% CO'!$C$8:$I$47,7,FALSE) -> 5 | R8: 3 | S8: 2 | T8: ETHANE | U8: C2H6 | V8: C2 | W8: =+GETPIVOTDATA("mol",$N$17,"Cn",2,"Class","paraffin") -> 0.85144979 | X8: =+W8*S8 -> 1.7028996 | Y8: =X8*$Y$4 -> 1.3887214 | Z8: =+X8*$Z$4 -> 0.31417819 | AA8: =+Y8/$AA$3 -> 0.016438108 | AB8: =+Z8/$AB$3 -> 0.002525461 | AH8: 1 | AI8: 13.71065
B9: ='5% CO'!B13 -> 8 | C9: ='5% CO'!H13 -> Aromatic | D9: ='5% CO'!C13 -> Etilbenzene | E9: =+'10% CO'!G13 -> 0 | F9: 1-GAS | G9: =VLOOKUP(Tabella10[[#This Row],[Name]],'10% CO'!$C$8:$I$47,7,FALSE) -> 6 | R9: 4 | S9: 2 | T9: ETHYLENE | U9: C2H4 | V9: C2-O | W9: =+GETPIVOTDATA("mol",$N$17,"Cn",2,"Class","Olefin") -> 3.733276 | X9: =+W9*S9 -> 7.466552 | Y9: =X9*$Y$4 -> 6.0890029 | Z9: =+X9*$Z$4 -> 1.3775491 | AA9: =+Y9/$AA$3 -> 0.072074707 | AB9: =+Z9/$AB$3 -> 0.011073164 | AH9: 2 | AI9: 9.1694516
B10: ='5% CO'!B14 -> 8 | C10: ='5% CO'!H14 -> Aromatic | D10: ='5% CO'!C14 -> o-Xilene | E10: =+'10% CO'!G14 -> 0 | F10: 1-GAS | G10: =VLOOKUP(Tabella10[[#This Row],[Name]],'10% CO'!$C$8:$I$47,7,FALSE) -> 7 | R10: 5 | S10: 3 | T10: PROPANE | U10: C3H8 | V10: C3 | W10: =+GETPIVOTDATA("mol",$N$17,"Cn",3,"Class","paraffin") -> 0.39016144 | X10: =+W10*S10 -> 1.1704843 | Y10: =X10*$Y$4 -> 0.95453461 | Z10: =+X10*$Z$4 -> 0.21594969 | AA10: =+Y10/$AA$3 -> 0.011298698 | AB10: =+Z10/$AB$3 -> 0.0017358701 | AH10: 3 | AI10: 12.330743
B11: ='5% CO'!B15 -> 9 | C11: ='5% CO'!H15 -> Aromatic | D11: ='5% CO'!C15 -> Trimetilbenzene | E11: =+'10% CO'!G15 -> 0 | F11: 1-GAS | G11: =VLOOKUP(Tabella10[[#This Row],[Name]],'10% CO'!$C$8:$I$47,7,FALSE) -> 8 | R11: 6 | S11: 3 | T11: PROPYLENE | U11: C3H6-2 | V11: C3-O | W11: =+GETPIVOTDATA("mol",$N$17,"Cn",3,"Class","Olefin") -> 3.7200863 | X11: =+W11*S11 -> 11.160259 | Y11: =X11*$Y$4 -> 9.1012356 | Z11: =+X11*$Z$4 -> 2.0590233 | AA11: =+Y11/$AA$3 -> 0.1077301 | AB11: =+Z11/$AB$3 -> 0.016551063 | AH11: 4 | AI11: 9.9901903
B12: ='5% CO'!B16 -> 10 | C12: ='5% CO'!H16 -> Olefin | D12: ='5% CO'!C16 -> Decene | E12: =+'10% CO'!G16 -> 0 | F12: 1-GAS | G12: =VLOOKUP(Tabella10[[#This Row],[Name]],'10% CO'!$C$8:$I$47,7,FALSE) -> 9 | R12: 7 | S12: 4 | T12: N-BUTANE | U12: C4H10-1 | V12: C4 | W12: =+GETPIVOTDATA("mol",$N$17,"Cn",4,"Class","paraffin") -> 0.28059487 | X12: =+W12*S12 -> 1.1223795 | Y12: =X12*$Y$4 -> 0.91530493 | Z12: =+X12*$Z$4 -> 0.20707454 | AA12: =+Y12/$AA$3 -> 0.010834341 | AB12: =+Z12/$AB$3 -> 0.0016645289 | AH12: 5 | AI12: 7.9271088
B13: ='5% CO'!B17 -> 10 | C13: ='5% CO'!H17 -> paraffin | D13: ='5% CO'!C17 -> Decano | E13: =+'10% CO'!G17 -> 0.002034641 | F13: 1-GAS | G13: =VLOOKUP(Tabella10[[#This Row],[Name]],'10% CO'!$C$8:$I$47,7,FALSE) -> 10 | R13: 8 | S13: 4 | T13: ISOBUTANE | U13: C4H10-2 | V13: C4-IP | W13: =+GETPIVOTDATA("mol",$N$17,"Cn",4,"Class","iso-paraffin") -> 0.0076987156 | X13: =+W13*S13 -> 0.030794862 | Y13: =X13*$Y$4 -> 0.025113333 | Z13: =+X13*$Z$4 -> 0.0056815295 | AA13: =+Y13/$AA$3 -> 0.00029726314 | AB13: =+Z13/$AB$3 -> 4.5669883e-05 | AH13: 6 | AI13: 6.0726972
B14: ='5% CO'!B18 -> 1 | C14: ='5% CO'!H18 -> paraffin | D14: ='5% CO'!C18 -> *CH4 | E14: =+'10% CO'!G18 -> 12.780415 | F14: 1-GAS | G14: =VLOOKUP(Tabella10[[#This Row],[Name]],'10% CO'!$C$8:$I$47,7,FALSE) -> 11 | R14: 9 | S14: 4 | T14: 1-BUTENE | U14: C4H8-1 | V14: C4-O | W14: =+GETPIVOTDATA("mol",$N$17,"Cn",4,"Class","Olefin") -> 2.209254 | X14: =+W14*S14 -> 8.837016 | Y14: =X14*$Y$4 -> 7.2066217 | Z14: =+X14*$Z$4 -> 1.6303942 | AA14: =+Y14/$AA$3 -> 0.08530381 | AB14: =+Z14/$AB$3 -> 0.013105611 | AH14: 7 | AI14: 3.3412065
B15: ='5% CO'!B19 -> 2 | C15: ='5% CO'!H19 -> Olefin | D15: ='5% CO'!C19 -> *Etilene | E15: =+'10% CO'!G19 -> 3.733276 | F15: 1-GAS | G15: =VLOOKUP(Tabella10[[#This Row],[Name]],'10% CO'!$C$8:$I$47,7,FALSE) -> 12 | R15: 10 | S15: 5 | T15: N-PENTANE | U15: C5H12-1 | V15: C5 | W15: =+GETPIVOTDATA("mol",$N$17,"Cn",5,"Class","paraffin") -> 0.026257786 | X15: =+W15*S15 -> 0.13128893 | Y15: =X15*$Y$4 -> 0.10706665 | Z15: =+X15*$Z$4 -> 0.024222285 | AA15: =+Y15/$AA$3 -> 0.0012673334 | AB15: =+Z15/$AB$3 -> 0.00019470618 | AH15: 8 | AI15: 4.4907711
B16: ='5% CO'!B20 -> 2 | C16: ='5% CO'!H20 -> Olefin | D16: ='5% CO'!C20 -> *Acetilene | E16: =+'10% CO'!G20 -> 0 | F16: 1-GAS | G16: =VLOOKUP(Tabella10[[#This Row],[Name]],'10% CO'!$C$8:$I$47,7,FALSE) -> 13 | R16: 11 | S16: 5 | T16: 2-METHYL-1-BUTANE | U16: C5H12-5 | V16: C5-IP | W16: =+GETPIVOTDATA("mol",$N$17,"Cn",5,"Class","iso-paraffin") -> 0.087843466 | X16: =+W16*S16 -> 0.43921733 | Y16: =X16*$Y$4 -> 0.35818348 | Z16: =+X16*$Z$4 -> 0.081033848 | AA16: =+Y16/$AA$3 -> 0.0042397696 | AB16: =+Z16/$AB$3 -> 0.00065137502 | AH16: 9 | AI16: 4.3654976
B17: ='5% CO'!B21 -> 2 | C17: ='5% CO'!H21 -> paraffin | D17: ='5% CO'!C21 -> *Etano | E17: =+'10% CO'!G21 -> 0.85144979 | F17: 1-GAS | G17: =VLOOKUP(Tabella10[[#This Row],[Name]],'10% CO'!$C$8:$I$47,7,FALSE) -> 14 | N17: Cn | O17: Class | P17: Somma di mol | R17: 12 | S17: 5 | T17: 1-PENTENE | U17: C5H10-2 | V17: C5-O | W17: =+GETPIVOTDATA("mol",$N$17,"Cn",5,"Class","Olefin") -> 1.4620285 | X17: =+W17*S17 -> 7.3101426 | Y17: =X17*$Y$4 -> 5.9614504 | Z17: =+X17*$Z$4 -> 1.3486922 | AA17: =+Y17/$AA$3 -> 0.070564885 | AB17: =+Z17/$AB$3 -> 0.010841203 | AH17: 10 | AI17: 4.107725
B18: ='5% CO'!B22 -> 3 | C18: ='5% CO'!H22 -> Olefin | D18: ='5% CO'!C22 -> *Propilene | E18: =+'10% CO'!G22 -> 3.7200863 | F18: 1-GAS | G18: =VLOOKUP(Tabella10[[#This Row],[Name]],'10% CO'!$C$8:$I$47,7,FALSE) -> 15 | N18: 1 | O18: oxygenated | P18: 0.93023541 | R18: 13 | S18: 5 | T18: CYCLOPENTANE | V18: C5-N | W18: =+GETPIVOTDATA("mol",$N$17,"Cn",5,"Class","Naphthene") -> 0.0092919826 | X18: =+W18*S18 -> 0.046459913 | Y18: =X18*$Y$4 -> 0.037888244 | Z18: =+X18*$Z$4 -> 0.0085716688 | AA18: =+Y18/$AA$3 -> 0.00044847804 | AB18: =+Z18/$AB$3 -> 6.8901714e-05 | AH18: 11 | AI18: 3.2036741
B19: ='5% CO'!B23 -> 3 | C19: ='5% CO'!H23 -> paraffin | D19: ='5% CO'!C23 -> *Propano | E19: =+'10% CO'!G23 -> 0.36821667 | F19: 1-GAS | G19: =VLOOKUP(Tabella10[[#This Row],[Name]],'10% CO'!$C$8:$I$47,7,FALSE) -> 16 | N19: 1 | O19: paraffin | P19: 12.780415 | R19: 14 | S19: 6 | T19: 2,2-DIMETHYL-BUTANE | U19: C6H14-4 | V19: C6-IP | W19: =+GETPIVOTDATA("mol",$N$17,"Cn",6,"Class","iso-paraffin") -> 0.34416377 | X19: =+W19*S19 -> 2.0649826 | Y19: =X19*$Y$4 -> 1.6840016 | Z19: =+X19*$Z$4 -> 0.38098107 | AA19: =+Y19/$AA$3 -> 0.019933299 | AB19: =+Z19/$AB$3 -> 0.0030624432 | AH19: 12 | AI19: 2.4880317
B20: ='5% CO'!B24 -> 2 | C20: ='5% CO'!H24 -> oxygenated | D20: ='5% CO'!C24 -> *DME | E20: =+'10% CO'!G24 -> 0.0013783851 | F20: 1-GAS | G20: =VLOOKUP(Tabella10[[#This Row],[Name]],'10% CO'!$C$8:$I$47,7,FALSE) -> 17 | N20: 2 | O20: Olefin | P20: 3.733276 | R20: 15 | S20: 6 | T20: N-HEXANE | U20: C6H14-1 | V20: C6 | W20: =+GETPIVOTDATA("mol",$N$17,"Cn",6,"Class","paraffin") -> 0.0049116408 | X20: =+W20*S20 -> 0.029469845 | Y20: =X20*$Y$4 -> 0.024032776 | Z20: =+X20*$Z$4 -> 0.0054370689 | AA20: =+Y20/$AA$3 -> 0.00028447273 | AB20: =+Z20/$AB$3 -> 4.3704834e-05 | AH20: 13 | AI20: 1.7153251
B21: ='5% CO'!B25 -> 1 | C21: ='5% CO'!H25 -> oxygenated | D21: ='5% CO'!C25 -> Metanolo | E21: =+'10% CO'!G25 -> 0.93023541 | F21: 1-GAS | G21: =VLOOKUP(Tabella10[[#This Row],[Name]],'10% CO'!$C$8:$I$47,7,FALSE) -> 18 | N21: 2 | O21: oxygenated | P21: 0.0013783851 | R21: 16 | S21: 6 | T21: 2-METHYL-1-PENTENE | U21: C6H12-D2 | V21: C6-O | W21: =+GETPIVOTDATA("mol",$N$17,"Cn",6,"Class","Olefin") -> 0.63054997 | X21: =+W21*S21 -> 3.7832998 | Y21: =X21*$Y$4 -> 3.0852961 | Z21: =+X21*$Z$4 -> 0.69800374 | AA21: =+Y21/$AA$3 -> 0.036520233 | AB21: =+Z21/$AB$3 -> 0.005610769 | AH21: 14 | AI21: 1.518984
B22: ='5% CO'!B26 -> 4 | C22: ='5% CO'!H26 -> Olefin | D22: ='5% CO'!C26 -> 2-Metilpropene | E22: =+'10% CO'!G26 -> 0.027294049 | F22: 1-GAS | G22: =VLOOKUP(Tabella10[[#This Row],[Name]],'10% CO'!$C$8:$I$47,7,FALSE) -> 19 | N22: 2 | O22: paraffin | P22: 0.85144979 | R22: 17 | S22: 6 | T22: BENZENE | V22: C6-A | W22: =+GETPIVOTDATA("mol",$N$17,"Cn",6,"Class","Aromatic") -> 0.0024894796 | X22: =+W22*S22 -> 0.014936878 | Y22: =X22*$Y$4 -> 0.012181083 | Z22: =+X22*$Z$4 -> 0.0027557944 | AA22: =+Y22/$AA$3 -> 0.00014418584 | AB22: =+Z22/$AB$3 -> 2.2151924e-05 | AH22: 15 | AI22: 1.4364874
B23: ='5% CO'!B27 -> 4 | C23: ='5% CO'!H27 -> Olefin | D23: ='5% CO'!C27 -> *1-Butene | E23: =+'10% CO'!G27 -> 2.0079883 | F23: 1-GAS | G23: =VLOOKUP(Tabella10[[#This Row],[Name]],'10% CO'!$C$8:$I$47,7,FALSE) -> 20 | N23: 3 | O23: Olefin | P23: 3.7200863 | R23: 18 | S23: 6 | T23: CYCLOHEXANE | V23: C6-N | W23: =+GETPIVOTDATA("mol",$N$17,"Cn",6,"Class","Naphthene") -> 0.030001341 | X23: =+W23*S23 -> 0.18000805 | Y23: =X23*$Y$4 -> 0.14679728 | Z23: =+X23*$Z$4 -> 0.033210767 | AA23: =+Y23/$AA$3 -> 0.0017376196 | AB23: =+Z23/$AB$3 -> 0.00026695837 | AH23: 16 | AI23: 1.3670921
B24: ='5% CO'!B28 -> 4 | C24: ='5% CO'!H28 -> paraffin | D24: ='5% CO'!C28 -> *N-Butano | E24: =+'10% CO'!G28 -> 0.26740996 | F24: 1-GAS | G24: =VLOOKUP(Tabella10[[#This Row],[Name]],'10% CO'!$C$8:$I$47,7,FALSE) -> 21 | N24: 3 | O24: paraffin | P24: 0.39016144 | R24: 19 | S24: 7 | T24: N-HEPTANE | U24: C7H16-1 | V24: C7 | W24: =+GETPIVOTDATA("mol",$N$17,"Cn",7,"Class","paraffin") -> 1.5354985e-05 | X24: =+W24*S24 -> 0.0001074849 | Y24: =X24*$Y$4 -> 8.7654363e-05 | Z24: =+X24*$Z$4 -> 1.9830536e-05 | AA24: =+Y24/$AA$3 -> 1.0375529e-06 | AB24: =+Z24/$AB$3 -> 1.5940395e-07 | AH24: 17 | AI24: 1.1664802
B25: ='5% CO'!B29 -> 4 | C25: ='5% CO'!H29 -> Olefin | D25: ='5% CO'!C29 -> 2-Butene | E25: =+'10% CO'!G29 -> 0.035992252 | F25: 1-GAS | G25: =VLOOKUP(Tabella10[[#This Row],[Name]],'10% CO'!$C$8:$I$47,7,FALSE) -> 22 | N25: 4 | O25: iso-paraffin | P25: 0.0076987156 | R25: 20 | S25: 7 | T25: 2-METHYLHEXANE | U25: C7H16-2 | V25: C7-IP | W25: =+GETPIVOTDATA("mol",$N$17,"Cn",7,"Class","iso-paraffin") -> 0.25517738 | X25: =+W25*S25 -> 1.7862416 | Y25: =X25*$Y$4 -> 1.4566872 | Z25: =+X25*$Z$4 -> 0.32955447 | AA25: =+Y25/$AA$3 -> 0.01724261 | AB25: =+Z25/$AB$3 -> 0.0026490603 | AH25: 18 | AI25: 1.072173
B26: ='5% CO'!B30 -> 5 | C26: ='5% CO'!H30 -> Olefin | D26: ='5% CO'!C30 -> 3-Metilbut-1-ene | E26: =+'10% CO'!G30 -> 0.01794532 | F26: 1-GAS | G26: =VLOOKUP(Tabella10[[#This Row],[Name]],'10% CO'!$C$8:$I$47,7,FALSE) -> 23 | N26: 4 | O26: Olefin | P26: 2.209254 | R26: 21 | S26: 7 | T26: 1-HEPTENE | U26: C7H14-7 | V26: C7-O | W26: =+GETPIVOTDATA("mol",$N$17,"Cn",7,"Class","Olefin") -> 0.18837448 | X26: =+W26*S26 -> 1.3186213 | Y26: =X26*$Y$4 -> 1.0753409 | Z26: =+X26*$Z$4 -> 0.24328038 | AA26: =+Y26/$AA$3 -> 0.012728666 | AB26: =+Z26/$AB$3 -> 0.0019555626 | AH26: 19 | AI26: 0.51110754
B27: ='5% CO'!B31 -> 5 | C27: ='5% CO'!H31 -> iso-paraffin | D27: ='5% CO'!C31 -> 2-Metilbutano | E27: =+'10% CO'!G31 -> 0.065627973 | F27: 1-GAS | G27: =VLOOKUP(Tabella10[[#This Row],[Name]],'10% CO'!$C$8:$I$47,7,FALSE) -> 24 | N27: 4 | O27: paraffin | P27: 0.28059487 | R27: 22 | S27: 7 | T27: TOLUENE | U27: C7H8 | V27: C7-A | W27: =+GETPIVOTDATA("mol",$N$17,"Cn",7,"Class","Aromatic") -> 0.006656246 | X27: =+W27*S27 -> 0.046593722 | Y27: =X27*$Y$4 -> 0.037997366 | Z27: =+X27*$Z$4 -> 0.0085963562 | AA27: =+Y27/$AA$3 -> 0.0004497697 | AB27: =+Z27/$AB$3 -> 6.9100158e-05 | AH27: 20 | AI27: 0.42272053
B28: ='5% CO'!B32 -> 5 | C28: ='5% CO'!H32 -> Olefin | D28: ='5% CO'!C32 -> 2-Metilbut-1-ene | E28: =+'10% CO'!G32 -> 0.14721054 | F28: 1-GAS | G28: =VLOOKUP(Tabella10[[#This Row],[Name]],'10% CO'!$C$8:$I$47,7,FALSE) -> 25 | N28: 5 | O28: iso-paraffin | P28: 0.087843466 | R28: 23 | S28: 7 | T28: 1c,3-Dimethylcyclopentane | V28: C7-N | W28: =+GETPIVOTDATA("mol",$N$17,"Cn",7,"Class","Naphthene") -> 0.027091762 | X28: =+W28*S28 -> 0.18964233 | Y28: =X28*$Y$4 -> 0.15465408 | Z28: =+X28*$Z$4 -> 0.034988255 | AA28: =+Y28/$AA$3 -> 0.0018306195 | AB28: =+Z28/$AB$3 -> 0.00028124637 | AH28: 21 | AI28: 0.40350596
B29: ='5% CO'!B33 -> 5 | C29: ='5% CO'!H33 -> Olefin | D29: ='5% CO'!C33 -> *1-Pentene | E29: =+'10% CO'!G33 -> 0.98314259 | F29: 1-GAS | G29: =VLOOKUP(Tabella10[[#This Row],[Name]],'10% CO'!$C$8:$I$47,7,FALSE) -> 26 | N29: 5 | O29: Naphthene | P29: 0.0092919826 | R29: 24 | S29: 8 | T29: N-OCTANE | U29: C8H18-1 | V29: C8 | W29: =+GETPIVOTDATA("mol",$N$17,"Cn",8,"Class","paraffin") -> 0.025054458 | X29: =+W29*S29 -> 0.20043566 | Y29: =X29*$Y$4 -> 0.16345608 | Z29: =+X29*$Z$4 -> 0.036979581 | AA29: =+Y29/$AA$3 -> 0.0019348076 | AB29: =+Z29/$AB$3 -> 0.00029725326 | AH29: 22 | AI29: 0.38044847
B30: ='5% CO'!B34 -> 5 | C30: ='5% CO'!H34 -> Olefin | D30: ='5% CO'!C34 -> 2-Pentene | E30: =+'10% CO'!G34 -> 0.015278815 | F30: 1-GAS | G30: =VLOOKUP(Tabella10[[#This Row],[Name]],'10% CO'!$C$8:$I$47,7,FALSE) -> 27 | N30: 5 | O30: Olefin | P30: 1.4620285 | R30: 25 | S30: 8 | T30: 2,2,4-TRIMETHYLPENTANE | U30: C8H18-13 | V30: C8-IP | W30: =+GETPIVOTDATA("mol",$N$17,"Cn",8,"Class","iso-paraffin") -> 0.10631634 | X30: =+W30*S30 -> 0.8505307 | Y30: =X30*$Y$4 -> 0.69361117 | Z30: =+X30*$Z$4 -> 0.15691953 | AA30: =+Y30/$AA$3 -> 0.008210182 | AB30: =+Z30/$AB$3 -> 0.0012613675 | AH30: 23 | AI30: 0.35354808
B31: ='5% CO'!B35 -> 5 | C31: ='5% CO'!H35 -> paraffin | D31: ='5% CO'!C35 -> *Pentano | E31: =+'10% CO'!G35 -> 0 | F31: 1-GAS | G31: =VLOOKUP(Tabella10[[#This Row],[Name]],'10% CO'!$C$8:$I$47,7,FALSE) -> 28 | N31: 5 | O31: paraffin | P31: 0.026257786 | R31: 26 | S31: 8 | T31: 1-OCTENE | U31: C8H16-16 | V31: C8-O | W31: =+GETPIVOTDATA("mol",$N$17,"Cn",8,"Class","Olefin") -> 0.2918697 | X31: =+W31*S31 -> 2.3349576 | Y31: =X31*$Y$4 -> 1.9041672 | Z31: =+X31*$Z$4 -> 0.43079037 | AA31: =+Y31/$AA$3 -> 0.022539371 | AB31: =+Z31/$AB$3 -> 0.0034628257 | AH31: 24 | AI31: 0.34586225
B32: ='5% CO'!B36 -> 6 | C32: ='5% CO'!H36 -> Olefin | D32: ='5% CO'!C36 -> 2-Metilbut-2-ene | E32: =+'10% CO'!G36 -> 0.0010687714 | F32: 1-GAS | G32: =VLOOKUP(Tabella10[[#This Row],[Name]],'10% CO'!$C$8:$I$47,7,FALSE) -> 29 | N32: 6 | O32: Aromatic | P32: 0.0024894796 | R32: 27 | S32: 8 | T32: 1-METHYL-1-ETHYLCYCLOPENTANE | U32: C8H16-13 | V32: C8-N | W32: =+GETPIVOTDATA("mol",$N$17,"Cn",8,"Class","Naphthene") -> 0.047723324 | X32: =+W32*S32 -> 0.38178659 | Y32: =X32*$Y$4 -> 0.31134848 | Z32: =+X32*$Z$4 -> 0.070438105 | AA32: =+Y32/$AA$3 -> 0.00368539 | AB32: =+Z32/$AB$3 -> 0.00056620318 | AH32: 25 | AI32: 0.31223675
B33: ='5% CO'!B37 -> 6 | C33: ='5% CO'!H37 -> iso-paraffin | D33: ='5% CO'!C37 -> 2,2-Dimetilbutano | E33: =+'10% CO'!G37 -> 0.045584926 | F33: 1-GAS | G33: =VLOOKUP(Tabella10[[#This Row],[Name]],'10% CO'!$C$8:$I$47,7,FALSE) -> 30 | N33: 6 | O33: iso-paraffin | P33: 0.34416377 | R33: 28 | S33: 8 | T33: M-XYLENE | U33: C8H10-2 | V33: C8-A | W33: =+GETPIVOTDATA("mol",$N$17,"Cn",8,"Class","Aromatic") -> 0.090382566 | X33: =+W33*S33 -> 0.72306053 | Y33: =X33*$Y$4 -> 0.58965874 | Z33: =+X33*$Z$4 -> 0.13340179 | AA33: =+Y33/$AA$3 -> 0.006979711 | AB33: =+Z33/$AB$3 -> 0.0010723246 | AH33: 26 | AI33: 0.27476834
B34: ='5% CO'!B38 -> 6 | C34: ='5% CO'!H38 -> Olefin | D34: ='5% CO'!C38 -> 3-Metilpent-1-ene | E34: =+'10% CO'!G38 -> 0.094779325 | F34: 1-GAS | G34: =VLOOKUP(Tabella10[[#This Row],[Name]],'10% CO'!$C$8:$I$47,7,FALSE) -> 31 | N34: 6 | O34: Naphthene | P34: 0.030001341 | R34: 29 | S34: 9 | T34: N-NONANE | U34: C9H20-1 | V34: C9 | W34: =+GETPIVOTDATA("mol",$N$17,"Cn",9,"Class","paraffin") -> 0.052091431 | X34: =+W34*S34 -> 0.46882288 | Y34: =X34*$Y$4 -> 0.38232693 | Z34: =+X34*$Z$4 -> 0.086495954 | AA34: =+Y34/$AA$3 -> 0.0045255523 | AB34: =+Z34/$AB$3 -> 0.00069528112 | AH34: 27 | AI34: 0.23345702
B35: ='5% CO'!B39 -> 6 | C35: ='5% CO'!H39 -> Olefin | D35: ='5% CO'!C39 -> 4-Metilpent-2-ene | E35: =+'10% CO'!G39 -> 0.37655865 | F35: 1-GAS | G35: =VLOOKUP(Tabella10[[#This Row],[Name]],'10% CO'!$C$8:$I$47,7,FALSE) -> 32 | N35: 6 | O35: Olefin | P35: 0.63054997 | R35: 30 | S35: 9 | T35: 3-METHYLOCTANE | U35: C9H20-D2 | V35: C9-IP | W35: =+GETPIVOTDATA("mol",$N$17,"Cn",9,"Class","iso-paraffin") -> 0.27953122 | X35: =+W35*S35 -> 2.5157809 | Y35: =X35*$Y$4 -> 2.0516294 | Z35: =+X35*$Z$4 -> 0.46415156 | AA35: =+Y35/$AA$3 -> 0.02428486 | AB35: =+Z35/$AB$3 -> 0.0037309932 | AH35: Totale complessivo | AI35: 92.711944
B36: ='5% CO'!B40 -> 6 | C36: ='5% CO'!H40 -> Olefin | D36: ='5% CO'!C40 -> 1-Esene | E36: =+'10% CO'!G40 -> 0.033946382 | F36: 1-GAS | G36: =VLOOKUP(Tabella10[[#This Row],[Name]],'10% CO'!$C$8:$I$47,7,FALSE) -> 33 | N36: 6 | O36: paraffin | P36: 0.0049116408 | R36: 31 | S36: 9 | T36: 1-NONENE | U36: C9H18-3 | V36: C9-O | W36: =+GETPIVOTDATA("mol",$N$17,"Cn",9,"Class","Olefin") -> 0.051513556 | X36: =+W36*S36 -> 0.46362201 | Y36: =X36*$Y$4 -> 0.37808559 | Z36: =+X36*$Z$4 -> 0.085536413 | AA36: =+Y36/$AA$3 -> 0.0044753482 | AB36: =+Z36/$AB$3 -> 0.00068756803
B37: ='5% CO'!B41 -> 6 | C37: ='5% CO'!H41 -> paraffin | D37: ='5% CO'!C41 -> Esano | E37: =+'10% CO'!G41 -> 0.0015197248 | F37: 1-GAS | G37: =VLOOKUP(Tabella10[[#This Row],[Name]],'10% CO'!$C$8:$I$47,7,FALSE) -> 34 | N37: 7 | O37: Aromatic | P37: 0.006656246 | R37: 32 | S37: 9 | T37: ISOPROPYLCYCLOHEXANE | U37: C9H18-2 | V37: C9-N | W37: =+GETPIVOTDATA("mol",$N$17,"Cn",9,"Class","Naphthene") -> 0.029039779 | X37: =+W37*S37 -> 0.26135801 | Y37: =X37*$Y$4 -> 0.2131385 | Z37: =+X37*$Z$4 -> 0.048219513 | AA37: =+Y37/$AA$3 -> 0.0025228917 | AB37: =+Z37/$AB$3 -> 0.00038760329
B38: ='5% CO'!B42 -> 6 | C38: ='5% CO'!H42 -> Olefin | D38: ='5% CO'!C42 -> 2,3-Dimetilbut-2-ene | E38: =+'10% CO'!G42 -> 0.0030867696 | F38: 1-GAS | G38: =VLOOKUP(Tabella10[[#This Row],[Name]],'10% CO'!$C$8:$I$47,7,FALSE) -> 35 | N38: 7 | O38: iso-paraffin | P38: 0.25517738 | R38: 33 | S38: 9 | T38: INDANE | U38: C9H10-E1 | V38: C9-A | W38: =+GETPIVOTDATA("mol",$N$17,"Cn",9,"Class","Aromatic") -> 0.072879304 | X38: =+W38*S38 -> 0.65591374 | Y38: =X38*$Y$4 -> 0.53490026 | Z38: =+X38*$Z$4 -> 0.12101347 | AA38: =+Y38/$AA$3 -> 0.0063315423 | AB38: =+Z38/$AB$3 -> 0.00097274355
B39: ='5% CO'!B43 -> 7 | C39: ='5% CO'!H43 -> iso-paraffin | D39: ='5% CO'!C43 -> 2,2-Dimetilpentano | E39: =+'10% CO'!G43 -> 0.00055340367 | F39: 1-GAS | G39: =VLOOKUP(Tabella10[[#This Row],[Name]],'10% CO'!$C$8:$I$47,7,FALSE) -> 36 | N39: 7 | O39: Naphthene | P39: 0.027091762 | R39: 34 | S39: 10 | T39: N-DECANE | U39: C10H22-1 | V39: C10 | W39: =+GETPIVOTDATA("mol",$N$17,"Cn",10,"Class","paraffin") -> 0.07793219 | X39: =+W39*S39 -> 0.7793219 | Y39: =X39*$Y$4 -> 0.63554011 | Z39: =+X39*$Z$4 -> 0.14378179 | AA39: =+Y39/$AA$3 -> 0.0075228026 | AB39: =+Z39/$AB$3 -> 0.0011557623
B40: ='5% CO'!B44 -> 7 | C40: ='5% CO'!H44 -> Olefin | D40: ='5% CO'!C44 -> 2-Metiles-1-ene | E40: =+'10% CO'!G44 -> 5.0169138e-05 | F40: 1-GAS | G40: =VLOOKUP(Tabella10[[#This Row],[Name]],'10% CO'!$C$8:$I$47,7,FALSE) -> 37 | N40: 7 | O40: Olefin | P40: 0.18837448 | R40: 35 | S40: 10 | T40: 2-METHYLNONANE | U40: C10H22-E2 | V40: C10-IP | W40: =+GETPIVOTDATA("mol",$N$17,"Cn",10,"Class","iso-paraffin") -> 0.095023436 | X40: =+W40*S40 -> 0.95023436 | Y40: =X40*$Y$4 -> 0.7749199 | Z40: =+X40*$Z$4 -> 0.17531445 | AA40: =+Y40/$AA$3 -> 0.0091726224 | AB40: =+Z40/$AB$3 -> 0.0014092316
B41: ='5% CO'!B45 -> 7 | C41: ='5% CO'!H45 -> Olefin | D41: ='5% CO'!C45 -> 1-eptene | E41: =+'10% CO'!G45 -> 0.00053147826 | F41: 1-GAS | G41: =VLOOKUP(Tabella10[[#This Row],[Name]],'10% CO'!$C$8:$I$47,7,FALSE) -> 38 | N41: 7 | O41: paraffin | P41: 1.5354985e-05 | R41: 36 | S41: 10 | T41: 1-DECENE | U41: C10H20-5 | V41: C10-O | W41: =+GETPIVOTDATA("mol",$N$17,"Cn",10,"Class","Olefin") -> 0.10367127 | X41: =+W41*S41 -> 1.0367127 | Y41: =X41*$Y$4 -> 0.8454433 | Z41: =+X41*$Z$4 -> 0.19126936 | AA41: =+Y41/$AA$3 -> 0.010007398 | AB41: =+Z41/$AB$3 -> 0.001537482
B42: ='5% CO'!B46 -> 7 | C42: ='5% CO'!H46 -> paraffin | D42: ='5% CO'!C46 -> Eptano | E42: =+'10% CO'!G46 -> 1.5354985e-05 | F42: 1-GAS | G42: =VLOOKUP(Tabella10[[#This Row],[Name]],'10% CO'!$C$8:$I$47,7,FALSE) -> 39 | N42: 8 | O42: Aromatic | P42: 0.090382566 | R42: 37 | S42: 10 | T42: 1-PROPYL-1-METHYLCYCLOHEXANE | U42: C10H20-N24 | V42: C10-N | W42: =+GETPIVOTDATA("mol",$N$17,"Cn",10,"Class","Naphthene") -> 0.060313867 | X42: =+W42*S42 -> 0.60313867 | Y42: =X42*$Y$4 -> 0.49186199 | Z42: =+X42*$Z$4 -> 0.11127668 | AA42: =+Y42/$AA$3 -> 0.005822104 | AB42: =+Z42/$AB$3 -> 0.00089447623
B43: ='5% CO'!B47 -> 7 | C43: ='5% CO'!H47 -> Olefin | D43: ='5% CO'!C47 -> 2-Eptene | E43: =+'10% CO'!G47 -> 0.010071992 | F43: 1-GAS | G43: =VLOOKUP(Tabella10[[#This Row],[Name]],'10% CO'!$C$8:$I$47,7,FALSE) -> 40 | N43: 8 | O43: iso-paraffin | P43: 0.10631634 | R43: 38 | S43: 10 | T43: 1,2-DIMETHYL-3-ETHYLBENZENE | U43: C10H14-D3 | V43: C10-A | W43: =+GETPIVOTDATA("mol",$N$17,"Cn",10,"Class","Aromatic") -> 0.073831741 | X43: =+W43*S43 -> 0.73831741 | Y43: =X43*$Y$4 -> 0.60210079 | Z43: =+X43*$Z$4 -> 0.13621662 | AA43: =+Y43/$AA$3 -> 0.0071269859 | AB43: =+Z43/$AB$3 -> 0.0010949511
A44: DHA | B44: =+'5% CO'!T2 -> 3 | C44: =+'5% CO'!U2 -> paraffin | D44: =+'5% CO'!R2 -> Propane | E44: =+'10% CO'!Z2 -> 0.021944763 | F44: 2-DHA | G44: =VLOOKUP(Tabella10[[#This Row],[Name]],Tabella278[],5,FALSE) -> 1 | N44: 8 | O44: Naphthene | P44: 0.047723324 | R44: 39 | S44: 11 | T44: N-UNDECANE | U44: C11H24 | V44: C11 | W44: =+GETPIVOTDATA("mol",$N$17,"Cn",11,"Class","paraffin") -> 0.089984231 | X44: =+W44*S44 -> 0.98982654 | Y44: =X44*$Y$4 -> 0.80720749 | Z44: =+X44*$Z$4 -> 0.18261905 | AA44: =+Y44/$AA$3 -> 0.0095548062 | AB44: =+Z44/$AB$3 -> 0.0014679482
B45: =+'5% CO'!T3 -> 4 | C45: =+'5% CO'!U3 -> Olefin | D45: =+'5% CO'!R3 -> Butene-1 | E45: =+'10% CO'!Z3 -> 0.13797941 | F45: 2-DHA | G45: =VLOOKUP(Tabella10[[#This Row],[Name]],Tabella278[],5,FALSE) -> 2 | N45: 8 | O45: Olefin | P45: 0.2918697 | R45: 40 | S45: 11 | T45: 3-ETHYLNONANE | U45: C11H24-N8 | V45: C11-IP | W45: =+GETPIVOTDATA("mol",$N$17,"Cn",11,"Class","iso-paraffin") -> 0.098430911 | X45: =+W45*S45 -> 1.08274 | Y45: =X45*$Y$4 -> 0.8829788 | Z45: =+X45*$Z$4 -> 0.19976122 | AA45: =+Y45/$AA$3 -> 0.010451701 | AB45: =+Z45/$AB$3 -> 0.0016057422
B46: =+'5% CO'!T4 -> 4 | C46: =+'5% CO'!U4 -> paraffin | D46: =+'5% CO'!R4 -> n-Butane | E46: =+'10% CO'!Z4 -> 0.013184906 | F46: 2-DHA | G46: =VLOOKUP(Tabella10[[#This Row],[Name]],Tabella278[],5,FALSE) -> 3 | N46: 8 | O46: paraffin | P46: 0.025054458 | R46: 41 | S46: 11 | T46: 1-ETHYL-2-ISOPROPYLBENZENE | U46: C11H16-D1 | V46: C11-A | W46: =+GETPIVOTDATA("mol",$N$17,"Cn",11,"Class","Aromatic") -> 0.03945514 | X46: =+W46*S46 -> 0.43400654 | Y46: =X46*$Y$4 -> 0.35393406 | Z46: =+X46*$Z$4 -> 0.080072477 | AA46: =+Y46/$AA$3 -> 0.0041894697 | AB46: =+Z46/$AB$3 -> 0.00064364723
B47: =+'5% CO'!T5 -> 4 | C47: =+'5% CO'!U5 -> iso-paraffin | D47: =+'5% CO'!R5 -> i-Butane | E47: =+'10% CO'!Z5 -> 0.0076987156 | F47: 2-DHA | G47: =VLOOKUP(Tabella10[[#This Row],[Name]],Tabella278[],5,FALSE) -> 4 | N47: 9 | O47: Aromatic | P47: 0.072879304 | R47: 42 | S47: 11 | T47: Undecene-1 | V47: C11-O | W47: =+GETPIVOTDATA("mol",$N$17,"Cn",11,"Class","Olefin") -> 0.063372815 | X47: =+W47*S47 -> 0.69710096 | Y47: =X47*$Y$4 -> 0.56848861 | Z47: =+X47*$Z$4 -> 0.12861235 | AA47: =+Y47/$AA$3 -> 0.0067291231 | AB47: =+Z47/$AB$3 -> 0.0010338257
B48: =+'5% CO'!T6 -> 5 | C48: =+'5% CO'!U6 -> Olefin | D48: =+'5% CO'!R6 -> 1,4-Pentadiene | E48: =+'10% CO'!Z6 -> 0.29845126 | F48: 2-DHA | G48: =VLOOKUP(Tabella10[[#This Row],[Name]],Tabella278[],5,FALSE) -> 5 | N48: 9 | O48: iso-paraffin | P48: 0.27953122 | R48: 43 | S48: 12 | T48: 2-METHYLUNDECANE | U48: C12H26-N9 | V48: C12-IP | W48: =+GETPIVOTDATA("mol",$N$17,"Cn",12,"Class","iso-paraffin") -> 0.069381796 | X48: =+W48*S48 -> 0.83258155 | Y48: =X48*$Y$4 -> 0.67897357 | Z48: =+X48*$Z$4 -> 0.15360798 | AA48: =+Y48/$AA$3 -> 0.0080369187 | AB48: =+Z48/$AB$3 -> 0.0012347482
B49: =+'5% CO'!T7 -> 5 | C49: =+'5% CO'!U7 -> paraffin | D49: =+'5% CO'!R7 -> n-Pentane | E49: =+'10% CO'!Z7 -> 0.026257786 | F49: 2-DHA | G49: =VLOOKUP(Tabella10[[#This Row],[Name]],Tabella278[],5,FALSE) -> 6 | N49: 9 | O49: Naphthene | P49: 0.029039779 | R49: 44 | S49: 12 | T49: N-DODECANE | U49: C12H26 | V49: C12 | W49: =+GETPIVOTDATA("mol",$N$17,"Cn",12,"Class","paraffin") -> 0.10087649 | X49: =+W49*S49 -> 1.2105179 | Y49: =X49*$Y$4 -> 0.98718214 | Z49: =+X49*$Z$4 -> 0.22333572 | AA49: =+Y49/$AA$3 -> 0.011685142 | AB49: =+Z49/$AB$3 -> 0.0017952413
B50: =+'5% CO'!T8 -> 5 | C50: =+'5% CO'!U8 -> iso-paraffin | D50: =+'5% CO'!R8 -> (C5-IsoParaffin) | E50: =+'10% CO'!Z8 -> 0.022215493 | F50: 2-DHA | G50: =VLOOKUP(Tabella10[[#This Row],[Name]],Tabella278[],5,FALSE) -> 7 | N50: 9 | O50: Olefin | P50: 0.051513556 | R50: 45 | S50: 12 | T50: 1-DODECENE | U50: C12H24-2 | V50: C12-O | W50: =+GETPIVOTDATA("mol",$N$17,"Cn",12,"Class","Olefin") -> 0.0068149504 | X50: =+W50*S50 -> 0.081779404 | Y50: =X50*$Y$4 -> 0.06669143 | Z50: =+X50*$Z$4 -> 0.015087974 | AA50: =+Y50/$AA$3 -> 0.00078941747 | AB50: =+Z50/$AB$3 -> 0.00012128178
B51: =+'5% CO'!T9 -> 5 | C51: =+'5% CO'!U9 -> Naphthene | D51: =+'5% CO'!R9 -> Cyclopentane | E51: =+'10% CO'!Z9 -> 0.0092919826 | F51: 2-DHA | G51: =VLOOKUP(Tabella10[[#This Row],[Name]],Tabella278[],5,FALSE) -> 8 | N51: 9 | O51: paraffin | P51: 0.052091431 | R51: 46 | S51: 12 | T51: 1,2,4-TRIETHYLBENZENE | U51: C12H18-D6 | V51: C12-A | W51: =+GETPIVOTDATA("mol",$N$17,"Cn",12,"Class","Aromatic") -> 0.024020366 | X51: =+W51*S51 -> 0.28824439 | Y51: =X51*$Y$4 -> 0.23506445 | Z51: =+X51*$Z$4 -> 0.053179942 | AA51: =+Y51/$AA$3 -> 0.0027824262 | AB51: =+Z51/$AB$3 -> 0.00042747675
B52: =+'5% CO'!T10 -> 6 | C52: =+'5% CO'!U10 -> iso-paraffin | D52: =+'5% CO'!R10 -> 3-Methylpentane | E52: =+'10% CO'!Z10 -> 0.29857885 | F52: 2-DHA | G52: =VLOOKUP(Tabella10[[#This Row],[Name]],Tabella278[],5,FALSE) -> 9 | N52: 10 | O52: Aromatic | P52: 0.073831741 | R52: 47 | S52: 12 | V52: C12-N | W52: =+GETPIVOTDATA("mol",$N$17,"Cn",12,"Class","Naphthene") -> 0.0062423701 | X52: =+W52*S52 -> 0.074908441 | Y52: =X52*$Y$4 -> 0.061088132 | Z52: =+X52*$Z$4 -> 0.013820309 | AA52: =+Y52/$AA$3 -> 0.00072309198 | AB52: =+Z52/$AB$3 -> 0.0001110919
B53: =+'5% CO'!T11 -> 6 | C53: =+'5% CO'!U11 -> Olefin | D53: =+'5% CO'!R11 -> 1t,4-Hexadiene | E53: =+'10% CO'!Z11 -> 0.12111007 | F53: 2-DHA | G53: =VLOOKUP(Tabella10[[#This Row],[Name]],Tabella278[],5,FALSE) -> 10 | N53: 10 | O53: iso-paraffin | P53: 0.095023436 | R53: 48 | S53: 13 | T53: 2-METHYLDODECANE | U53: C13H28-N1 | V53: C13-IP | W53: =+GETPIVOTDATA("mol",$N$17,"Cn",13,"Class","iso-paraffin") -> 0.025062836 | X53: =+W53*S53 -> 0.32581686 | Y53: =X53*$Y$4 -> 0.26570495 | Z53: =+X53*$Z$4 -> 0.060111914 | AA53: =+Y53/$AA$3 -> 0.0031451137 | AB53: =+Z53/$AB$3 -> 0.00048319807
B54: =+'5% CO'!T12 -> 6 | C54: =+'5% CO'!U12 -> Naphthene | D54: =+'5% CO'!R12 -> Cyclohexane | E54: =+'10% CO'!Z12 -> 0.030001341 | F54: 2-DHA | G54: =VLOOKUP(Tabella10[[#This Row],[Name]],Tabella278[],5,FALSE) -> 11 | N54: 10 | O54: Naphthene | P54: 0.060313867 | R54: 49 | S54: 13 | T54: 1-TRIDECENE | U54: C13H26-2 | V54: C13-O | W54: =+GETPIVOTDATA("mol",$N$17,"Cn",13,"Class","Olefin") -> 0.0021658472 | X54: =+W54*S54 -> 0.028156014 | Y54: =X54*$Y$4 -> 0.022961342 | Z54: =+X54*$Z$4 -> 0.0051946724 | AA54: =+Y54/$AA$3 -> 0.00027179031 | AB54: =+Z54/$AB$3 -> 4.1756377e-05
B55: =+'5% CO'!T13 -> 6 | C55: =+'5% CO'!U13 -> paraffin | D55: =+'5% CO'!R13 -> n-Hexane | E55: =+'10% CO'!Z13 -> 0.0033919159 | F55: 2-DHA | G55: =VLOOKUP(Tabella10[[#This Row],[Name]],Tabella278[],5,FALSE) -> 12 | N55: 10 | O55: Olefin | P55: 0.10367127 | R55: 50 | S55: 13 | T55: N-TRIDECANE | U55: C13H28 | V55: C13 | W55: =+GETPIVOTDATA("mol",$N$17,"Cn",13,"Class","paraffin") -> 0.1047194 | X55: =+W55*S55 -> 1.3613522 | Y55: =X55*$Y$4 -> 1.1101882 | Z55: =+X55*$Z$4 -> 0.25116406 | AA55: =+Y55/$AA$3 -> 0.013141148 | AB55: =+Z55/$AB$3 -> 0.0020189341
B56: =+'5% CO'!T14 -> 6 | C56: =+'5% CO'!U14 -> Aromatic | D56: =+'5% CO'!R14 -> Benzene | E56: =+'10% CO'!Z14 -> 0.0024894796 | F56: 2-DHA | G56: =VLOOKUP(Tabella10[[#This Row],[Name]],Tabella278[],5,FALSE) -> 13 | N56: 10 | O56: paraffin | P56: 0.07793219 | R56: 51 | S56: 14 | T56: 2-METHYLTRIDECANE | U56: C14H30-N1 | V56: C14-IP | W56: =+GETPIVOTDATA("mol",$N$17,"Cn",14,"Class","iso-paraffin") -> 0.0057009083 | X56: =+W56*S56 -> 0.079812716 | Y56: =X56*$Y$4 -> 0.065087587 | Z56: =+X56*$Z$4 -> 0.014725128 | AA56: =+Y56/$AA$3 -> 0.000770433 | AB56: =+Z56/$AB$3 -> 0.00011836511
B57: =+'5% CO'!T15 -> 7 | C57: =+'5% CO'!U15 -> iso-paraffin | D57: =+'5% CO'!R15 -> 3-Ethylpentane | E57: =+'10% CO'!Z15 -> 0.25462397 | F57: 2-DHA | G57: =VLOOKUP(Tabella10[[#This Row],[Name]],Tabella278[],5,FALSE) -> 14 | N57: 11 | O57: Aromatic | P57: 0.03945514 | R57: 52 | S57: 14 | T57: N-TETRADECANE | U57: C14H30 | V57: C14 | W57: =+GETPIVOTDATA("mol",$N$17,"Cn",14,"Class","paraffin") -> 0.10279795 | X57: =+W57*S57 -> 1.4391712 | Y57: =X57*$Y$4 -> 1.1736499 | Z57: =+X57*$Z$4 -> 0.26552136 | AA57: =+Y57/$AA$3 -> 0.013892335 | AB57: =+Z57/$AB$3 -> 0.0021343425
B58: =+'5% CO'!T16 -> 7 | C58: =+'5% CO'!U16 -> Olefin | D58: =+'5% CO'!R16 -> 2,4-Dimethylpentene-1 | E58: =+'10% CO'!Z16 -> 0.17772084 | F58: 2-DHA | G58: =VLOOKUP(Tabella10[[#This Row],[Name]],Tabella278[],5,FALSE) -> 15 | N58: 11 | O58: iso-paraffin | P58: 0.098430911 | R58: 53 | S58: 15 | T58: 2-METHYLTETRADECANE | U58: C15H32-N1 | V58: C15-IP | W58: =+GETPIVOTDATA("mol",$N$17,"Cn",15,"Class","iso-paraffin") -> 0.0044966225 | X58: =+W58*S58 -> 0.067449338 | Y58: =X58*$Y$4 -> 0.055005203 | Z58: =+X58*$Z$4 -> 0.012444134 | AA58: =+Y58/$AA$3 -> 0.00065108918 | AB58: =+Z58/$AB$3 -> 0.00010002978
B59: =+'5% CO'!T17 -> 7 | C59: =+'5% CO'!U17 -> Naphthene | D59: =+'5% CO'!R17 -> 1c,3-Dimethylcyclopentane | E59: =+'10% CO'!Z17 -> 0.027091762 | F59: 2-DHA | G59: =VLOOKUP(Tabella10[[#This Row],[Name]],Tabella278[],5,FALSE) -> 16 | N59: 11 | O59: Olefin | P59: 0.063372815 | R59: 54 | S59: 15 | T59: N-PENTADECANE | U59: C15H32 | V59: C15 | W59: =+GETPIVOTDATA("mol",$N$17,"Cn",15,"Class","paraffin") -> 0.091269204 | X59: =+W59*S59 -> 1.3690381 | Y59: =X59*$Y$4 -> 1.116456 | Z59: =+X59*$Z$4 -> 0.25258207 | AA59: =+Y59/$AA$3 -> 0.013215339 | AB59: =+Z59/$AB$3 -> 0.0020303325
B60: =+'5% CO'!T18 -> 7 | C60: =+'5% CO'!U18 -> Aromatic | D60: =+'5% CO'!R18 -> Toluene | E60: =+'10% CO'!Z18 -> 0.006656246 | F60: 2-DHA | G60: =VLOOKUP(Tabella10[[#This Row],[Name]],Tabella278[],5,FALSE) -> 17 | N60: 11 | O60: paraffin | P60: 0.089984231 | R60: 55 | S60: 16 | T60: 2-METHYLPENTADECANE | U60: C16H34-N1 | V60: C16-IP | W60: =+GETPIVOTDATA("mol",$N$17,"Cn",16,"Class","iso-paraffin") -> 0.011467165 | X60: =+W60*S60 -> 0.18347465 | Y60: =X60*$Y$4 -> 0.1496243 | Z60: =+X60*$Z$4 -> 0.033850341 | AA60: =+Y60/$AA$3 -> 0.0017710827 | AB60: =+Z60/$AB$3 -> 0.00027209947
B61: =+'5% CO'!T19 -> 8 | C61: =+'5% CO'!U19 -> Olefin | D61: =+'5% CO'!R19 -> Octene-1 | E61: =+'10% CO'!Z19 -> 0.2918697 | F61: 2-DHA | G61: =VLOOKUP(Tabella10[[#This Row],[Name]],Tabella278[],5,FALSE) -> 18 | N61: 12 | O61: Aromatic | P61: 0.024020366 | R61: 56 | S61: 16 | T61: N-HEXADECANE | U61: C16H34 | V61: C16 | W61: =+GETPIVOTDATA("mol",$N$17,"Cn",16,"Class","paraffin") -> 0.073976092 | X61: =+W61*S61 -> 1.1836175 | Y61: =X61*$Y$4 -> 0.96524476 | Z61: =+X61*$Z$4 -> 0.21837271 | AA61: =+Y61/$AA$3 -> 0.011425472 | AB61: =+Z61/$AB$3 -> 0.0017553471
B62: =+'5% CO'!T20 -> 8 | C62: =+'5% CO'!U20 -> Aromatic | D62: =+'5% CO'!R20 -> Ethylbenzene | E62: =+'10% CO'!Z20 -> 0.05498638 | F62: 2-DHA | G62: =VLOOKUP(Tabella10[[#This Row],[Name]],Tabella278[],5,FALSE) -> 19 | N62: 12 | O62: iso-paraffin | P62: 0.069381796 | R62: 57 | S62: 17 | T62: 14-METHYLHEXADECANE | U62: C17H36-N10 | V62: C17-IP | W62: =+GETPIVOTDATA("mol",$N$17,"Cn",17,"Class","iso-paraffin") -> 0.0042476745 | X62: =+W62*S62 -> 0.072210467 | Y62: =X62*$Y$4 -> 0.058887924 | Z62: =+X62*$Z$4 -> 0.013322544 | AA62: =+Y62/$AA$3 -> 0.00069704841 | AB62: =+Z62/$AB$3 -> 0.00010709071
B63: =+'5% CO'!T21 -> 8 | C63: =+'5% CO'!U21 -> iso-paraffin | D63: =+'5% CO'!R21 -> 2-Methyl-3-ethylpentane | E63: =+'10% CO'!Z21 -> 0.10631634 | F63: 2-DHA | G63: =VLOOKUP(Tabella10[[#This Row],[Name]],Tabella278[],5,FALSE) -> 20 | N63: 12 | O63: Naphthene | P63: 0.0062423701 | R63: 58 | S63: 17 | T63: N-HEPTADECANE | U63: C17H36 | V63: C17 | W63: =+GETPIVOTDATA("mol",$N$17,"Cn",17,"Class","paraffin") -> 0.064368807 | X63: =+W63*S63 -> 1.0942697 | Y63: =X63*$Y$4 -> 0.89238132 | Z63: =+X63*$Z$4 -> 0.20188841 | AA63: =+Y63/$AA$3 -> 0.010562997 | AB63: =+Z63/$AB$3 -> 0.0016228412
B64: =+'5% CO'!T22 -> 8 | C64: =+'5% CO'!U22 -> Naphthene | D64: =+'5% CO'!R22 -> 1c,2t,3-Trimethylcyclopentane | E64: =+'10% CO'!Z22 -> 0.047723324 | F64: 2-DHA | G64: =VLOOKUP(Tabella10[[#This Row],[Name]],Tabella278[],5,FALSE) -> 21 | N64: 12 | O64: Olefin | P64: 0.0068149504 | R64: 59 | S64: 18 | T64: N-OCTADECANE | U64: C18H38 | V64: C18 | W64: =+GETPIVOTDATA("mol",$N$17,"Cn",18,"Class","paraffin") -> 0.059565165 | X64: =+W64*S64 -> 1.072173 | Y64: =X64*$Y$4 -> 0.87436133 | Z64: =+X64*$Z$4 -> 0.19781164 | AA64: =+Y64/$AA$3 -> 0.010349697 | AB64: =+Z64/$AB$3 -> 0.0015900709
B65: =+'5% CO'!T23 -> 8 | C65: =+'5% CO'!U23 -> paraffin | D65: =+'5% CO'!R23 -> n-Octane | E65: =+'10% CO'!Z23 -> 0.0010362459 | F65: 2-DHA | G65: =VLOOKUP(Tabella10[[#This Row],[Name]],Tabella278[],5,FALSE) -> 22 | N65: 12 | O65: paraffin | P65: 0.10087649 | R65: 60 | S65: 19 | T65: N-NONADECANE | U65: C19H40 | V65: C19 | W65: =+GETPIVOTDATA("mol",$N$17,"Cn",19,"Class","paraffin") -> 0.026900397 | X65: =+W65*S65 -> 0.51110754 | Y65: =X65*$Y$4 -> 0.41681024 | Z65: =+X65*$Z$4 -> 0.094297306 | AA65: =+Y65/$AA$3 -> 0.0049337266 | AB65: =+Z65/$AB$3 -> 0.00075799078
B66: =+'5% CO'!T24 -> 9 | C66: =+'5% CO'!U24 -> iso-paraffin | D66: =+'5% CO'!R24 -> I8 (C9) | E66: =+'10% CO'!Z24 -> 0.27953122 | F66: 2-DHA | G66: =VLOOKUP(Tabella10[[#This Row],[Name]],Tabella278[],5,FALSE) -> 23 | N66: 13 | O66: iso-paraffin | P66: 0.025062836 | R66: 61 | S66: 20 | T66: N-EICOSANE | U66: C20H42 | V66: C20 | W66: =+GETPIVOTDATA("mol",$N$17,"Cn",20,"Class","paraffin") -> 0.021136026 | X66: =+W66*S66 -> 0.42272053 | Y66: =X66*$Y$4 -> 0.34473027 | Z66: =+X66*$Z$4 -> 0.077990253 | AA66: =+Y66/$AA$3 -> 0.0040805258 | AB66: =+Z66/$AB$3 -> 0.00062690967
B67: =+'5% CO'!T25 -> 9 | C67: =+'5% CO'!U25 -> Olefin | D67: =+'5% CO'!R25 -> 3,5,5-Trimethylhexene-1 | E67: =+'10% CO'!Z25 -> 0.051513556 | F67: 2-DHA | G67: =VLOOKUP(Tabella10[[#This Row],[Name]],Tabella278[],5,FALSE) -> 24 | N67: 13 | O67: Olefin | P67: 0.0021658472 | R67: 62 | S67: 21 | T67: N-HENEICOSANE | U67: C21H44 | V67: C21 | W67: =+GETPIVOTDATA("mol",$N$17,"Cn",21,"Class","paraffin") -> 0.019214569 | X67: =+W67*S67 -> 0.40350596 | Y67: =X67*$Y$4 -> 0.32906071 | Z67: =+X67*$Z$4 -> 0.074445242 | AA67: =+Y67/$AA$3 -> 0.0038950473 | AB67: =+Z67/$AB$3 -> 0.00059841378
B68: =+'5% CO'!T26 -> 9 | C68: =+'5% CO'!U26 -> Aromatic | D68: =+'5% CO'!R26 -> 1,3-Methylethylbenzene | E68: =+'10% CO'!Z26 -> 0.07256833 | F68: 2-DHA | G68: =VLOOKUP(Tabella10[[#This Row],[Name]],Tabella278[],5,FALSE) -> 25 | N68: 13 | O68: paraffin | P68: 0.1047194 | R68: 63 | S68: 22 | T68: N-DOCOSANE | U68: C22H46 | V68: C22 | W68: =+GETPIVOTDATA("mol",$N$17,"Cn",22,"Class","paraffin") -> 0.017293112 | X68: =+W68*S68 -> 0.38044847 | Y68: =X68*$Y$4 -> 0.31025725 | Z68: =+X68*$Z$4 -> 0.070191228 | AA68: =+Y68/$AA$3 -> 0.0036724732 | AB68: =+Z68/$AB$3 -> 0.0005642187
B69: =+'5% CO'!T27 -> 9 | C69: =+'5% CO'!U27 -> paraffin | D69: =+'5% CO'!R27 -> n-Nonane | E69: =+'10% CO'!Z27 -> 0.022308849 | F69: 2-DHA | G69: =VLOOKUP(Tabella10[[#This Row],[Name]],Tabella278[],5,FALSE) -> 26 | N69: 14 | O69: iso-paraffin | P69: 0.0057009083 | R69: 64 | S69: 23 | T69: N-TRICOSANE | U69: C23H48 | V69: C23 | W69: =+GETPIVOTDATA("mol",$N$17,"Cn",23,"Class","paraffin") -> 0.015371655 | X69: =+W69*S69 -> 0.35354808 | Y69: =X69*$Y$4 -> 0.28831986 | Z69: =+X69*$Z$4 -> 0.065228212 | AA69: =+Y69/$AA$3 -> 0.0034128034 | AB69: =+Z69/$AB$3 -> 0.00052432445
B70: =+'5% CO'!T28 -> 9 | C70: =+'5% CO'!U28 -> Naphthene | D70: =+'5% CO'!R28 -> 1,1,3-Trimethylcyclohexane | E70: =+'10% CO'!Z28 -> 0.029039779 | F70: 2-DHA | G70: =VLOOKUP(Tabella10[[#This Row],[Name]],Tabella278[],5,FALSE) -> 27 | N70: 14 | O70: paraffin | P70: 0.10279795 | R70: 65 | S70: 24 | T70: N-TETRACOSANE | U70: C24H50 | V70: C24 | W70: =+GETPIVOTDATA("mol",$N$17,"Cn",24,"Class","paraffin") -> 0.014410927 | X70: =+W70*S70 -> 0.34586225 | Y70: =X70*$Y$4 -> 0.28205204 | Z70: =+X70*$Z$4 -> 0.063810207 | AA70: =+Y70/$AA$3 -> 0.003338612 | AB70: =+Z70/$AB$3 -> 0.00051292609
B71: =+'5% CO'!T29 -> 10 | C71: =+'5% CO'!U29 -> Olefin | D71: =+'5% CO'!R29 -> Decene-1 | E71: =+'10% CO'!Z29 -> 0.10367127 | F71: 2-DHA | G71: =VLOOKUP(Tabella10[[#This Row],[Name]],Tabella278[],5,FALSE) -> 28 | N71: 15 | O71: iso-paraffin | P71: 0.0044966225 | R71: 66 | S71: 25 | T71: N-PENTACOSANE | U71: C25H52 | V71: C25 | W71: =+GETPIVOTDATA("mol",$N$17,"Cn",25,"Class","paraffin") -> 0.01248947 | X71: =+W71*S71 -> 0.31223675 | Y71: =X71*$Y$4 -> 0.25463032 | Z71: =+X71*$Z$4 -> 0.057606437 | AA71: =+Y71/$AA$3 -> 0.0030140247 | AB71: =+Z71/$AB$3 -> 0.00046305828
B72: =+'5% CO'!T30 -> 10 | C72: =+'5% CO'!U30 -> iso-paraffin | D72: =+'5% CO'!R30 -> I15 (C10) | E72: =+'10% CO'!Z30 -> 0.095023436 | F72: 2-DHA | G72: =VLOOKUP(Tabella10[[#This Row],[Name]],Tabella278[],5,FALSE) -> 29 | N72: 15 | O72: paraffin | P72: 0.091269204 | R72: 67 | S72: 26 | T72: N-HEXACOSANE | U72: C26H54 | V72: C26 | W72: =+GETPIVOTDATA("mol",$N$17,"Cn",26,"Class","paraffin") -> 0.010568013 | X72: =+W72*S72 -> 0.27476834 | Y72: =X72*$Y$4 -> 0.22407468 | Z72: =+X72*$Z$4 -> 0.050693664 | AA72: =+Y72/$AA$3 -> 0.0026523417 | AB72: =+Z72/$AB$3 -> 0.00040749129
B73: =+'5% CO'!T31 -> 10 | C73: =+'5% CO'!U31 -> Aromatic | D73: =+'5% CO'!R31 -> 1,2-Methyl-n-propylbenzene | E73: =+'10% CO'!Z31 -> 0.073831741 | F73: 2-DHA | G73: =VLOOKUP(Tabella10[[#This Row],[Name]],Tabella278[],5,FALSE) -> 30 | N73: 16 | O73: iso-paraffin | P73: 0.011467165 | R73: 68 | S73: 27 | T73: N-HEPTACOSANE | U73: C27H56 | V73: C27 | W73: =+GETPIVOTDATA("mol",$N$17,"Cn",27,"Class","paraffin") -> 0.0086465562 | X73: =+W73*S73 -> 0.23345702 | Y73: =X73*$Y$4 -> 0.19038513 | Z73: =+X73*$Z$4 -> 0.04307189 | AA73: =+Y73/$AA$3 -> 0.0022535631 | AB73: =+Z73/$AB$3 -> 0.00034622511
B74: =+'5% CO'!T32 -> 10 | C74: =+'5% CO'!U32 -> Naphthene | D74: =+'5% CO'!R32 -> Sec-butylcyclohexane | E74: =+'10% CO'!Z32 -> 0.060313867 | F74: 2-DHA | G74: =VLOOKUP(Tabella10[[#This Row],[Name]],Tabella278[],5,FALSE) -> 31 | N74: 16 | O74: paraffin | P74: 0.073976092
B75: =+'5% CO'!T33 -> 11 | C75: =+'5% CO'!U33 -> Olefin | D75: =+'5% CO'!R33 -> Undecene-1 | E75: =+'10% CO'!Z33 -> 0.063372815 | F75: 2-DHA | G75: =VLOOKUP(Tabella10[[#This Row],[Name]],Tabella278[],5,FALSE) -> 32 | N75: 17 | O75: iso-paraffin | P75: 0.0042476745
B76: =+'5% CO'!T34 -> 11 | C76: =+'5% CO'!U34 -> iso-paraffin | D76: =+'5% CO'!R34 -> I26 (C11) | E76: =+'10% CO'!Z34 -> 0.098430911 | F76: 2-DHA | G76: =VLOOKUP(Tabella10[[#This Row],[Name]],Tabella278[],5,FALSE) -> 33 | N76: 17 | O76: paraffin | P76: 0.064368807
B77: =+'5% CO'!T35 -> 11 | C77: =+'5% CO'!U35 -> Aromatic | D77: =+'5% CO'!R35 -> 1,2-Ethyl-i-propylbenzene | E77: =+'10% CO'!Z35 -> 0.03945514 | F77: 2-DHA | G77: =VLOOKUP(Tabella10[[#This Row],[Name]],Tabella278[],5,FALSE) -> 34 | N77: 18 | O77: paraffin | P77: 0.059565165
B78: =+'5% CO'!T36 -> 11 | C78: =+'5% CO'!U36 -> paraffin | D78: =+'5% CO'!R36 -> n-Undecane | E78: =+'10% CO'!Z36 -> 0.0025579403 | F78: 2-DHA | G78: =VLOOKUP(Tabella10[[#This Row],[Name]],Tabella278[],5,FALSE) -> 35 | N78: 19 | O78: paraffin | P78: 0.026900397
B79: =+'5% CO'!T37 -> 12 | C79: =+'5% CO'!U37 -> iso-paraffin | D79: =+'5% CO'!R37 -> I47 (C12) | E79: =+'10% CO'!Z37 -> 0.069381796 | F79: 2-DHA | G79: =VLOOKUP(Tabella10[[#This Row],[Name]],Tabella278[],5,FALSE) -> 36 | N79: 20 | O79: paraffin | P79: 0.021136026
B80: =+'5% CO'!T38 -> 12 | C80: =+'5% CO'!U38 -> Olefin | D80: =+'5% CO'!R38 -> Dodecene-1 | E80: =+'10% CO'!Z38 -> 0.0068149504 | F80: 2-DHA | G80: =VLOOKUP(Tabella10[[#This Row],[Name]],Tabella278[],5,FALSE) -> 37 | N80: 21 | O80: paraffin | P80: 0.019214569
B81: =+'5% CO'!T39 -> 12 | C81: =+'5% CO'!U39 -> Naphthene | D81: =+'5% CO'!R39 -> 1t-M-2-(4-MP)cyclopentane | E81: =+'10% CO'!Z39 -> 0.0062423701 | F81: 2-DHA | G81: =VLOOKUP(Tabella10[[#This Row],[Name]],Tabella278[],5,FALSE) -> 38 | N81: 22 | O81: paraffin | P81: 0.017293112
B82: =+'5% CO'!T40 -> 12 | C82: =+'5% CO'!U40 -> Aromatic | D82: =+'5% CO'!R40 -> 1,3-Di-i-propylbenzene | E82: =+'10% CO'!Z40 -> 0.024020366 | F82: 2-DHA | G82: =VLOOKUP(Tabella10[[#This Row],[Name]],Tabella278[],5,FALSE) -> 39 | N82: 23 | O82: paraffin | P82: 0.015371655
B83: =+'5% CO'!T41 -> 13 | C83: =+'5% CO'!U41 -> iso-paraffin | D83: =+'5% CO'!R41 -> (C13-IsoParaffin) | E83: =+'10% CO'!Z41 -> 0.025062836 | F83: 2-DHA | G83: =VLOOKUP(Tabella10[[#This Row],[Name]],Tabella278[],5,FALSE) -> 40 | N83: 24 | O83: paraffin | P83: 0.014410927
B84: =+'5% CO'!T42 -> 13 | C84: =+'5% CO'!U42 -> Olefin | D84: =+'5% CO'!R42 -> Tridecene-1 | E84: =+'10% CO'!Z42 -> 0.0021658472 | F84: 2-DHA | G84: =VLOOKUP(Tabella10[[#This Row],[Name]],Tabella278[],5,FALSE) -> 41 | N84: 25 | O84: paraffin | P84: 0.01248947
B85: =+'5% CO'!T43 -> 14 | C85: =+'5% CO'!U43 -> iso-paraffin | D85: =+'5% CO'!R43 -> (C14-IsoParaffin) | E85: =+'10% CO'!Z43 -> 0.0057009083 | F85: 2-DHA | G85: =VLOOKUP(Tabella10[[#This Row],[Name]],Tabella278[],5,FALSE) -> 42 | N85: 26 | O85: paraffin | P85: 0.010568013
... B88: =+'5% CO'!T46 -> 17 | C88: =+'5% CO'!U46 -> iso-paraffin | D88: =+'5% CO'!R46 -> (C17-IsoParaffin) | E88: =+'10% CO'!Z46 -> 0.0042476745 | F88: 2-DHA | G88: =VLOOKUP(Tabella10[[#This Row],[Name]],Tabella278[],5,FALSE) -> 45 | N88: 29 | O88: paraffin | P88: 0
A89: ASTM | B89: =+'5% CO'!AF4 -> 1 | C89: paraffin | D89: C1 | E89: =+'10% CO'!AK4 -> 0 | F89: 3-ASTM | N89: 30 | O89: paraffin | P89: 0
B90: =+'5% CO'!AF5 -> 2 | C90: paraffin | D90: C2 | E90: =+'10% CO'!AK5 -> 0 | F90: 3-ASTM | N90: 31 | O90: paraffin | P90: 0
B91: =+'5% CO'!AF6 -> 3 | C91: paraffin | D91: C3 | E91: =+'10% CO'!AK6 -> 0 | F91: 3-ASTM | N91: 32 | O91: paraffin | P91: 0
B92: =+'5% CO'!AF7 -> 4 | C92: paraffin | D92: C4 | E92: =+'10% CO'!AK7 -> 0 | F92: 3-ASTM | N92: 33 | O92: paraffin | P92: 0
B93: =+'5% CO'!AF8 -> 5 | C93: paraffin | D93: C5 | E93: =+'10% CO'!AK8 -> 0 | F93: 3-ASTM | N93: 34 | O93: paraffin | P93: 0
B94: =+'5% CO'!AF9 -> 6 | C94: paraffin | D94: C6 | E94: =+'10% CO'!AK9 -> 0 | F94: 3-ASTM | N94: 35 | O94: paraffin | P94: 0
B95: =+'5% CO'!AF10 -> 7 | C95: paraffin | D95: C7 | E95: =+'10% CO'!AK10 -> 0 | F95: 3-ASTM | N95: 36 | O95: paraffin | P95: 0
B96: =+'5% CO'!AF11 -> 8 | C96: paraffin | D96: C8 | E96: =+'10% CO'!AK11 -> 0.024018212 | F96: 3-ASTM | N96: 37 | O96: paraffin | P96: 0
B97: =+'5% CO'!AF12 -> 9 | C97: paraffin | D97: C9 | E97: =+'10% CO'!AK12 -> 0.029782582 | F97: 3-ASTM | N97: 38 | O97: paraffin | P97: 0
B98: =+'5% CO'!AF13 -> 10 | C98: paraffin | D98: C10 | E98: =+'10% CO'!AK13 -> 0.075897549 | F98: 3-ASTM | N98: 39 | O98: paraffin | P98: 0
B99: =+'5% CO'!AF14 -> 11 | C99: paraffin | D99: C11 | E99: =+'10% CO'!AK14 -> 0.087426291 | F99: 3-ASTM
B100: =+'5% CO'!AF15 -> 12 | C100: paraffin | D100: C12 | E100: =+'10% CO'!AK15 -> 0.10087649 | F100: 3-ASTM
B101: =+'5% CO'!AF16 -> 13 | C101: paraffin | D101: C13 | E101: =+'10% CO'!AK16 -> 0.1047194 | F101: 3-ASTM
B102: =+'5% CO'!AF17 -> 14 | C102: paraffin | D102: C14 | E102: =+'10% CO'!AK17 -> 0.10279795 | F102: 3-ASTM
B103: =+'5% CO'!AF18 -> 15 | C103: paraffin | D103: C15 | E103: =+'10% CO'!AK18 -> 0.091269204 | F103: 3-ASTM
...

Sheet Conv
E1: 5% CO | AP1: 10% CO
L3: =SUM(L6:L73) -> 0.23140786 | Y3: =SUM(Y6:Y73) -> 0.74541939 | AW3: =SUM(AW6:AW73) -> 0.13749513 | BJ3: =SUM(BJ6:BJ73) -> 0.89494939
E5: Rn | F5: Nc | G5: Name | H5: Formula | I5: ID | J5: mmol | L5: CO2 conv | Y5: CO conv | AP5: Rn | AQ5: Nc | AR5: Name | AS5: Formula | AT5: ID | AU5: mmol | AW5: CO2 conv | BJ5: CO conv
E6: =+'5% CO Elab'!R6 -> 1 | F6: =+'5% CO Elab'!S6 -> 1 | G6: =+'5% CO Elab'!T6 -> METHANE | H6: =+'5% CO Elab'!U6 -> CH4 | I6: =+'5% CO Elab'!V6 -> CH4 | J6: =+'5% CO Elab'!W6 -> 11.284207 | L6: =+'5% CO Elab'!AB6 -> 0.033720697 | M6: 1 | N6: CO2 | O6: + | P6: 4 | Q6: H2 | R6: = | S6: 1 | T6: CH4 | U6: + | V6: 2 | W6: H2O | Y6: =+'5% CO Elab'!AA6 -> 0.10862233 | Z6: =M6 -> 1 | AA6: CO | AB6: =O6 -> + | AC6: =+P6-Z6 -> 3 | AD6: =Q6 -> H2 | AE6: =R6 -> = | AF6: =S6 -> 1 | AG6: =T6 -> CH4 | AH6: =U6 -> + | AI6: =+Z6 -> 1 | AJ6: =+W6 -> H2O | AL6: =+V6*L6 -> 0.067441393 | AM6: =+AI6*Y6 -> 0.10862233 | AP6: =+'10% CO Elab'!S6 -> 1 | AQ6: =+'10% CO Elab'!T6 -> METHANE | AR6: =+'10% CO Elab'!U6 -> CH4 | AS6: =+'10% CO Elab'!V6 -> CH4 | AT6: =+'10% CO Elab'!W6 -> 12.780415 | AU6: =+'10% CO Elab'!X6 -> 12.780415 | AW6: =+'10% CO Elab'!AB6 -> 0.018953813 | AX6: 1 | AY6: CO2 | AZ6: + | BA6: 4 | BB6: H2 | BC6: = | BD6: 1 | BE6: CH4 | BF6: + | BG6: 2 | BH6: H2O | BJ6: =+'10% CO Elab'!AA6 -> 0.12336948 | BK6: =AX6 -> 1 | BL6: CO | BM6: =AZ6 -> + | BN6: =+BA6-BK6 -> 3 | BO6: =BB6 -> H2 | BP6: =BC6 -> = | BQ6: =BD6 -> 1 | BR6: =BE6 -> CH4 | BS6: =BF6 -> + | BT6: =+BK6 -> 1 | BU6: =+BH6 -> H2O | BW6: =+BG6*AW6 -> 0.037907626 | BX6: =+BT6*BJ6 -> 0.12336948
E7: =+'5% CO Elab'!R7 -> 2 | F7: =+'5% CO Elab'!S7 -> 1 | G7: =+'5% CO Elab'!T7 -> METHANOL | H7: =+'5% CO Elab'!U7 -> CH4O | I7: =+'5% CO Elab'!V7 -> MEOH | J7: =+'5% CO Elab'!W7 -> 0.64499028 | L7: =+'5% CO Elab'!AB7 -> 0.0019274301 | M7: 1 | N7: CO2 | O7: + | P7: 3 | Q7: H2 | R7: = | S7: 1 | T7: CH4O | U7: + | V7: 1 | W7: H2O | Y7: =+'5% CO Elab'!AA7 -> 0.0062087078 | Z7: =M7 -> 1 | AA7: CO | AB7: =O7 -> + | AC7: =+P7-Z7 -> 2 | AD7: =Q7 -> H2 | AE7: =R7 -> = | AF7: =S7 -> 1 | AG7: =T7 -> CH4O | AH7: =U7 -> + | AI7: 0 | AJ7: =+W7 -> H2O | AL7: =+V7*L7 -> 0.0019274301 | AM7: =+AI7*Y7 -> 0 | AP7: =+'10% CO Elab'!S7 -> 1 | AQ7: =+'10% CO Elab'!T7 -> METHANOL | AR7: =+'10% CO Elab'!U7 -> CH4O | AS7: =+'10% CO Elab'!V7 -> MEOH | AT7: =+'10% CO Elab'!W7 -> 0.93023541 | AU7: =+'10% CO Elab'!X7 -> 0.93023541 | AW7: =+'10% CO Elab'!AB7 -> 0.0013795724 | AX7: 1 | AY7: CO2 | AZ7: + | BA7: 3 | BB7: H2 | BC7: = | BD7: 1 | BE7: CH4O | BF7: + | BG7: 1 | BH7: H2O | BJ7: =+'10% CO Elab'!AA7 -> 0.0089795723 | BK7: =AX7 -> 1 | BL7: CO | BM7: =AZ7 -> + | BN7: =+BA7-BK7 -> 2 | BO7: =BB7 -> H2 | BP7: =BC7 -> = | BQ7: =BD7 -> 1 | BR7: =BE7 -> CH4O | BS7: =BF7 -> + | BT7: 0 | BU7: =+BH7 -> H2O | BW7: =+BG7*AW7 -> 0.0013795724 | BX7: =+BT7*BJ7 -> 0
E8: =+'5% CO Elab'!R8 -> 3 | F8: =+'5% CO Elab'!S8 -> 2 | G8: =+'5% CO Elab'!T8 -> ETHANE | H8: =+'5% CO Elab'!U8 -> C2H6 | I8: =+'5% CO Elab'!V8 -> C2 | J8: =+'5% CO Elab'!W8 -> 0.75254128 | L8: =+'5% CO Elab'!AB8 -> 0.0044976514 | M8: 2 | N8: CO2 | O8: + | P8: 7 | Q8: H2 | R8: = | S8: 1 | T8: C2H6 | U8: + | V8: 4 | W8: H2O | Y8: =+'5% CO Elab'!AA8 -> 0.014487998 | Z8: =M8 -> 2 | AA8: CO | AB8: =O8 -> + | AC8: =+P8-Z8 -> 5 | AD8: =Q8 -> H2 | AE8: =R8 -> = | AF8: =S8 -> 1 | AG8: =T8 -> C2H6 | AH8: =U8 -> + | AI8: =+Z8 -> 2 | AJ8: =+W8 -> H2O | AL8: =+V8*L8 -> 0.017990606 | AM8: =+AI8*Y8 -> 0.028975996 | AP8: =+'10% CO Elab'!S8 -> 2 | AQ8: =+'10% CO Elab'!T8 -> ETHANE | AR8: =+'10% CO Elab'!U8 -> C2H6 | AS8: =+'10% CO Elab'!V8 -> C2 | AT8: =+'10% CO Elab'!W8 -> 0.85144979 | AU8: =+'10% CO Elab'!X8 -> 1.7028996 | AW8: =+'10% CO Elab'!AB8 -> 0.002525461 | AX8: 2 | AY8: CO2 | AZ8: + | BA8: 7 | BB8: H2 | BC8: = | BD8: 1 | BE8: C2H6 | BF8: + | BG8: 4 | BH8: H2O | BJ8: =+'10% CO Elab'!AA8 -> 0.016438108 | BK8: =AX8 -> 2 | BL8: CO | BM8: =AZ8 -> + | BN8: =+BA8-BK8 -> 5 | BO8: =BB8 -> H2 | BP8: =BC8 -> = | BQ8: =BD8 -> 1 | BR8: =BE8 -> C2H6 | BS8: =BF8 -> + | BT8: =+BK8 -> 2 | BU8: =+BH8 -> H2O | BW8: =+BG8*AW8 -> 0.010101844 | BX8: =+BT8*BJ8 -> 0.032876216
E9: =+'5% CO Elab'!R9 -> 4 | F9: =+'5% CO Elab'!S9 -> 2 | G9: =+'5% CO Elab'!T9 -> ETHYLENE | H9: =+'5% CO Elab'!U9 -> C2H4 | I9: =+'5% CO Elab'!V9 -> C2-O | J9: =+'5% CO Elab'!W9 -> 2.9665606 | L9: =+'5% CO Elab'!AB9 -> 0.017729998 | M9: 2 | N9: CO2 | O9: + | P9: 6 | Q9: H2 | R9: = | S9: 1 | T9: C2H4 | U9: + | V9: 4 | W9: H2O | Y9: =+'5% CO Elab'!AA9 -> 0.057112513 | Z9: =M9 -> 2 | AA9: CO | AB9: =O9 -> + | AC9: =+P9-Z9 -> 4 | AD9: =Q9 -> H2 | AE9: =R9 -> = | AF9: =S9 -> 1 | AG9: =T9 -> C2H4 | AH9: =U9 -> + | AI9: =+Z9 -> 2 | AJ9: =+W9 -> H2O | AL9: =+V9*L9 -> 0.070919993 | AM9: =+AI9*Y9 -> 0.11422503 | AP9: =+'10% CO Elab'!S9 -> 2 | AQ9: =+'10% CO Elab'!T9 -> ETHYLENE | AR9: =+'10% CO Elab'!U9 -> C2H4 | AS9: =+'10% CO Elab'!V9 -> C2-O | AT9: =+'10% CO Elab'!W9 -> 3.733276 | AU9: =+'10% CO Elab'!X9 -> 7.466552 | AW9: =+'10% CO Elab'!AB9 -> 0.011073164 | AX9: 2 | AY9: CO2 | AZ9: + | BA9: 6 | BB9: H2 | BC9: = | BD9: 1 | BE9: C2H4 | BF9: + | BG9: 4 | BH9: H2O | BJ9: =+'10% CO Elab'!AA9 -> 0.072074707 | BK9: =AX9 -> 2 | BL9: CO | BM9: =AZ9 -> + | BN9: =+BA9-BK9 -> 4 | BO9: =BB9 -> H2 | BP9: =BC9 -> = | BQ9: =BD9 -> 1 | BR9: =BE9 -> C2H4 | BS9: =BF9 -> + | BT9: =+BK9 -> 2 | BU9: =+BH9 -> H2O | BW9: =+BG9*AW9 -> 0.044292656 | BX9: =+BT9*BJ9 -> 0.14414941
E10: =+'5% CO Elab'!R10 -> 5 | F10: =+'5% CO Elab'!S10 -> 3 | G10: =+'5% CO Elab'!T10 -> PROPANE | H10: =+'5% CO Elab'!U10 -> C3H8 | I10: =+'5% CO Elab'!V10 -> C3 | J10: =+'5% CO Elab'!W10 -> 0.32611294 | L10: =+'5% CO Elab'!AB10 -> 0.0029235785 | M10: 3 | N10: CO2 | O10: + | P10: 10 | Q10: H2 | R10: = | S10: 1 | T10: C3H8 | U10: + | V10: 6 | W10: H2O | Y10: =+'5% CO Elab'!AA10 -> 0.009417537 | Z10: =M10 -> 3 | AA10: CO | AB10: =O10 -> + | AC10: =+P10-Z10 -> 7 | AD10: =Q10 -> H2 | AE10: =R10 -> = | AF10: =S10 -> 1 | AG10: =T10 -> C3H8 | AH10: =U10 -> + | AI10: =+Z10 -> 3 | AJ10: =+W10 -> H2O | AL10: =+V10*L10 -> 0.017541471 | AM10: =+AI10*Y10 -> 0.028252611 | AP10: =+'10% CO Elab'!S10 -> 3 | AQ10: =+'10% CO Elab'!T10 -> PROPANE | AR10: =+'10% CO Elab'!U10 -> C3H8 | AS10: =+'10% CO Elab'!V10 -> C3 | AT10: =+'10% CO Elab'!W10 -> 0.39016144 | AU10: =+'10% CO Elab'!X10 -> 1.1704843 | AW10: =+'10% CO Elab'!AB10 -> 0.0017358701 | AX10: 3 | AY10: CO2 | AZ10: + | BA10: 10 | BB10: H2 | BC10: = | BD10: 1 | BE10: C3H8 | BF10: + | BG10: 6 | BH10: H2O | BJ10: =+'10% CO Elab'!AA10 -> 0.011298698 | BK10: =AX10 -> 3 | BL10: CO | BM10: =AZ10 -> + | BN10: =+BA10-BK10 -> 7 | BO10: =BB10 -> H2 | BP10: =BC10 -> = | BQ10: =BD10 -> 1 | BR10: =BE10 -> C3H8 | BS10: =BF10 -> + | BT10: =+BK10 -> 3 | BU10: =+BH10 -> H2O | BW10: =+BG10*AW10 -> 0.010415221 | BX10: =+BT10*BJ10 -> 0.033896093
E11: =+'5% CO Elab'!R11 -> 6 | F11: =+'5% CO Elab'!S11 -> 3 | G11: =+'5% CO Elab'!T11 -> PROPYLENE | H11: =+'5% CO Elab'!U11 -> C3H6-2 | I11: =+'5% CO Elab'!V11 -> C3-O | J11: =+'5% CO Elab'!W11 -> 2.9824519 | L11: =+'5% CO Elab'!AB11 -> 0.026737462 | M11: 3 | N11: CO2 | O11: + | P11: 9 | Q11: H2 | R11: = | S11: 1 | T11: C3H6 | U11: + | V11: 6 | W11: H2O | Y11: =+'5% CO Elab'!AA11 -> 0.086127681 | Z11: =M11 -> 3 | AA11: CO | AB11: =O11 -> + | AC11: =+P11-Z11 -> 6 | AD11: =Q11 -> H2 | AE11: =R11 -> = | AF11: =S11 -> 1 | AG11: =T11 -> C3H6 | AH11: =U11 -> + | AI11: =+Z11 -> 3 | AJ11: =+W11 -> H2O | AL11: =+V11*L11 -> 0.16042477 | AM11: =+AI11*Y11 -> 0.25838304 | AP11: =+'10% CO Elab'!S11 -> 3 | AQ11: =+'10% CO Elab'!T11 -> PROPYLENE | AR11: =+'10% CO Elab'!U11 -> C3H6-2 | AS11: =+'10% CO Elab'!V11 -> C3-O | AT11: =+'10% CO Elab'!W11 -> 3.7200863 | AU11: =+'10% CO Elab'!X11 -> 11.160259 | AW11: =+'10% CO Elab'!AB11 -> 0.016551063 | AX11: 3 | AY11: CO2 | AZ11: + | BA11: 9 | BB11: H2 | BC11: = | BD11: 1 | BE11: C3H6 | BF11: + | BG11: 6 | BH11: H2O | BJ11: =+'10% CO Elab'!AA11 -> 0.1077301 | BK11: =AX11 -> 3 | BL11: CO | BM11: =AZ11 -> + | BN11: =+BA11-BK11 -> 6 | BO11: =BB11 -> H2 | BP11: =BC11 -> = | BQ11: =BD11 -> 1 | BR11: =BE11 -> C3H6 | BS11: =BF11 -> + | BT11: =+BK11 -> 3 | BU11: =+BH11 -> H2O | BW11: =+BG11*AW11 -> 0.099306381 | BX11: =+BT11*BJ11 -> 0.3231903
E12: =+'5% CO Elab'!R12 -> 7 | F12: =+'5% CO Elab'!S12 -> 4 | G12: =+'5% CO Elab'!T12 -> N-BUTANE | H12: =+'5% CO Elab'!U12 -> C4H10-1 | I12: =+'5% CO Elab'!V12 -> C4 | J12: =+'5% CO Elab'!W12 -> 0.23449561 | L12: =+'5% CO Elab'!AB12 -> 0.0028029812 | M12: 4 | N12: CO2 | O12: + | P12: 13 | Q12: H2 | R12: = | S12: 1 | T12: C4H10 | U12: + | V12: 8 | W12: H2O | Y12: =+'5% CO Elab'!AA12 -> 0.0090290646 | Z12: =M12 -> 4 | AA12: CO | AB12: =O12 -> + | AC12: =+P12-Z12 -> 9 | AD12: =Q12 -> H2 | AE12: =R12 -> = | AF12: =S12 -> 1 | AG12: =T12 -> C4H10 | AH12: =U12 -> + | AI12: =+Z12 -> 4 | AJ12: =+W12 -> H2O | AL12: =+V12*L12 -> 0.022423849 | AM12: =+AI12*Y12 -> 0.036116258 | AP12: =+'10% CO Elab'!S12 -> 4 | AQ12: =+'10% CO Elab'!T12 -> N-BUTANE | AR12: =+'10% CO Elab'!U12 -> C4H10-1 | AS12: =+'10% CO Elab'!V12 -> C4 | AT12: =+'10% CO Elab'!W12 -> 0.28059487 | AU12: =+'10% CO Elab'!X12 -> 1.1223795 | AW12: =+'10% CO Elab'!AB12 -> 0.0016645289 | AX12: 4 | AY12: CO2 | AZ12: + | BA12: 13 | BB12: H2 | BC12: = | BD12: 1 | BE12: C4H10 | BF12: + | BG12: 8 | BH12: H2O | BJ12: =+'10% CO Elab'!AA12 -> 0.010834341 | BK12: =AX12 -> 4 | BL12: CO | BM12: =AZ12 -> + | BN12: =+BA12-BK12 -> 9 | BO12: =BB12 -> H2 | BP12: =BC12 -> = | BQ12: =BD12 -> 1 | BR12: =BE12 -> C4H10 | BS12: =BF12 -> + | BT12: =+BK12 -> 4 | BU12: =+BH12 -> H2O | BW12: =+BG12*AW12 -> 0.013316231 | BX12: =+BT12*BJ12 -> 0.043337364
E13: =+'5% CO Elab'!R13 -> 8 | F13: =+'5% CO Elab'!S13 -> 4 | G13: =+'5% CO Elab'!T13 -> ISOBUTANE | H13: =+'5% CO Elab'!U13 -> C4H10-2 | I13: =+'5% CO Elab'!V13 -> C4-IP | J13: =+'5% CO Elab'!W13 -> 0.0069756426 | L13: =+'5% CO Elab'!AB13 -> 8.3381497e-05 | M13: 4 | N13: CO2 | O13: + | P13: 13 | Q13: H2 | R13: = | S13: 1 | T13: C4H10 | U13: + | V13: 8 | W13: H2O | Y13: =+'5% CO Elab'!AA13 -> 0.0002685915 | Z13: =M13 -> 4 | AA13: CO | AB13: =O13 -> + | AC13: =+P13-Z13 -> 9 | AD13: =Q13 -> H2 | AE13: =R13 -> = | AF13: =S13 -> 1 | AG13: =T13 -> C4H10 | AH13: =U13 -> + | AI13: =+Z13 -> 4 | AJ13: =+W13 -> H2O | AL13: =+V13*L13 -> 0.00066705197 | AM13: =+AI13*Y13 -> 0.001074366 | AP13: =+'10% CO Elab'!S13 -> 4 | AQ13: =+'10% CO Elab'!T13 -> ISOBUTANE | AR13: =+'10% CO Elab'!U13 -> C4H10-2 | AS13: =+'10% CO Elab'!V13 -> C4-IP | AT13: =+'10% CO Elab'!W13 -> 0.0076987156 | AU13: =+'10% CO Elab'!X13 -> 0.030794862 | AW13: =+'10% CO Elab'!AB13 -> 4.5669883e-05 | AX13: 4 | AY13: CO2 | AZ13: + | BA13: 13 | BB13: H2 | BC13: = | BD13: 1 | BE13: C4H10 | BF13: + | BG13: 8 | BH13: H2O | BJ13: =+'10% CO Elab'!AA13 -> 0.00029726314 | BK13: =AX13 -> 4 | BL13: CO | BM13: =AZ13 -> + | BN13: =+BA13-BK13 -> 9 | BO13: =BB13 -> H2 | BP13: =BC13 -> = | BQ13: =BD13 -> 1 | BR13: =BE13 -> C4H10 | BS13: =BF13 -> + | BT13: =+BK13 -> 4 | BU13: =+BH13 -> H2O | BW13: =+BG13*AW13 -> 0.00036535907 | BX13: =+BT13*BJ13 -> 0.0011890526
E14: =+'5% CO Elab'!R14 -> 9 | F14: =+'5% CO Elab'!S14 -> 4 | G14: =+'5% CO Elab'!T14 -> 1-BUTENE | H14: =+'5% CO Elab'!U14 -> C4H8-1 | I14: =+'5% CO Elab'!V14 -> C4-O | J14: =+'5% CO Elab'!W14 -> 1.7628374 | L14: =+'5% CO Elab'!AB14 -> 0.021071611 | M14: 4 | N14: CO2 | O14: + | P14: 12 | Q14: H2 | R14: = | S14: 1 | T14: C4H8 | U14: + | V14: 8 | W14: H2O | Y14: =+'5% CO Elab'!AA14 -> 0.067876636 | Z14: =M14 -> 4 | AA14: CO | AB14: =O14 -> + | AC14: =+P14-Z14 -> 8 | AD14: =Q14 -> H2 | AE14: =R14 -> = | AF14: =S14 -> 1 | AG14: =T14 -> C4H8 | AH14: =U14 -> + | AI14: =+Z14 -> 4 | AJ14: =+W14 -> H2O | AL14: =+V14*L14 -> 0.16857289 | AM14: =+AI14*Y14 -> 0.27150654 | AP14: =+'10% CO Elab'!S14 -> 4 | AQ14: =+'10% CO Elab'!T14 -> 1-BUTENE | AR14: =+'10% CO Elab'!U14 -> C4H8-1 | AS14: =+'10% CO Elab'!V14 -> C4-O | AT14: =+'10% CO Elab'!W14 -> 2.209254 | AU14: =+'10% CO Elab'!X14 -> 8.837016 | AW14: =+'10% CO Elab'!AB14 -> 0.013105611 | AX14: 4 | AY14: CO2 | AZ14: + | BA14: 12 | BB14: H2 | BC14: = | BD14: 1 | BE14: C4H8 | BF14: + | BG14: 8 | BH14: H2O | BJ14: =+'10% CO Elab'!AA14 -> 0.08530381 | BK14: =AX14 -> 4 | BL14: CO | BM14: =AZ14 -> + | BN14: =+BA14-BK14 -> 8 | BO14: =BB14 -> H2 | BP14: =BC14 -> = | BQ14: =BD14 -> 1 | BR14: =BE14 -> C4H8 | BS14: =BF14 -> + | BT14: =+BK14 -> 4 | BU14: =+BH14 -> H2O | BW14: =+BG14*AW14 -> 0.10484489 | BX14: =+BT14*BJ14 -> 0.34121524
E15: =+'5% CO Elab'!R15 -> 10 | F15: =+'5% CO Elab'!S15 -> 5 | G15: =+'5% CO Elab'!T15 -> N-PENTANE | H15: =+'5% CO Elab'!U15 -> C5H12-1 | I15: =+'5% CO Elab'!V15 -> C5 | J15: =+'5% CO Elab'!W15 -> 0.15138393 | L15: =+'5% CO Elab'!AB15 -> 0.0022619096 | M15: 5 | N15: CO2 | O15: + | P15: 16 | Q15: H2 | R15: = | S15: 1 | T15: C5H12 | U15: + | V15: 10 | W15: H2O | Y15: =+'5% CO Elab'!AA15 -> 0.0072861452 | Z15: =M15 -> 5 | AA15: CO | AB15: =O15 -> + | AC15: =+P15-Z15 -> 11 | AD15: =Q15 -> H2 | AE15: =R15 -> = | AF15: =S15 -> 1 | AG15: =T15 -> C5H12 | AH15: =U15 -> + | AI15: =+Z15 -> 5 | AJ15: =+W15 -> H2O | AL15: =+V15*L15 -> 0.022619096 | AM15: =+AI15*Y15 -> 0.036430726 | AP15: =+'10% CO Elab'!S15 -> 5 | AQ15: =+'10% CO Elab'!T15 -> N-PENTANE | AR15: =+'10% CO Elab'!U15 -> C5H12-1 | AS15: =+'10% CO Elab'!V15 -> C5 | AT15: =+'10% CO Elab'!W15 -> 0.026257786 | AU15: =+'10% CO Elab'!X15 -> 0.13128893 | AW15: =+'10% CO Elab'!AB15 -> 0.00019470618 | AX15: 5 | AY15: CO2 | AZ15: + | BA15: 16 | BB15: H2 | BC15: = | BD15: 1 | BE15: C5H12 | BF15: + | BG15: 10 | BH15: H2O | BJ15: =+'10% CO Elab'!AA15 -> 0.0012673334 | BK15: =AX15 -> 5 | BL15: CO | BM15: =AZ15 -> + | BN15: =+BA15-BK15 -> 11 | BO15: =BB15 -> H2 | BP15: =BC15 -> = | BQ15: =BD15 -> 1 | BR15: =BE15 -> C5H12 | BS15: =BF15 -> + | BT15: =+BK15 -> 5 | BU15: =+BH15 -> H2O | BW15: =+BG15*AW15 -> 0.0019470618 | BX15: =+BT15*BJ15 -> 0.0063366672
E16: =+'5% CO Elab'!R16 -> 11 | F16: =+'5% CO Elab'!S16 -> 5 | G16: =+'5% CO Elab'!T16 -> 2-METHYL-1-BUTANE | H16: =+'5% CO Elab'!U16 -> C5H12-5 | I16: =+'5% CO Elab'!V16 -> C5-IP | J16: =+'5% CO Elab'!W16 -> 0.020128986 | L16: =+'5% CO Elab'!AB16 -> 0.00030075814 | M16: 5 | N16: CO2 | O16: + | P16: 16 | Q16: H2 | R16: = | S16: 1 | T16: C5H12 | U16: + | V16: 10 | W16: H2O | Y16: =+'5% CO Elab'!AA16 -> 0.00096881301 | Z16: =M16 -> 5 | AA16: CO | AB16: =O16 -> + | AC16: =+P16-Z16 -> 11 | AD16: =Q16 -> H2 | AE16: =R16 -> = | AF16: =S16 -> 1 | AG16: =T16 -> C5H12 | AH16: =U16 -> + | AI16: =+Z16 -> 5 | AJ16: =+W16 -> H2O | AL16: =+V16*L16 -> 0.0030075814 | AM16: =+AI16*Y16 -> 0.004844065 | AP16: =+'10% CO Elab'!S16 -> 5 | AQ16: =+'10% CO Elab'!T16 -> 2-METHYL-1-BUTANE | AR16: =+'10% CO Elab'!U16 -> C5H12-5 | AS16: =+'10% CO Elab'!V16 -> C5-IP | AT16: =+'10% CO Elab'!W16 -> 0.087843466 | AU16: =+'10% CO Elab'!X16 -> 0.43921733 | AW16: =+'10% CO Elab'!AB16 -> 0.00065137502 | AX16: 5 | AY16: CO2 | AZ16: + | BA16: 16 | BB16: H2 | BC16: = | BD16: 1 | BE16: C5H12 | BF16: + | BG16: 10 | BH16: H2O | BJ16: =+'10% CO Elab'!AA16 -> 0.0042397696 | BK16: =AX16 -> 5 | BL16: CO | BM16: =AZ16 -> + | BN16: =+BA16-BK16 -> 11 | BO16: =BB16 -> H2 | BP16: =BC16 -> = | BQ16: =BD16 -> 1 | BR16: =BE16 -> C5H12 | BS16: =BF16 -> + | BT16: =+BK16 -> 5 | BU16: =+BH16 -> H2O | BW16: =+BG16*AW16 -> 0.0065137502 | BX16: =+BT16*BJ16 -> 0.021198848
E17: =+'5% CO Elab'!R17 -> 12 | F17: =+'5% CO Elab'!S17 -> 5 | G17: =+'5% CO Elab'!T17 -> 1-PENTENE | H17: =+'5% CO Elab'!U17 -> C5H10-2 | I17: =+'5% CO Elab'!V17 -> C5-O | J17: =+'5% CO Elab'!W17 -> 1.3749474 | L17: =+'5% CO Elab'!AB17 -> 0.020543836 | M17: 5 | N17: CO2 | O17: + | P17: 15 | Q17: H2 | R17: = | S17: 1 | T17: C5H10 | U17: + | V17: 10 | W17: H2O | Y17: =+'5% CO Elab'!AA17 -> 0.066176551 | Z17: =M17 -> 5 | AA17: CO | AB17: =O17 -> + | AC17: =+P17-Z17 -> 10 | AD17: =Q17 -> H2 | AE17: =R17 -> = | AF17: =S17 -> 1 | AG17: =T17 -> C5H10 | AH17: =U17 -> + | AI17: =+Z17 -> 5 | AJ17: =+W17 -> H2O | AL17: =+V17*L17 -> 0.20543836 | AM17: =+AI17*Y17 -> 0.33088275 | AP17: =+'10% CO Elab'!S17 -> 5 | AQ17: =+'10% CO Elab'!T17 -> 1-PENTENE | AR17: =+'10% CO Elab'!U17 -> C5H10-2 | AS17: =+'10% CO Elab'!V17 -> C5-O | AT17: =+'10% CO Elab'!W17 -> 1.4620285 | AU17: =+'10% CO Elab'!X17 -> 7.3101426 | AW17: =+'10% CO Elab'!AB17 -> 0.010841203 | AX17: 5 | AY17: CO2 | AZ17: + | BA17: 15 | BB17: H2 | BC17: = | BD17: 1 | BE17: C5H10 | BF17: + | BG17: 10 | BH17: H2O | BJ17: =+'10% CO Elab'!AA17 -> 0.070564885 | BK17: =AX17 -> 5 | BL17: CO | BM17: =AZ17 -> + | BN17: =+BA17-BK17 -> 10 | BO17: =BB17 -> H2 | BP17: =BC17 -> = | BQ17: =BD17 -> 1 | BR17: =BE17 -> C5H10 | BS17: =BF17 -> + | BT17: =+BK17 -> 5 | BU17: =+BH17 -> H2O | BW17: =+BG17*AW17 -> 0.10841203 | BX17: =+BT17*BJ17 -> 0.35282443
E18: =+'5% CO Elab'!R18 -> 13 | F18: =+'5% CO Elab'!S18 -> 5 | G18: =+'5% CO Elab'!T18 -> CYCLOPENTANE | H18: =+'5% CO Elab'!U18 -> 0 | I18: =+'5% CO Elab'!V18 -> C5-N | J18: =+'5% CO Elab'!W18 -> 0.0084192679 | L18: =+'5% CO Elab'!AB18 -> 0.00012579686 | M18: 5 | N18: CO2 | O18: + | P18: 15 | Q18: H2 | R18: = | S18: 1 | T18: C5H10 | U18: + | V18: 10 | W18: H2O | Y18: =+'5% CO Elab'!AA18 -> 0.00040522141 | Z18: =M18 -> 5 | AA18: CO | AB18: =O18 -> + | AC18: =+P18-Z18 -> 10 | AD18: =Q18 -> H2 | AE18: =R18 -> = | AF18: =S18 -> 1 | AG18: =T18 -> C5H10 | AH18: =U18 -> + | AI18: =+Z18 -> 5 | AJ18: =+W18 -> H2O | AL18: =+V18*L18 -> 0.0012579686 | AM18: =+AI18*Y18 -> 0.002026107 | AP18: =+'10% CO Elab'!S18 -> 5 | AQ18: =+'10% CO Elab'!T18 -> CYCLOPENTANE | AR18: =+'10% CO Elab'!U18 -> 0 | AS18: =+'10% CO Elab'!V18 -> C5-N | AT18: =+'10% CO Elab'!W18 -> 0.0092919826 | AU18: =+'10% CO Elab'!X18 -> 0.046459913 | AW18: =+'10% CO Elab'!AB18 -> 6.8901714e-05 | AX18: 5 | AY18: CO2 | AZ18: + | BA18: 15 | BB18: H2 | BC18: = | BD18: 1 | BE18: C5H10 | BF18: + | BG18: 10 | BH18: H2O | BJ18: =+'10% CO Elab'!AA18 -> 0.00044847804 | BK18: =AX18 -> 5 | BL18: CO | BM18: =AZ18 -> + | BN18: =+BA18-BK18 -> 10 | BO18: =BB18 -> H2 | BP18: =BC18 -> = | BQ18: =BD18 -> 1 | BR18: =BE18 -> C5H10 | BS18: =BF18 -> + | BT18: =+BK18 -> 5 | BU18: =+BH18 -> H2O | BW18: =+BG18*AW18 -> 0.00068901714 | BX18: =+BT18*BJ18 -> 0.0022423902
E19: =+'5% CO Elab'!R19 -> 14 | F19: =+'5% CO Elab'!S19 -> 6 | G19: =+'5% CO Elab'!T19 -> 2,2-DIMETHYL-BUTANE | H19: =+'5% CO Elab'!U19 -> C6H14-4 | I19: =+'5% CO Elab'!V19 -> C6-IP | J19: =+'5% CO Elab'!W19 -> 0.41390825 | L19: =+'5% CO Elab'!AB19 -> 0.0074213141 | M19: 6 | N19: CO2 | O19: + | P19: 19 | Q19: H2 | R19: = | S19: 1 | T19: C6H14 | U19: + | V19: 12 | W19: H2O | Y19: =+'5% CO Elab'!AA19 -> 0.023905806 | Z19: =M19 -> 6 | AA19: CO | AB19: =O19 -> + | AC19: =+P19-Z19 -> 13 | AD19: =Q19 -> H2 | AE19: =R19 -> = | AF19: =S19 -> 1 | AG19: =T19 -> C6H14 | AH19: =U19 -> + | AI19: =+Z19 -> 6 | AJ19: =+W19 -> H2O | AL19: =+V19*L19 -> 0.089055769 | AM19: =+AI19*Y19 -> 0.14343483 | AP19: =+'10% CO Elab'!S19 -> 6 | AQ19: =+'10% CO Elab'!T19 -> 2,2-DIMETHYL-BUTANE | AR19: =+'10% CO Elab'!U19 -> C6H14-4 | AS19: =+'10% CO Elab'!V19 -> C6-IP | AT19: =+'10% CO Elab'!W19 -> 0.34416377 | AU19: =+'10% CO Elab'!X19 -> 2.0649826 | AW19: =+'10% CO Elab'!AB19 -> 0.0030624432 | AX19: 6 | AY19: CO2 | AZ19: + | BA19: 19 | BB19: H2 | BC19: = | BD19: 1 | BE19: C6H14 | BF19: + | BG19: 12 | BH19: H2O | BJ19: =+'10% CO Elab'!AA19 -> 0.019933299 | BK19: =AX19 -> 6 | BL19: CO | BM19: =AZ19 -> + | BN19: =+BA19-BK19 -> 13 | BO19: =BB19 -> H2 | BP19: =BC19 -> = | BQ19: =BD19 -> 1 | BR19: =BE19 -> C6H14 | BS19: =BF19 -> + | BT19: =+BK19 -> 6 | BU19: =+BH19 -> H2O | BW19: =+BG19*AW19 -> 0.036749318 | BX19: =+BT19*BJ19 -> 0.1195998
... E73: =+'5% CO Elab'!R73 -> 68 | F73: =+'5% CO Elab'!S73 -> 27 | G73: =+'5% CO Elab'!T73 -> N-HEPTACOSANE | H73: =+'5% CO Elab'!U73 -> C27H56 | I73: =+'5% CO Elab'!V73 -> C27 | J73: =+'5% CO Elab'!W73 -> 0.0056683177 | L73: =+'5% CO Elab'!AB73 -> 0.00045734446 | M73: 27 | N73: CO2 | O73: + | P73: 82 | Q73: H2 | R73: = | S73: 1 | T73: C27H56 | U73: + | V73: 54 | W73: H2O | Y73: =+'5% CO Elab'!AA73 -> 0.0014732145 | Z73: =M73 -> 27 | AA73: CO | AB73: =O73 -> + | AC73: =+P73-Z73 -> 55 | AD73: =Q73 -> H2 | AE73: =R73 -> = | AF73: =S73 -> 1 | AG73: =T73 -> C27H56 | AH73: =U73 -> + | AI73: =+Z73 -> 27 | AJ73: =+W73 -> H2O | AL73: =+V73*L73 -> 0.024696601 | AM73: =+AI73*Y73 -> 0.039776793 | AP73: =+'10% CO Elab'!S73 -> 27 | AQ73: =+'10% CO Elab'!T73 -> N-HEPTACOSANE | AR73: =+'10% CO Elab'!U73 -> C27H56 | AS73: =+'10% CO Elab'!V73 -> C27 | AT73: =+'10% CO Elab'!W73 -> 0.0086465562 | AU73: =+'10% CO Elab'!X73 -> 0.23345702 | AW73: =+'10% CO Elab'!AB73 -> 0.00034622511 | AX73: 27 | AY73: CO2 | AZ73: + | BA73: 82 | BB73: H2 | BC73: = | BD73: 1 | BE73: C27H56 | BF73: + | BG73: 54 | BH73: H2O | BJ73: =+'10% CO Elab'!AA73 -> 0.0022535631 | BK73: =AX73 -> 27 | BL73: CO | BM73: =AZ73 -> + | BN73: =+BA73-BK73 -> 55 | BO73: =BB73 -> H2 | BP73: =BC73 -> = | BQ73: =BD73 -> 1 | BR73: =BE73 -> C27H56 | BS73: =BF73 -> + | BT73: =+BK73 -> 27 | BU73: =+BH73 -> H2O | BW73: =+BG73*AW73 -> 0.018696156 | BX73: =+BT73*BJ73 -> 0.060846204
AL75: =+SUM(AL6:AL73) -> 2.8140201 | AM75: =+SUM(AM6:AM73) -> 4.5292073 | BW75: =+SUM(BW6:BW73) -> 1.7446339 | BX75: =+SUM(BX6:BX73) -> 5.6733806

Sheet Interp
T1: TOT | U1: TOT
T2: =+SUM(T5:T72) -> 0.23140786 | U2: =+SUM(U5:U72) -> 0.74541939 | W2: xCO
B3: Nc | C3: 0.05 | D3: 0.1 | E3: 0.15 | I3: 0.055 | J3: 0.09 | K3: 0.055 | L3: 0.09 | O3: CO2 | Q3: CO | W3: 0.055
B4: 1 | C4: 11.480162 | D4: 13.67537 | I4: CO2 | K4: CO | O4: m | P4: q | Q4: m | R4: x | T4: CO2 | U4: CO
B5: 2 | C5: 7.7484223 | D5: 9.0679027 | I5: =+Conv!L6 -> 0.033720697 | J5: =+Conv!AW6 -> 0.018953813 | K5: =+Conv!Y6 -> 0.10862233 | L5: =+Conv!BJ6 -> 0.12336948 | O5: =+SLOPE(I5:J5,$I$3:$J$3) -> -0.42191096 | P5: =+INTERCEPT(I5:J5,$I$3:$J$3) -> 0.056925799 | Q5: =+SLOPE(K5:L5,$K$3:$L$3) -> 0.42134724 | R5: =+INTERCEPT(K5:L5,$K$3:$L$3) -> 0.085448232 | T5: =+O5*$W$3+P5 -> 0.033720697 | U5: =+Q5*$W$3+R5 -> 0.10862233
B6: 3 | C6: 10.523417 | D6: 12.15174 | I6: =+Conv!L7 -> 0.0019274301 | J6: =+Conv!AW7 -> 0.0013795724 | K6: =+Conv!Y7 -> 0.0062087078 | L6: =+Conv!BJ7 -> 0.0089795723 | O6: =+SLOPE(I6:J6,$I$3:$J$3) -> -0.015653078 | P6: =+INTERCEPT(I6:J6,$I$3:$J$3) -> 0.0027883494 | Q6: =+SLOPE(K6:L6,$K$3:$L$3) -> 0.079167558 | R6: =+INTERCEPT(K6:L6,$K$3:$L$3) -> 0.0018544921 | T6: =+O6*$W$3+P6 -> 0.0019274301 | U6: =+Q6*$W$3+R6 -> 0.0062087078
B7: 4 | C7: 8.7544194 | D7: 9.8909643 | I7: =+Conv!L8 -> 0.0044976514 | J7: =+Conv!AW8 -> 0.002525461 | K7: =+Conv!Y8 -> 0.014487998 | L7: =+Conv!BJ8 -> 0.016438108 | O7: =+SLOPE(I7:J7,$I$3:$J$3) -> -0.056348298 | P7: =+INTERCEPT(I7:J7,$I$3:$J$3) -> 0.0075968078 | Q7: =+SLOPE(K7:L7,$K$3:$L$3) -> 0.055717428 | R7: =+INTERCEPT(K7:L7,$K$3:$L$3) -> 0.011423539 | T7: =+O7*$W$3+P7 -> 0.0044976514 | U7: =+Q7*$W$3+R7 -> 0.014487998
B8: 5 | C8: 8.1545513 | D8: 8.1091382 | I8: =+Conv!L9 -> 0.017729998 | J8: =+Conv!AW9 -> 0.011073164 | K8: =+Conv!Y9 -> 0.057112513 | L8: =+Conv!BJ9 -> 0.072074707 | O8: =+SLOPE(I8:J8,$I$3:$J$3) -> -0.19019526 | P8: =+INTERCEPT(I8:J8,$I$3:$J$3) -> 0.028190738 | Q8: =+SLOPE(K8:L8,$K$3:$L$3) -> 0.42749127 | R8: =+INTERCEPT(K8:L8,$K$3:$L$3) -> 0.033600493 | T8: =+O8*$W$3+P8 -> 0.017729998 | U8: =+Q8*$W$3+R8 -> 0.057112513
B9: 6 | C9: 5.9653868 | D9: 6.5805559 | I9: =+Conv!L10 -> 0.0029235785 | J9: =+Conv!AW10 -> 0.0017358701 | K9: =+Conv!Y10 -> 0.009417537 | L9: =+Conv!BJ10 -> 0.011298698 | O9: =+SLOPE(I9:J9,$I$3:$J$3) -> -0.033934525 | P9: =+INTERCEPT(I9:J9,$I$3:$J$3) -> 0.0047899774 | Q9: =+SLOPE(K9:L9,$K$3:$L$3) -> 0.053747445 | R9: =+INTERCEPT(K9:L9,$K$3:$L$3) -> 0.0064614275 | T9: =+O9*$W$3+P9 -> 0.0029235785 | U9: =+Q9*$W$3+R9 -> 0.009417537
B10: 7 | C10: 4.1818169 | D10: 3.917502 | I10: =+Conv!L11 -> 0.026737462 | J10: =+Conv!AW11 -> 0.016551063 | K10: =+Conv!Y11 -> 0.086127681 | L10: =+Conv!BJ11 -> 0.1077301 | O10: =+SLOPE(I10:J10,$I$3:$J$3) -> -0.29103995 | P10: =+INTERCEPT(I10:J10,$I$3:$J$3) -> 0.042744659 | Q10: =+SLOPE(K10:L10,$K$3:$L$3) -> 0.61721194 | R10: =+INTERCEPT(K10:L10,$K$3:$L$3) -> 0.052181025 | T10: =+O10*$W$3+P10 -> 0.026737462 | U10: =+Q10*$W$3+R10 -> 0.086127681
B11: 8 | C11: 5.5572889 | D11: 5.2185092 | I11: =+Conv!L12 -> 0.0028029812 | J11: =+Conv!AW12 -> 0.0016645289 | K11: =+Conv!Y12 -> 0.0090290646 | L11: =+Conv!BJ12 -> 0.010834341 | O11: =+SLOPE(I11:J11,$I$3:$J$3) -> -0.032527207 | P11: =+INTERCEPT(I11:J11,$I$3:$J$3) -> 0.0045919776 | Q11: =+SLOPE(K11:L11,$K$3:$L$3) -> 0.051579328 | R11: =+INTERCEPT(K11:L11,$K$3:$L$3) -> 0.0061922015 | T11: =+O11*$W$3+P11 -> 0.0028029812 | U11: =+Q11*$W$3+R11 -> 0.0090290646
B12: 9 | C12: 5.6774427 | D12: 5.1379563 | I12: =+Conv!L13 -> 8.3381497e-05 | J12: =+Conv!AW13 -> 4.5669883e-05 | K12: =+Conv!Y13 -> 0.0002685915 | L12: =+Conv!BJ13 -> 0.00029726314 | O12: =+SLOPE(I12:J12,$I$3:$J$3) -> -0.0010774747 | P12: =+INTERCEPT(I12:J12,$I$3:$J$3) -> 0.0001426426 | Q12: =+SLOPE(K12:L12,$K$3:$L$3) -> 0.00081918969 | R12: =+INTERCEPT(K12:L12,$K$3:$L$3) -> 0.00022353607 | T12: =+O12*$W$3+P12 -> 8.3381497e-05 | U12: =+Q12*$W$3+R12 -> 0.0002685915
B13: 10 | C13: 5.0040532 | D13: 4.8319071 | I13: =+Conv!L14 -> 0.021071611 | J13: =+Conv!AW14 -> 0.013105611 | K13: =+Conv!Y14 -> 0.067876636 | L13: =+Conv!BJ14 -> 0.08530381 | O13: =+SLOPE(I13:J13,$I$3:$J$3) -> -0.22759999 | P13: =+INTERCEPT(I13:J13,$I$3:$J$3) -> 0.03358961 | Q13: =+SLOPE(K13:L13,$K$3:$L$3) -> 0.49791926 | R13: =+INTERCEPT(K13:L13,$K$3:$L$3) -> 0.040491076 | T13: =+O13*$W$3+P13 -> 0.021071611 | U13: =+Q13*$W$3+R13 -> 0.067876636
B14: 11 | C14: 3.7565895 | D14: 3.7645793 | I14: =+Conv!L15 -> 0.0022619096 | J14: =+Conv!AW15 -> 0.00019470618 | K14: =+Conv!Y15 -> 0.0072861452 | L14: =+Conv!BJ15 -> 0.0012673334 | O14: =+SLOPE(I14:J14,$I$3:$J$3) -> -0.059062955 | P14: =+INTERCEPT(I14:J14,$I$3:$J$3) -> 0.0055103721 | Q14: =+SLOPE(K14:L14,$K$3:$L$3) -> -0.17196605 | R14: =+INTERCEPT(K14:L14,$K$3:$L$3) -> 0.016744278 | T14: =+O14*$W$3+P14 -> 0.0022619096 | U14: =+Q14*$W$3+R14 -> 0.0072861452
B15: 12 | C15: 2.7501308 | D15: 2.9197024 | I15: =+Conv!L16 -> 0.00030075814 | J15: =+Conv!AW16 -> 0.00065137502 | K15: =+Conv!Y16 -> 0.00096881301 | L15: =+Conv!BJ16 -> 0.0042397696 | O15: =+SLOPE(I15:J15,$I$3:$J$3) -> 0.010017625 | P15: =+INTERCEPT(I15:J15,$I$3:$J$3) -> -0.00025021126 | Q15: =+SLOPE(K15:L15,$K$3:$L$3) -> 0.093455903 | R15: =+INTERCEPT(K15:L15,$K$3:$L$3) -> -0.0041712616 | T15: =+O15*$W$3+P15 -> 0.00030075814 | U15: =+Q15*$W$3+R15 -> 0.00096881301
B16: 13 | C16: 1.7059387 | D16: 2.0084574 | I16: =+Conv!L17 -> 0.020543836 | J16: =+Conv!AW17 -> 0.010841203 | K16: =+Conv!Y17 -> 0.066176551 | L16: =+Conv!BJ17 -> 0.070564885 | O16: =+SLOPE(I16:J16,$I$3:$J$3) -> -0.27721809 | P16: =+INTERCEPT(I16:J16,$I$3:$J$3) -> 0.035790832 | Q16: =+SLOPE(K16:L16,$K$3:$L$3) -> 0.12538099 | R16: =+INTERCEPT(K16:L16,$K$3:$L$3) -> 0.059280596 | T16: =+O16*$W$3+P16 -> 0.020543836 | U16: =+Q16*$W$3+R16 -> 0.066176551
... B30: 27 | C30: 0.26252799 | D30: 0.33359738 | I30: =+Conv!L31 -> 0.0063222318 | J30: =+Conv!AW31 -> 0.0034628257 | K30: =+Conv!Y31 -> 0.020365402 | L30: =+Conv!BJ31 -> 0.022539371 | O30: =+SLOPE(I30:J30,$I$3:$J$3) -> -0.081697317 | P30: =+INTERCEPT(I30:J30,$I$3:$J$3) -> 0.010815584 | Q30: =+SLOPE(K30:L30,$K$3:$L$3) -> 0.062113386 | R30: =+INTERCEPT(K30:L30,$K$3:$L$3) -> 0.016949166 | T30: =+O30*$W$3+P30 -> 0.0063222318 | U30: =+Q30*$W$3+R30 -> 0.020365402
B31: CO | C31: =+'5% CO'!E6 -> 13.424828 | D31: =+'10% CO'!E6 -> 8.8726193 | I31: =+Conv!L32 -> 0.0010337418 | J31: =+Conv!AW32 -> 0.00056620318 | K31: =+Conv!Y32 -> 0.0033299266 | L31: =+Conv!BJ32 -> 0.00368539 | O31: =+SLOPE(I31:J31,$I$3:$J$3) -> -0.013358247 | P31: =+INTERCEPT(I31:J31,$I$3:$J$3) -> 0.0017684454 | Q31: =+SLOPE(K31:L31,$K$3:$L$3) -> 0.010156098 | R31: =+INTERCEPT(K31:L31,$K$3:$L$3) -> 0.0027713412 | T31: =+O31*$W$3+P31 -> 0.0010337418 | U31: =+Q31*$W$3+R31 -> 0.0033299266
B32: CO2 | C32: =+'5% CO'!E7 -> 126.64217 | D32: =+'10% CO'!E7 -> 107.2988 | I32: =+Conv!L33 -> 0.0022055441 | J32: =+Conv!AW33 -> 0.0010723246 | K32: =+Conv!Y33 -> 0.0071045787 | L32: =+Conv!BJ33 -> 0.006979711 | O32: =+SLOPE(I32:J32,$I$3:$J$3) -> -0.032377699 | P32: =+INTERCEPT(I32:J32,$I$3:$J$3) -> 0.0039863176 | Q32: =+SLOPE(K32:L32,$K$3:$L$3) -> -0.0035676467 | R32: =+INTERCEPT(K32:L32,$K$3:$L$3) -> 0.0073007992 | T32: =+O32*$W$3+P32 -> 0.0022055441 | U32: =+Q32*$W$3+R32 -> 0.0071045787
I33: =+Conv!L34 -> 0.0010687388 | J33: =+Conv!AW34 -> 0.00069528112 | K33: =+Conv!Y34 -> 0.0034426601 | L33: =+Conv!BJ34 -> 0.0045255523 | O33: =+SLOPE(I33:J33,$I$3:$J$3) -> -0.010670219 | P33: =+INTERCEPT(I33:J33,$I$3:$J$3) -> 0.0016556009 | Q33: =+SLOPE(K33:L33,$K$3:$L$3) -> 0.030939776 | R33: =+INTERCEPT(K33:L33,$K$3:$L$3) -> 0.0017409725 | T33: =+O33*$W$3+P33 -> 0.0010687388 | U33: =+Q33*$W$3+R33 -> 0.0034426601
I34: =+Conv!L35 -> 0.0068118369 | J34: =+Conv!AW35 -> 0.0037309932 | K34: =+Conv!Y35 -> 0.021942536 | L34: =+Conv!BJ35 -> 0.02428486 | O34: =+SLOPE(I34:J34,$I$3:$J$3) -> -0.088024106 | P34: =+INTERCEPT(I34:J34,$I$3:$J$3) -> 0.011653163 | Q34: =+SLOPE(K34:L34,$K$3:$L$3) -> 0.066923559 | R34: =+INTERCEPT(K34:L34,$K$3:$L$3) -> 0.01826174 | T34: =+O34*$W$3+P34 -> 0.0068118369 | U34: =+Q34*$W$3+R34 -> 0.021942536
I35: =+Conv!L36 -> 0.0012553229 | J35: =+Conv!AW36 -> 0.00068756803 | K35: =+Conv!Y36 -> 0.0040436917 | L35: =+Conv!BJ36 -> 0.0044753482 | O35: =+SLOPE(I35:J35,$I$3:$J$3) -> -0.016221568 | P35: =+INTERCEPT(I35:J35,$I$3:$J$3) -> 0.0021475092 | Q35: =+SLOPE(K35:L35,$K$3:$L$3) -> 0.012333043 | R35: =+INTERCEPT(K35:L35,$K$3:$L$3) -> 0.0033653743 | T35: =+O35*$W$3+P35 -> 0.0012553229 | U35: =+Q35*$W$3+R35 -> 0.0040436917
I36: =+Conv!L37 -> 0.00070766422 | J36: =+Conv!AW37 -> 0.00038760329 | K36: =+Conv!Y37 -> 0.0022795536 | L36: =+Conv!BJ37 -> 0.0025228917 | O36: =+SLOPE(I36:J36,$I$3:$J$3) -> -0.009144598 | P36: =+INTERCEPT(I36:J36,$I$3:$J$3) -> 0.0012106171 | Q36: =+SLOPE(K36:L36,$K$3:$L$3) -> 0.0069525165 | R36: =+INTERCEPT(K36:L36,$K$3:$L$3) -> 0.0018971652 | T36: =+O36*$W$3+P36 -> 0.00070766422 | U36: =+Q36*$W$3+R36 -> 0.0022795536
I37: =+Conv!L38 -> 0.0025841563 | J37: =+Conv!AW38 -> 0.00097274355 | K37: =+Conv!Y38 -> 0.0083241778 | L37: =+Conv!BJ38 -> 0.0063315423 | O37: =+SLOPE(I37:J37,$I$3:$J$3) -> -0.046040363 | P37: =+INTERCEPT(I37:J37,$I$3:$J$3) -> 0.0051163763 | Q37: =+SLOPE(K37:L37,$K$3:$L$3) -> -0.056932442 | R37: =+INTERCEPT(K37:L37,$K$3:$L$3) -> 0.011455462 | T37: =+O37*$W$3+P37 -> 0.0025841563 | U37: =+Q37*$W$3+R37 -> 0.0083241778
I38: =+Conv!L39 -> 0.0016165025 | J38: =+Conv!AW39 -> 0.0011557623 | K38: =+Conv!Y39 -> 0.0052071366 | L38: =+Conv!BJ39 -> 0.0075228026 | O38: =+SLOPE(I38:J38,$I$3:$J$3) -> -0.013164008 | P38: =+INTERCEPT(I38:J38,$I$3:$J$3) -> 0.002340523 | Q38: =+SLOPE(K38:L38,$K$3:$L$3) -> 0.066161888 | R38: =+INTERCEPT(K38:L38,$K$3:$L$3) -> 0.0015682328 | T38: =+O38*$W$3+P38 -> 0.0016165025 | U38: =+Q38*$W$3+R38 -> 0.0052071366
I39: =+Conv!L40 -> 0.0025728955 | J39: =+Conv!AW40 -> 0.0014092316 | K39: =+Conv!Y40 -> 0.0082879042 | L39: =+Conv!BJ40 -> 0.0091726224 | O39: =+SLOPE(I39:J39,$I$3:$J$3) -> -0.033247541 | P39: =+INTERCEPT(I39:J39,$I$3:$J$3) -> 0.0044015102 | Q39: =+SLOPE(K39:L39,$K$3:$L$3) -> 0.025277664 | R39: =+INTERCEPT(K39:L39,$K$3:$L$3) -> 0.0068976327 | T39: =+O39*$W$3+P39 -> 0.0025728955 | U39: =+Q39*$W$3+R39 -> 0.0082879042
I40: =+Conv!L41 -> 0.0028070625 | J40: =+Conv!AW41 -> 0.001537482 | K40: =+Conv!Y41 -> 0.0090422115 | L40: =+Conv!BJ41 -> 0.010007398 | O40: =+SLOPE(I40:J40,$I$3:$J$3) -> -0.03627373 | P40: =+INTERCEPT(I40:J40,$I$3:$J$3) -> 0.0048021177 | Q40: =+SLOPE(K40:L40,$K$3:$L$3) -> 0.027576767 | R40: =+INTERCEPT(K40:L40,$K$3:$L$3) -> 0.0075254894 | T40: =+O40*$W$3+P40 -> 0.0028070625 | U40: =+Q40*$W$3+R40 -> 0.0090422115
I41: =+Conv!L42 -> 0.0016330842 | J41: =+Conv!AW42 -> 0.00089447623 | K41: =+Conv!Y42 -> 0.0052605501 | L41: =+Conv!BJ42 -> 0.005822104 | O41: =+SLOPE(I41:J41,$I$3:$J$3) -> -0.021103086 | P41: =+INTERCEPT(I41:J41,$I$3:$J$3) -> 0.002793754 | Q41: =+SLOPE(K41:L41,$K$3:$L$3) -> 0.016044396 | R41: =+INTERCEPT(K41:L41,$K$3:$L$3) -> 0.0043781084 | T41: =+O41*$W$3+P41 -> 0.0016330842 | U41: =+Q41*$W$3+R41 -> 0.0052605501
I42: =+Conv!L43 -> 0.0019991 | J42: =+Conv!AW43 -> 0.0010949511 | K42: =+Conv!Y43 -> 0.0064395735 | L42: =+Conv!BJ43 -> 0.0071269859 | O42: =+SLOPE(I42:J42,$I$3:$J$3) -> -0.025832825 | P42: =+INTERCEPT(I42:J42,$I$3:$J$3) -> 0.0034199054 | Q42: =+SLOPE(K42:L42,$K$3:$L$3) -> 0.019640354 | R42: =+INTERCEPT(K42:L42,$K$3:$L$3) -> 0.005359354 | T42: =+O42*$W$3+P42 -> 0.0019991 | U42: =+Q42*$W$3+R42 -> 0.0064395735
I43: =+Conv!L44 -> 0.0019601439 | J43: =+Conv!AW44 -> 0.0014679482 | K43: =+Conv!Y44 -> 0.0063140866 | L43: =+Conv!BJ44 -> 0.0095548062 | O43: =+SLOPE(I43:J43,$I$3:$J$3) -> -0.014062735 | P43: =+INTERCEPT(I43:J43,$I$3:$J$3) -> 0.0027335944 | Q43: =+SLOPE(K43:L43,$K$3:$L$3) -> 0.092591988 | R43: =+INTERCEPT(K43:L43,$K$3:$L$3) -> 0.0012215273 | T43: =+O43*$W$3+P43 -> 0.0019601439 | U43: =+Q43*$W$3+R43 -> 0.0063140866
B44: 5 | C44: =++'5% CO'!F6 -> 0.74541939 | D44: =+'5% CO'!F7 -> 0.23140786 | I44: =+Conv!L45 -> 0.0029316735 | J44: =+Conv!AW45 -> 0.0016057422 | K44: =+Conv!Y45 -> 0.009443613 | L44: =+Conv!BJ45 -> 0.010451701 | O44: =+SLOPE(I44:J44,$I$3:$J$3) -> -0.037883752 | P44: =+INTERCEPT(I44:J44,$I$3:$J$3) -> 0.0050152799 | Q44: =+SLOPE(K44:L44,$K$3:$L$3) -> 0.028802514 | R44: =+INTERCEPT(K44:L44,$K$3:$L$3) -> 0.0078594748 | T44: =+O44*$W$3+P44 -> 0.0029316735 | U44: =+Q44*$W$3+R44 -> 0.009443613
B45: 10 | C45: =+'10% CO'!F6 -> 0.894976 | D45: =+'10% CO'!F7 -> 0.13749922 | I45: =+Conv!L46 -> 0.0011751348 | J45: =+Conv!AW46 -> 0.00064364723 | K45: =+Conv!Y46 -> 0.0037853868 | L45: =+Conv!BJ46 -> 0.0041894697 | O45: =+SLOPE(I45:J45,$I$3:$J$3) -> -0.015185359 | P45: =+INTERCEPT(I45:J45,$I$3:$J$3) -> 0.0020103296 | Q45: =+SLOPE(K45:L45,$K$3:$L$3) -> 0.011545227 | R45: =+INTERCEPT(K45:L45,$K$3:$L$3) -> 0.0031503993 | T45: =+O45*$W$3+P45 -> 0.0011751348 | U45: =+Q45*$W$3+R45 -> 0.0037853868
B46: 15 | I46: =+Conv!L47 -> 0.0018875006 | J46: =+Conv!AW47 -> 0.0010338257 | K46: =+Conv!Y47 -> 0.0060800853 | L46: =+Conv!BJ47 -> 0.0067291231 | O46: =+SLOPE(I46:J46,$I$3:$J$3) -> -0.024390712 | P46: =+INTERCEPT(I46:J46,$I$3:$J$3) -> 0.0032289898 | Q46: =+SLOPE(K46:L46,$K$3:$L$3) -> 0.018543935 | R46: =+INTERCEPT(K46:L46,$K$3:$L$3) -> 0.0050601689 | T46: =+O46*$W$3+P46 -> 0.0018875006 | U46: =+Q46*$W$3+R46 -> 0.0060800853
I47: =+Conv!L48 -> 0.0022543337 | J47: =+Conv!AW48 -> 0.0012347482 | K47: =+Conv!Y48 -> 0.0072617414 | L47: =+Conv!BJ48 -> 0.0080369187 | O47: =+SLOPE(I47:J47,$I$3:$J$3) -> -0.029131013 | P47: =+INTERCEPT(I47:J47,$I$3:$J$3) -> 0.0038565394 | Q47: =+SLOPE(K47:L47,$K$3:$L$3) -> 0.022147922 | R47: =+INTERCEPT(K47:L47,$K$3:$L$3) -> 0.0060436056 | T47: =+O47*$W$3+P47 -> 0.0022543337 | U47: =+Q47*$W$3+R47 -> 0.0072617414
I48: =+Conv!L49 -> 0.0023714157 | J48: =+Conv!AW49 -> 0.0017952413 | K48: =+Conv!Y49 -> 0.0076388902 | L48: =+Conv!BJ49 -> 0.011685142 | O48: =+SLOPE(I48:J48,$I$3:$J$3) -> -0.016462125 | P48: =+INTERCEPT(I48:J48,$I$3:$J$3) -> 0.0032768326 | Q48: =+SLOPE(K48:L48,$K$3:$L$3) -> 0.11560719 | R48: =+INTERCEPT(K48:L48,$K$3:$L$3) -> 0.0012804946 | T48: =+O48*$W$3+P48 -> 0.0023714157 | U48: =+Q48*$W$3+R48 -> 0.0076388902
I49: =+Conv!L50 -> 0.00022142944 | J49: =+Conv!AW50 -> 0.00012128178 | K49: =+Conv!Y50 -> 0.00071327653 | L49: =+Conv!BJ50 -> 0.00078941747 | O49: =+SLOPE(I49:J49,$I$3:$J$3) -> -0.0028613616 | P49: =+INTERCEPT(I49:J49,$I$3:$J$3) -> 0.00037880433 | Q49: =+SLOPE(K49:L49,$K$3:$L$3) -> 0.0021754552 | R49: =+INTERCEPT(K49:L49,$K$3:$L$3) -> 0.0005936265 | T49: =+O49*$W$3+P49 -> 0.00022142944 | U49: =+Q49*$W$3+R49 -> 0.00071327653
I50: =+Conv!L51 -> 0.00078046294 | J50: =+Conv!AW51 -> 0.00042747675 | K50: =+Conv!Y51 -> 0.0025140555 | L50: =+Conv!BJ51 -> 0.0027824262 | O50: =+SLOPE(I50:J50,$I$3:$J$3) -> -0.01008532 | P50: =+INTERCEPT(I50:J50,$I$3:$J$3) -> 0.0013351555 | Q50: =+SLOPE(K50:L50,$K$3:$L$3) -> 0.0076677347 | R50: =+INTERCEPT(K50:L50,$K$3:$L$3) -> 0.0020923301 | T50: =+O50*$W$3+P50 -> 0.00078046294 | U50: =+Q50*$W$3+R50 -> 0.0025140555
I51: =+Conv!L52 -> 0.00020282532 | J51: =+Conv!AW52 -> 0.0001110919 | K51: =+Conv!Y52 -> 0.00065334828 | L51: =+Conv!BJ52 -> 0.00072309198 | O51: =+SLOPE(I51:J51,$I$3:$J$3) -> -0.0026209549 | P51: =+INTERCEPT(I51:J51,$I$3:$J$3) -> 0.00034697784 | Q51: =+SLOPE(K51:L51,$K$3:$L$3) -> 0.0019926773 | R51: =+INTERCEPT(K51:L51,$K$3:$L$3) -> 0.00054375103 | T51: =+O51*$W$3+P51 -> 0.00020282532 | U51: =+Q51*$W$3+R51 -> 0.00065334828
I52: =+Conv!L53 -> 0.00088219578 | J52: =+Conv!AW53 -> 0.00048319807 | K52: =+Conv!Y53 -> 0.002841761 | L52: =+Conv!BJ53 -> 0.0031451137 | O52: =+SLOPE(I52:J52,$I$3:$J$3) -> -0.011399935 | P52: =+INTERCEPT(I52:J52,$I$3:$J$3) -> 0.0015091922 | Q52: =+SLOPE(K52:L52,$K$3:$L$3) -> 0.0086672189 | R52: =+INTERCEPT(K52:L52,$K$3:$L$3) -> 0.002365064 | T52: =+O52*$W$3+P52 -> 0.00088219578 | U52: =+Q52*$W$3+R52 -> 0.002841761
I53: =+Conv!L54 -> 7.6236437e-05 | J53: =+Conv!AW54 -> 4.1756377e-05 | K53: =+Conv!Y54 -> 0.00024557557 | L53: =+Conv!BJ54 -> 0.00027179031 | O53: =+SLOPE(I53:J53,$I$3:$J$3) -> -0.00098514458 | P53: =+INTERCEPT(I53:J53,$I$3:$J$3) -> 0.00013041939 | Q53: =+SLOPE(K53:L53,$K$3:$L$3) -> 0.00074899235 | R53: =+INTERCEPT(K53:L53,$K$3:$L$3) -> 0.00020438099 | T53: =+O53*$W$3+P53 -> 7.6236437e-05 | U53: =+Q53*$W$3+R53 -> 0.00024557557
I54: =+Conv!L55 -> 0.0026669016 | J54: =+Conv!AW55 -> 0.0020189341 | K54: =+Conv!Y55 -> 0.0085907202 | L54: =+Conv!BJ55 -> 0.013141148 | O54: =+SLOPE(I54:J54,$I$3:$J$3) -> -0.018513358 | P54: =+INTERCEPT(I54:J54,$I$3:$J$3) -> 0.0036851363 | Q54: =+SLOPE(K54:L54,$K$3:$L$3) -> 0.13001222 | R54: =+INTERCEPT(K54:L54,$K$3:$L$3) -> 0.0014400483 | T54: =+O54*$W$3+P54 -> 0.0026669016 | U54: =+Q54*$W$3+R54 -> 0.0085907202
I55: =+Conv!L56 -> 0.00021610435 | J55: =+Conv!AW56 -> 0.00011836511 | K55: =+Conv!Y56 -> 0.00069612316 | L55: =+Conv!BJ56 -> 0.000770433 | O55: =+SLOPE(I55:J55,$I$3:$J$3) -> -0.0027925495 | P55: =+INTERCEPT(I55:J55,$I$3:$J$3) -> 0.00036969457 | Q55: =+SLOPE(K55:L55,$K$3:$L$3) -> 0.0021231383 | R55: =+INTERCEPT(K55:L55,$K$3:$L$3) -> 0.00057935055 | T55: =+O55*$W$3+P55 -> 0.00021610435 | U55: =+Q55*$W$3+R55 -> 0.00069612316
I56: =+Conv!L57 -> 0.0028193498 | J56: =+Conv!AW57 -> 0.0021343425 | K56: =+Conv!Y57 -> 0.0090817917 | L56: =+Conv!BJ57 -> 0.013892335 | O56: =+SLOPE(I56:J56,$I$3:$J$3) -> -0.019571638 | P56: =+INTERCEPT(I56:J56,$I$3:$J$3) -> 0.0038957899 | Q56: =+SLOPE(K56:L56,$K$3:$L$3) -> 0.13744411 | R56: =+INTERCEPT(K56:L56,$K$3:$L$3) -> 0.0015223658 | T56: =+O56*$W$3+P56 -> 0.0028193498 | U56: =+Q56*$W$3+R56 -> 0.0090817917
I57: =+Conv!L58 -> 0.00018262873 | J57: =+Conv!AW58 -> 0.00010002978 | K57: =+Conv!Y58 -> 0.00058829029 | L57: =+Conv!BJ58 -> 0.00065108918 | O57: =+SLOPE(I57:J57,$I$3:$J$3) -> -0.00235997 | P57: =+INTERCEPT(I57:J57,$I$3:$J$3) -> 0.00031242708 | Q57: =+SLOPE(K57:L57,$K$3:$L$3) -> 0.0017942539 | R57: =+INTERCEPT(K57:L57,$K$3:$L$3) -> 0.00048960633 | T57: =+O57*$W$3+P57 -> 0.00018262873 | U57: =+Q57*$W$3+R57 -> 0.00058829029
I58: =+Conv!L59 -> 0.0026819582 | J58: =+Conv!AW59 -> 0.0020303325 | K58: =+Conv!Y59 -> 0.0086392211 | L58: =+Conv!BJ59 -> 0.013215339 | O58: =+SLOPE(I58:J58,$I$3:$J$3) -> -0.01861788 | P58: =+INTERCEPT(I58:J58,$I$3:$J$3) -> 0.0037059416 | Q58: =+SLOPE(K58:L58,$K$3:$L$3) -> 0.13074623 | R58: =+INTERCEPT(K58:L58,$K$3:$L$3) -> 0.0014481784 | T58: =+O58*$W$3+P58 -> 0.0026819582 | U58: =+Q58*$W$3+R58 -> 0.0086392211
... I72: =+Conv!L73 -> 0.00045734446 | J72: =+Conv!AW73 -> 0.00034622511 | K72: =+Conv!Y73 -> 0.0014732145 | L72: =+Conv!BJ73 -> 0.0022535631 | O72: =+SLOPE(I72:J72,$I$3:$J$3) -> -0.0031748384 | P72: =+INTERCEPT(I72:J72,$I$3:$J$3) -> 0.00063196057 | Q72: =+SLOPE(K72:L72,$K$3:$L$3) -> 0.022295673 | R72: =+INTERCEPT(K72:L72,$K$3:$L$3) -> 0.00024695253 | T72: =+O72*$W$3+P72 -> 0.00045734446 | U72: =+Q72*$W$3+R72 -> 0.0014732145

Sheet RSTOIC
J1: CO% | K1: 0.066 | L1: =AND(K1>=0.03,K1<=0.12) -> TRUE
F2: CO2 | H2: CO | M2: =+SUM(M4:M71) -> 0.20189243 | N2: =+SUM(N4:N71) -> 0.79241453
A3: Rn | B3: Nc | C3: Name | D3: Formula | E3: ID | F3: m | G3: q | H3: m | I3: x | K3: IN | M3: CONV CO2 | N3: CONV CO | O3: Prod from CO2 | P3: Prod from CO | Q3: OUT | AF3: H2 CONV | AG3: H2O PROD | AU3: H2 CONV | AV3: H2O PROD
A4: 1 | B4: 1 | C4: METHANE | D4: CH4 | E4: CH4 | F4: -0.42191096 | G4: 0.056925799 | H4: 0.42134724 | I4: 0.085448232 | K4: CH4 | L4: 140 | M4: =IF($L$1,F4*$K$1+G4,0) -> 0.029079676 | N4: =IF($L$1,H4*$K$1+I4,0) -> 0.11325715 | O4: =+M4*$L$72/U4 -> 6.6592458 | P4: =+N4*$L$73/AJ4 -> 16.988572 | Q4: CH4 | R4: =+L4+O4+P4 -> 163.64782 | S4: =+R4-L4 -> 23.647818 | U4: 1 | V4: CO2 | W4: + | X4: 4 | Y4: H2 | Z4: = | AA4: 1 | AB4: CH4 | AC4: + | AD4: 2 | AE4: H2O | AF4: =+O4*X4 -> 26.636983 | AG4: =+AD4*O4 -> 13.318492 | AJ4: =U4 -> 1 | AK4: CO | AL4: =W4 -> + | AM4: =+X4-AJ4 -> 3 | AN4: =Y4 -> H2 | AO4: =Z4 -> = | AP4: =AA4 -> 1 | AQ4: =AB4 -> CH4 | AR4: =AC4 -> + | AS4: =+AJ4 -> 1 | AT4: =+AE4 -> H2O | AU4: =+P4*AM4 -> 50.965717 | AV4: =+AS4*P4 -> 16.988572
A5: 2 | B5: 1 | C5: METHANOL | D5: CH4O | E5: MEOH | F5: -0.015653078 | G5: 0.0027883494 | H5: 0.079167558 | I5: 0.0018544921 | K5: MEOH | M5: =IF($L$1,F5*$K$1+G5,0) -> 0.0017552463 | N5: =IF($L$1,H5*$K$1+I5,0) -> 0.007079551 | O5: =+M5*$L$72/U5 -> 0.4019514 | P5: =+N5*$L$73/AJ5 -> 1.0619326 | Q5: MEOH | R5: =+L5+O5+P5 -> 1.463884 | S5: =+R5*U5 -> 1.463884 | U5: 1 | V5: CO2 | W5: + | X5: 3 | Y5: H2 | Z5: = | AA5: 1 | AB5: CH4O | AC5: + | AD5: 1 | AE5: H2O | AF5: =+O5*X5 -> 1.2058542 | AG5: =+AD5*O5 -> 0.4019514 | AJ5: =U5 -> 1 | AK5: CO | AL5: =W5 -> + | AM5: =+X5-AJ5 -> 2 | AN5: =Y5 -> H2 | AO5: =Z5 -> = | AP5: =AA5 -> 1 | AQ5: =AB5 -> CH4O | AR5: =AC5 -> + | AS5: 0 | AT5: =+AE5 -> H2O | AU5: =+P5*AM5 -> 2.1238653 | AV5: =+AS5*P5 -> 0
A6: 3 | B6: 2 | C6: ETHANE | D6: C2H6 | E6: C2 | F6: -0.056348298 | G6: 0.0075968078 | H6: 0.055717428 | I6: 0.011423539 | K6: C2 | M6: =IF($L$1,F6*$K$1+G6,0) -> 0.0038778202 | N6: =IF($L$1,H6*$K$1+I6,0) -> 0.01510089 | O6: =+M6*$L$72/U6 -> 0.44401041 | P6: =+N6*$L$73/AJ6 -> 1.1325667 | Q6: C2 | R6: =+L6+O6+P6 -> 1.5765771 | S6: =+R6*U6 -> 3.1531542 | U6: 2 | V6: CO2 | W6: + | X6: 7 | Y6: H2 | Z6: = | AA6: 1 | AB6: C2H6 | AC6: + | AD6: 4 | AE6: H2O | AF6: =+O6*X6 -> 3.1080729 | AG6: =+AD6*O6 -> 1.7760416 | AJ6: =U6 -> 2 | AK6: CO | AL6: =W6 -> + | AM6: =+X6-AJ6 -> 5 | AN6: =Y6 -> H2 | AO6: =Z6 -> = | AP6: =AA6 -> 1 | AQ6: =AB6 -> C2H6 | AR6: =AC6 -> + | AS6: =+AJ6 -> 2 | AT6: =+AE6 -> H2O | AU6: =+P6*AM6 -> 5.6628336 | AV6: =+AS6*P6 -> 2.2651334
A7: 4 | B7: 2 | C7: ETHYLENE | D7: C2H4 | E7: C2-O | F7: -0.19019526 | G7: 0.028190738 | H7: 0.42749127 | I7: 0.033600493 | K7: C2-O | M7: =IF($L$1,F7*$K$1+G7,0) -> 0.01563785 | N7: =IF($L$1,H7*$K$1+I7,0) -> 0.061814917 | O7: =+M7*$L$72/U7 -> 1.7905339 | P7: =+N7*$L$73/AJ7 -> 4.6361187 | Q7: C2-O | R7: =+L7+O7+P7 -> 6.4266526 | S7: =+R7*U7 -> 12.853305 | U7: 2 | V7: CO2 | W7: + | X7: 6 | Y7: H2 | Z7: = | AA7: 1 | AB7: C2H4 | AC7: + | AD7: 4 | AE7: H2O | AF7: =+O7*X7 -> 10.743203 | AG7: =+AD7*O7 -> 7.1621354 | AJ7: =U7 -> 2 | AK7: CO | AL7: =W7 -> + | AM7: =+X7-AJ7 -> 4 | AN7: =Y7 -> H2 | AO7: =Z7 -> = | AP7: =AA7 -> 1 | AQ7: =AB7 -> C2H4 | AR7: =AC7 -> + | AS7: =+AJ7 -> 2 | AT7: =+AE7 -> H2O | AU7: =+P7*AM7 -> 18.544475 | AV7: =+AS7*P7 -> 9.2722375
A8: 5 | B8: 3 | C8: PROPANE | D8: C3H8 | E8: C3 | F8: -0.033934525 | G8: 0.0047899774 | H8: 0.053747445 | I8: 0.0064614275 | K8: C3 | M8: =IF($L$1,F8*$K$1+G8,0) -> 0.0025502987 | N8: =IF($L$1,H8*$K$1+I8,0) -> 0.010008759 | O8: =+M8*$L$72/U8 -> 0.1946728 | P8: =+N8*$L$73/AJ8 -> 0.50043794 | Q8: C3 | R8: =+L8+O8+P8 -> 0.69511075 | S8: =+R8*U8 -> 2.0853322 | U8: 3 | V8: CO2 | W8: + | X8: 10 | Y8: H2 | Z8: = | AA8: 1 | AB8: C3H8 | AC8: + | AD8: 6 | AE8: H2O | AF8: =+O8*X8 -> 1.946728 | AG8: =+AD8*O8 -> 1.1680368 | AJ8: =U8 -> 3 | AK8: CO | AL8: =W8 -> + | AM8: =+X8-AJ8 -> 7 | AN8: =Y8 -> H2 | AO8: =Z8 -> = | AP8: =AA8 -> 1 | AQ8: =AB8 -> C3H8 | AR8: =AC8 -> + | AS8: =+AJ8 -> 3 | AT8: =+AE8 -> H2O | AU8: =+P8*AM8 -> 3.5030656 | AV8: =+AS8*P8 -> 1.5013138
A9: 6 | B9: 3 | C9: PROPYLENE | D9: C3H6-2 | E9: C3-O | F9: -0.29103995 | G9: 0.042744659 | H9: 0.61721194 | I9: 0.052181025 | K9: C3-O | M9: =IF($L$1,F9*$K$1+G9,0) -> 0.023536022 | N9: =IF($L$1,H9*$K$1+I9,0) -> 0.092917012 | O9: =+M9*$L$72/U9 -> 1.796583 | P9: =+N9*$L$73/AJ9 -> 4.6458506 | Q9: C3-O | R9: =+L9+O9+P9 -> 6.4424337 | S9: =+R9*U9 -> 19.327301 | U9: 3 | V9: CO2 | W9: + | X9: 9 | Y9: H2 | Z9: = | AA9: 1 | AB9: C3H6 | AC9: + | AD9: 6 | AE9: H2O | AF9: =+O9*X9 -> 16.169247 | AG9: =+AD9*O9 -> 10.779498 | AJ9: =U9 -> 3 | AK9: CO | AL9: =W9 -> + | AM9: =+X9-AJ9 -> 6 | AN9: =Y9 -> H2 | AO9: =Z9 -> = | AP9: =AA9 -> 1 | AQ9: =AB9 -> C3H6 | AR9: =AC9 -> + | AS9: =+AJ9 -> 3 | AT9: =+AE9 -> H2O | AU9: =+P9*AM9 -> 27.875104 | AV9: =+AS9*P9 -> 13.937552
A10: 7 | B10: 4 | C10: N-BUTANE | D10: C4H10-1 | E10: C4 | F10: -0.032527207 | G10: 0.0045919776 | H10: 0.051579328 | I10: 0.0061922015 | K10: C4 | M10: =IF($L$1,F10*$K$1+G10,0) -> 0.0024451819 | N10: =IF($L$1,H10*$K$1+I10,0) -> 0.0095964372 | O10: =+M10*$L$72/U10 -> 0.13998666 | P10: =+N10*$L$73/AJ10 -> 0.35986639 | Q10: C4 | R10: =+L10+O10+P10 -> 0.49985306 | S10: =+R10*U10 -> 1.9994122 | U10: 4 | V10: CO2 | W10: + | X10: 13 | Y10: H2 | Z10: = | AA10: 1 | AB10: C4H10 | AC10: + | AD10: 8 | AE10: H2O | AF10: =+O10*X10 -> 1.8198266 | AG10: =+AD10*O10 -> 1.1198933 | AJ10: =U10 -> 4 | AK10: CO | AL10: =W10 -> + | AM10: =+X10-AJ10 -> 9 | AN10: =Y10 -> H2 | AO10: =Z10 -> = | AP10: =AA10 -> 1 | AQ10: =AB10 -> C4H10 | AR10: =AC10 -> + | AS10: =+AJ10 -> 4 | AT10: =+AE10 -> H2O | AU10: =+P10*AM10 -> 3.2387975 | AV10: =+AS10*P10 -> 1.4394656
A11: 8 | B11: 4 | C11: ISOBUTANE | D11: C4H10-2 | E11: C4-IP | F11: -0.0010774747 | G11: 0.0001426426 | H11: 0.00081918969 | I11: 0.00022353607 | K11: C4-IP | M11: =IF($L$1,F11*$K$1+G11,0) -> 7.1529275e-05 | N11: =IF($L$1,H11*$K$1+I11,0) -> 0.00027760259 | O11: =+M11*$L$72/U11 -> 0.004095051 | P11: =+N11*$L$73/AJ11 -> 0.010410097 | Q11: C4-IP | R11: =+L11+O11+P11 -> 0.014505148 | S11: =+R11*U11 -> 0.058020592 | U11: 4 | V11: CO2 | W11: + | X11: 13 | Y11: H2 | Z11: = | AA11: 1 | AB11: C4H10 | AC11: + | AD11: 8 | AE11: H2O | AF11: =+O11*X11 -> 0.053235663 | AG11: =+AD11*O11 -> 0.032760408 | AJ11: =U11 -> 4 | AK11: CO | AL11: =W11 -> + | AM11: =+X11-AJ11 -> 9 | AN11: =Y11 -> H2 | AO11: =Z11 -> = | AP11: =AA11 -> 1 | AQ11: =AB11 -> C4H10 | AR11: =AC11 -> + | AS11: =+AJ11 -> 4 | AT11: =+AE11 -> H2O | AU11: =+P11*AM11 -> 0.093690872 | AV11: =+AS11*P11 -> 0.041640388
A12: 9 | B12: 4 | C12: 1-BUTENE | D12: C4H8-1 | E12: C4-O | F12: -0.22759999 | G12: 0.03358961 | H12: 0.49791926 | I12: 0.040491076 | K12: C4-O | M12: =IF($L$1,F12*$K$1+G12,0) -> 0.018568011 | N12: =IF($L$1,H12*$K$1+I12,0) -> 0.073353748 | O12: =+M12*$L$72/U12 -> 1.0630186 | P12: =+N12*$L$73/AJ12 -> 2.7507655 | Q12: C4-O | R12: =+L12+O12+P12 -> 3.8137842 | S12: =+R12*U12 -> 15.255137 | U12: 4 | V12: CO2 | W12: + | X12: 12 | Y12: H2 | Z12: = | AA12: 1 | AB12: C4H8 | AC12: + | AD12: 8 | AE12: H2O | AF12: =+O12*X12 -> 12.756223 | AG12: =+AD12*O12 -> 8.5041489 | AJ12: =U12 -> 4 | AK12: CO | AL12: =W12 -> + | AM12: =+X12-AJ12 -> 8 | AN12: =Y12 -> H2 | AO12: =Z12 -> = | AP12: =AA12 -> 1 | AQ12: =AB12 -> C4H8 | AR12: =AC12 -> + | AS12: =+AJ12 -> 4 | AT12: =+AE12 -> H2O | AU12: =+P12*AM12 -> 22.006124 | AV12: =+AS12*P12 -> 11.003062
A13: 10 | B13: 5 | C13: N-PENTANE | D13: C5H12-1 | E13: C5 | F13: -0.059062955 | G13: 0.0055103721 | H13: -0.17196605 | I13: 0.016744278 | K13: C5 | M13: =IF($L$1,F13*$K$1+G13,0) -> 0.0016122171 | N13: =IF($L$1,H13*$K$1+I13,0) -> 0.0053945186 | O13: =+M13*$L$72/U13 -> 0.073839543 | P13: =+N13*$L$73/AJ13 -> 0.16183556 | Q13: C5 | R13: =+L13+O13+P13 -> 0.2356751 | S13: =+R13*U13 -> 1.1783755 | U13: 5 | V13: CO2 | W13: + | X13: 16 | Y13: H2 | Z13: = | AA13: 1 | AB13: C5H12 | AC13: + | AD13: 10 | AE13: H2O | AF13: =+O13*X13 -> 1.1814327 | AG13: =+AD13*O13 -> 0.73839543 | AJ13: =U13 -> 5 | AK13: CO | AL13: =W13 -> + | AM13: =+X13-AJ13 -> 11 | AN13: =Y13 -> H2 | AO13: =Z13 -> = | AP13: =AA13 -> 1 | AQ13: =AB13 -> C5H12 | AR13: =AC13 -> + | AS13: =+AJ13 -> 5 | AT13: =+AE13 -> H2O | AU13: =+P13*AM13 -> 1.7801912 | AV13: =+AS13*P13 -> 0.8091778
A14: 11 | B14: 5 | C14: 2-METHYL-1-BUTANE | D14: C5H12-5 | E14: C5-IP | F14: 0.010017625 | G14: -0.00025021126 | H14: 0.093455903 | I14: -0.0041712616 | K14: C5-IP | M14: =IF($L$1,F14*$K$1+G14,0) -> 0.00041095202 | N14: =IF($L$1,H14*$K$1+I14,0) -> 0.0019968279 | O14: =+M14*$L$72/U14 -> 0.018821602 | P14: =+N14*$L$73/AJ14 -> 0.059904838 | Q14: C5-IP | R14: =+L14+O14+P14 -> 0.078726441 | S14: =+R14*U14 -> 0.3936322 | U14: 5 | V14: CO2 | W14: + | X14: 16 | Y14: H2 | Z14: = | AA14: 1 | AB14: C5H12 | AC14: + | AD14: 10 | AE14: H2O | AF14: =+O14*X14 -> 0.30114564 | AG14: =+AD14*O14 -> 0.18821602 | AJ14: =U14 -> 5 | AK14: CO | AL14: =W14 -> + | AM14: =+X14-AJ14 -> 11 | AN14: =Y14 -> H2 | AO14: =Z14 -> = | AP14: =AA14 -> 1 | AQ14: =AB14 -> C5H12 | AR14: =AC14 -> + | AS14: =+AJ14 -> 5 | AT14: =+AE14 -> H2O | AU14: =+P14*AM14 -> 0.65895322 | AV14: =+AS14*P14 -> 0.29952419
A15: 12 | B15: 5 | C15: 1-PENTENE | D15: C5H10-2 | E15: C5-O | F15: -0.27721809 | G15: 0.035790832 | H15: 0.12538099 | I15: 0.059280596 | K15: C5-O | M15: =IF($L$1,F15*$K$1+G15,0) -> 0.017494437 | N15: =IF($L$1,H15*$K$1+I15,0) -> 0.067555741 | O15: =+M15*$L$72/U15 -> 0.80124524 | P15: =+N15*$L$73/AJ15 -> 2.0266722 | Q15: C5-O | R15: =+L15+O15+P15 -> 2.8279175 | S15: =+R15*U15 -> 14.139587 | U15: 5 | V15: CO2 | W15: + | X15: 15 | Y15: H2 | Z15: = | AA15: 1 | AB15: C5H10 | AC15: + | AD15: 10 | AE15: H2O | AF15: =+O15*X15 -> 12.018679 | AG15: =+AD15*O15 -> 8.0124524 | AJ15: =U15 -> 5 | AK15: CO | AL15: =W15 -> + | AM15: =+X15-AJ15 -> 10 | AN15: =Y15 -> H2 | AO15: =Z15 -> = | AP15: =AA15 -> 1 | AQ15: =AB15 -> C5H10 | AR15: =AC15 -> + | AS15: =+AJ15 -> 5 | AT15: =+AE15 -> H2O | AU15: =+P15*AM15 -> 20.266722 | AV15: =+AS15*P15 -> 10.133361
A16: 13 | B16: 5 | C16: CYCLOPENTANE | D16: 0 | E16: C5-N | F16: -0.0016255757 | G16: 0.00021520352 | H16: 0.0012359036 | I16: 0.00033724671 | K16: C5-N | M16: =IF($L$1,F16*$K$1+G16,0) -> 0.00010791553 | N16: =IF($L$1,H16*$K$1+I16,0) -> 0.00041881635 | O16: =+M16*$L$72/U16 -> 0.0049425313 | P16: =+N16*$L$73/AJ16 -> 0.01256449 | Q16: C5-N | R16: =+L16+O16+P16 -> 0.017507022 | S16: =+R16*U16 -> 0.087535109 | U16: 5 | V16: CO2 | W16: + | X16: 15 | Y16: H2 | Z16: = | AA16: 1 | AB16: C5H10 | AC16: + | AD16: 10 | AE16: H2O | AF16: =+O16*X16 -> 0.074137969 | AG16: =+AD16*O16 -> 0.049425313 | AJ16: =U16 -> 5 | AK16: CO | AL16: =W16 -> + | AM16: =+X16-AJ16 -> 10 | AN16: =Y16 -> H2 | AO16: =Z16 -> = | AP16: =AA16 -> 1 | AQ16: =AB16 -> C5H10 | AR16: =AC16 -> + | AS16: =+AJ16 -> 5 | AT16: =+AE16 -> H2O | AU16: =+P16*AM16 -> 0.1256449 | AV16: =+AS16*P16 -> 0.062822452
A17: 14 | B17: 6 | C17: 2,2-DIMETHYL-BUTANE | D17: C6H14-4 | E17: C6-IP | F17: -0.12453917 | G17: 0.014270968 | H17: -0.11350018 | I17: 0.030148316 | K17: C6-IP | M17: =IF($L$1,F17*$K$1+G17,0) -> 0.0060513832 | N17: =IF($L$1,H17*$K$1+I17,0) -> 0.022657304 | O17: =+M17*$L$72/U17 -> 0.23096113 | P17: =+N17*$L$73/AJ17 -> 0.5664326 | Q17: C6-IP | R17: =+L17+O17+P17 -> 0.79739372 | S17: =+R17*U17 -> 4.7843623 | U17: 6 | V17: CO2 | W17: + | X17: 19 | Y17: H2 | Z17: = | AA17: 1 | AB17: C6H14 | AC17: + | AD17: 12 | AE17: H2O | AF17: =+O17*X17 -> 4.3882614 | AG17: =+AD17*O17 -> 2.7715335 | AJ17: =U17 -> 6 | AK17: CO | AL17: =W17 -> + | AM17: =+X17-AJ17 -> 13 | AN17: =Y17 -> H2 | AO17: =Z17 -> = | AP17: =AA17 -> 1 | AQ17: =AB17 -> C6H14 | AR17: =AC17 -> + | AS17: =+AJ17 -> 6 | AT17: =+AE17 -> H2O | AU17: =+P17*AM17 -> 7.3636237 | AV17: =+AS17*P17 -> 3.3985956
A18: 15 | B18: 6 | C18: N-HEXANE | D18: C6H14-1 | E18: C6 | F18: -0.0013150955 | G18: 0.00016206343 | H18: -0.00013082959 | I18: 0.00029624739 | K18: C6 | M18: =IF($L$1,F18*$K$1+G18,0) -> 7.5267127e-05 | N18: =IF($L$1,H18*$K$1+I18,0) -> 0.00028761264 | O18: =+M18*$L$72/U18 -> 0.0028726953 | P18: =+N18*$L$73/AJ18 -> 0.0071903159 | Q18: C6 | R18: =+L18+O18+P18 -> 0.010063011 | S18: =+R18*U18 -> 0.060378067 | U18: 6 | V18: CO2 | W18: + | X18: 19 | Y18: H2 | Z18: = | AA18: 1 | AB18: C6H14 | AC18: + | AD18: 12 | AE18: H2O | AF18: =+O18*X18 -> 0.054581211 | AG18: =+AD18*O18 -> 0.034472344 | AJ18: =U18 -> 6 | AK18: CO | AL18: =W18 -> + | AM18: =+X18-AJ18 -> 13 | AN18: =Y18 -> H2 | AO18: =Z18 -> = | AP18: =AA18 -> 1 | AQ18: =AB18 -> C6H14 | AR18: =AC18 -> + | AS18: =+AJ18 -> 6 | AT18: =+AE18 -> H2O | AU18: =+P18*AM18 -> 0.093474107 | AV18: =+AS18*P18 -> 0.043141895
A19: 16 | B19: 6 | C19: 2-METHYL-1-PENTENE | D19: C6H12-D2 | E19: C6-O | F19: -0.056016076 | G19: 0.010652216 | H19: 0.3466053 | I19: 0.0053257565 | K19: C6-O | M19: =IF($L$1,F19*$K$1+G19,0) -> 0.0069551548 | N19: =IF($L$1,H19*$K$1+I19,0) -> 0.028201706 | O19: =+M19*$L$72/U19 -> 0.26545508 | P19: =+N19*$L$73/AJ19 -> 0.70504266 | Q19: C6-O | R19: =+L19+O19+P19 -> 0.97049773 | S19: =+R19*U19 -> 5.8229864 | U19: 6 | V19: CO2 | W19: + | X19: 18 | Y19: H2 | Z19: = | AA19: 1 | AB19: C6H12 | AC19: + | AD19: 12 | AE19: H2O | AF19: =+O19*X19 -> 4.7781914 | AG19: =+AD19*O19 -> 3.1854609 | AJ19: =U19 -> 6 | AK19: CO | AL19: =W19 -> + | AM19: =+X19-AJ19 -> 12 | AN19: =Y19 -> H2 | AO19: =Z19 -> = | AP19: =AA19 -> 1 | AQ19: =AB19 -> C6H12 | AR19: =AC19 -> + | AS19: =+AJ19 -> 6 | AT19: =+AE19 -> H2O | AU19: =+P19*AM19 -> 8.4605119 | AV19: =+AS19*P19 -> 4.2302559
A20: 17 | B20: 6 | C20: BENZENE | D20: 0 | E20: C6-A | F20: -0.00052262312 | G20: 6.9188005e-05 | H20: 0.00039734342 | I20: 0.00010842493 | K20: C6-A | M20: =IF($L$1,F20*$K$1+G20,0) -> 3.4694879e-05 | N20: =IF($L$1,H20*$K$1+I20,0) -> 0.0001346496 | O20: =+M20*$L$72/U20 -> 0.0013241879 | P20: =+N20*$L$73/AJ20 -> 0.0033662399 | Q20: C6-A | R20: =+L20+O20+P20 -> 0.0046904278 | S20: =+R20*U20 -> 0.028142567 | U20: 6 | V20: CO2 | W20: + | X20: 15 | Y20: H2 | Z20: = | AA20: 1 | AB20: C6H6 | AC20: + | AD20: 12 | AE20: H2O | AF20: =+O20*X20 -> 0.019862818 | AG20: =+AD20*O20 -> 0.015890255 | AJ20: =U20 -> 6 | AK20: CO | AL20: =W20 -> + | AM20: =+X20-AJ20 -> 9 | AN20: =Y20 -> H2 | AO20: =Z20 -> = | AP20: =AA20 -> 1 | AQ20: =AB20 -> C6H6 | AR20: =AC20 -> + | AS20: =+AJ20 -> 6 | AT20: =+AE20 -> H2O | AU20: =+P20*AM20 -> 0.030296159 | AV20: =+AS20*P20 -> 0.020197439
A21: 18 | B21: 6 | C21: CYCLOHEXANE | D21: 0 | E21: C6-N | F21: -0.0062982619 | G21: 0.00083380194 | H21: 0.0047884849 | I21: 0.0013066559 | K21: C6-N | M21: =IF($L$1,F21*$K$1+G21,0) -> 0.00041811666 | N21: =IF($L$1,H21*$K$1+I21,0) -> 0.001622696 | O21: =+M21*$L$72/U21 -> 0.015958119 | P21: =+N21*$L$73/AJ21 -> 0.040567399 | Q21: C6-N | R21: =+L21+O21+P21 -> 0.056525518 | S21: =+R21*U21 -> 0.33915311 | U21: 6 | V21: CO2 | W21: + | X21: 18 | Y21: H2 | Z21: = | AA21: 1 | AB21: C6H12 | AC21: + | AD21: 12 | AE21: H2O | AF21: =+O21*X21 -> 0.28724615 | AG21: =+AD21*O21 -> 0.19149743 | AJ21: =U21 -> 6 | AK21: CO | AL21: =W21 -> + | AM21: =+X21-AJ21 -> 12 | AN21: =Y21 -> H2 | AO21: =Z21 -> = | AP21: =AA21 -> 1 | AQ21: =AB21 -> C6H12 | AR21: =AC21 -> + | AS21: =+AJ21 -> 6 | AT21: =+AE21 -> H2O | AU21: =+P21*AM21 -> 0.48680879 | AV21: =+AS21*P21 -> 0.24340439
A22: 19 | B22: 7 | C22: N-HEPTANE | D22: C7H16-1 | E22: C7 | F22: -1.7285746e-05 | G22: 1.7151211e-06 | H22: -4.0707896e-05 | I22: 4.7012635e-06 | K22: C7 | M22: =IF($L$1,F22*$K$1+G22,0) -> 5.7426184e-07 | N22: =IF($L$1,H22*$K$1+I22,0) -> 2.0145424e-06 | O22: =+M22*$L$72/U22 -> 1.8786566e-05 | P22: =+N22*$L$73/AJ22 -> 4.3168765e-05 | Q22: C7 | R22: =+L22+O22+P22 -> 6.1955331e-05 | S22: =+R22*U22 -> 0.00043368732 | U22: 7 | V22: CO2 | W22: + | X22: 22 | Y22: H2 | Z22: = | AA22: 1 | AB22: C7H16 | AC22: + | AD22: 14 | AE22: H2O | AF22: =+O22*X22 -> 0.00041330445 | AG22: =+AD22*O22 -> 0.00026301192 | AJ22: =U22 -> 7 | AK22: CO | AL22: =W22 -> + | AM22: =+X22-AJ22 -> 15 | AN22: =Y22 -> H2 | AO22: =Z22 -> = | AP22: =AA22 -> 1 | AQ22: =AB22 -> C7H16 | AR22: =AC22 -> + | AS22: =+AJ22 -> 7 | AT22: =+AE22 -> H2O | AU22: =+P22*AM22 -> 0.00064753148 | AV22: =+AS22*P22 -> 0.00030218136
A23: 20 | B23: 7 | C23: 2-METHYLHEXANE | D23: C7H16-2 | E23: C7-IP | F23: -0.062203988 | G23: 0.0082474192 | H23: 0.048465134 | I23: 0.012880747 | K23: C7-IP | M23: =IF($L$1,F23*$K$1+G23,0) -> 0.004141956 | N23: =IF($L$1,H23*$K$1+I23,0) -> 0.016079446 | O23: =+M23*$L$72/U23 -> 0.13550113 | P23: =+N23*$L$73/AJ23 -> 0.34455957 | Q23: C7-IP | R23: =+L23+O23+P23 -> 0.4800607 | S23: =+R23*U23 -> 3.3604249 | U23: 7 | V23: CO2 | W23: + | X23: 22 | Y23: H2 | Z23: = | AA23: 1 | AB23: C7H16 | AC23: + | AD23: 14 | AE23: H2O | AF23: =+O23*X23 -> 2.9810249 | AG23: =+AD23*O23 -> 1.8970158 | AJ23: =U23 -> 7 | AK23: CO | AL23: =W23 -> + | AM23: =+X23-AJ23 -> 15 | AN23: =Y23 -> H2 | AO23: =Z23 -> = | AP23: =AA23 -> 1 | AQ23: =AB23 -> C7H16 | AR23: =AC23 -> + | AS23: =+AJ23 -> 7 | AT23: =+AE23 -> H2O | AU23: =+P23*AM23 -> 5.1683935 | AV23: =+AS23*P23 -> 2.411917
A24: 21 | B24: 7 | C24: 1-HEPTENE | D24: C7H14-7 | E24: C7-O | F24: -0.040591718 | G24: 0.0056088173 | H24: 0.052939818 | I24: 0.0079640822 | K24: C7-O | M24: =IF($L$1,F24*$K$1+G24,0) -> 0.0029297639 | N24: =IF($L$1,H24*$K$1+I24,0) -> 0.01145811 | O24: =+M24*$L$72/U24 -> 0.095845132 | P24: =+N24*$L$73/AJ24 -> 0.24553093 | Q24: C7-O | R24: =+L24+O24+P24 -> 0.34137606 | S24: =+R24*U24 -> 2.3896324 | U24: 7 | V24: CO2 | W24: + | X24: 21 | Y24: H2 | Z24: = | AA24: 1 | AB24: C7H14 | AC24: + | AD24: 14 | AE24: H2O | AF24: =+O24*X24 -> 2.0127478 | AG24: =+AD24*O24 -> 1.3418318 | AJ24: =U24 -> 7 | AK24: CO | AL24: =W24 -> + | AM24: =+X24-AJ24 -> 14 | AN24: =Y24 -> H2 | AO24: =Z24 -> = | AP24: =AA24 -> 1 | AQ24: =AB24 -> C7H14 | AR24: =AC24 -> + | AS24: =+AJ24 -> 7 | AT24: =+AE24 -> H2O | AU24: =+P24*AM24 -> 3.437433 | AV24: =+AS24*P24 -> 1.7187165
A25: 22 | B25: 7 | C25: TOLUENE | D25: C7H8 | E25: C7-A | F25: -0.0016302575 | G25: 0.00021582333 | H25: 0.0012394631 | I25: 0.00033821802 | K25: C7-A | M25: =IF($L$1,F25*$K$1+G25,0) -> 0.00010822634 | N25: =IF($L$1,H25*$K$1+I25,0) -> 0.00042002259 | O25: =+M25*$L$72/U25 -> 0.0035405473 | P25: =+N25*$L$73/AJ25 -> 0.009000484 | Q25: C7-A | R25: =+L25+O25+P25 -> 0.012541031 | S25: =+R25*U25 -> 0.087787219 | U25: 7 | V25: CO2 | W25: + | X25: 18 | Y25: H2 | Z25: = | AA25: 1 | AB25: C7H8 | AC25: + | AD25: 14 | AE25: H2O | AF25: =+O25*X25 -> 0.063729852 | AG25: =+AD25*O25 -> 0.049567663 | AJ25: =U25 -> 7 | AK25: CO | AL25: =W25 -> + | AM25: =+X25-AJ25 -> 11 | AN25: =Y25 -> H2 | AO25: =Z25 -> = | AP25: =AA25 -> 1 | AQ25: =AB25 -> C7H8 | AR25: =AC25 -> + | AS25: =+AJ25 -> 7 | AT25: =+AE25 -> H2O | AU25: =+P25*AM25 -> 0.099005324 | AV25: =+AS25*P25 -> 0.063003388
A26: 23 | B26: 7 | C26: 1c,3-Dimethylcyclopentane | D26: 0 | E26: C7-N | F26: -0.0066353538 | G26: 0.00087842821 | H26: 0.0050447714 | I26: 0.00137659 | K26: C7-N | M26: =IF($L$1,F26*$K$1+G26,0) -> 0.00044049486 | N26: =IF($L$1,H26*$K$1+I26,0) -> 0.0017095449 | O26: =+M26*$L$72/U26 -> 0.014410475 | P26: =+N26*$L$73/AJ26 -> 0.036633106 | Q26: C7-N | R26: =+L26+O26+P26 -> 0.05104358 | S26: =+R26*U26 -> 0.35730506 | U26: 7 | V26: CO2 | W26: + | X26: 21 | Y26: H2 | Z26: = | AA26: 1 | AB26: C7H14 | AC26: + | AD26: 14 | AE26: H2O | AF26: =+O26*X26 -> 0.30261997 | AG26: =+AD26*O26 -> 0.20174664 | AJ26: =U26 -> 7 | AK26: CO | AL26: =W26 -> + | AM26: =+X26-AJ26 -> 14 | AN26: =Y26 -> H2 | AO26: =Z26 -> = | AP26: =AA26 -> 1 | AQ26: =AB26 -> C7H14 | AR26: =AC26 -> + | AS26: =+AJ26 -> 7 | AT26: =+AE26 -> H2O | AU26: =+P26*AM26 -> 0.51286348 | AV26: =+AS26*P26 -> 0.25643174
A27: 24 | B27: 8 | C27: N-OCTANE | D27: C8H18-1 | E27: C8 | F27: -0.0029030916 | G27: 0.0005585315 | H27: 0.018570874 | I27: 0.00026342895 | K27: C8 | M27: =IF($L$1,F27*$K$1+G27,0) -> 0.00036692746 | N27: =IF($L$1,H27*$K$1+I27,0) -> 0.0014891066 | O27: =+M27*$L$72/U27 -> 0.010503298 | P27: =+N27*$L$73/AJ27 -> 0.027920749 | Q27: C8 | R27: =+L27+O27+P27 -> 0.038424047 | S27: =+R27*U27 -> 0.30739238 | U27: 8 | V27: CO2 | W27: + | X27: 25 | Y27: H2 | Z27: = | AA27: 1 | AB27: C8H18 | AC27: + | AD27: 16 | AE27: H2O | AF27: =+O27*X27 -> 0.26258246 | AG27: =+AD27*O27 -> 0.16805278 | AJ27: =U27 -> 8 | AK27: CO | AL27: =W27 -> + | AM27: =+X27-AJ27 -> 17 | AN27: =Y27 -> H2 | AO27: =Z27 -> = | AP27: =AA27 -> 1 | AQ27: =AB27 -> C8H18 | AR27: =AC27 -> + | AS27: =+AJ27 -> 8 | AT27: =+AE27 -> H2O | AU27: =+P27*AM27 -> 0.47465273 | AV27: =+AS27*P27 -> 0.22336599
A28: 25 | B28: 8 | C28: 2,2,4-TRIMETHYLPENTANE | D28: C8H18-13 | E28: C8-IP | F28: -0.029759031 | G28: 0.0039396803 | H28: 0.022625397 | I28: 0.0061738963 | K28: C8-IP | M28: =IF($L$1,F28*$K$1+G28,0) -> 0.0019755842 | N28: =IF($L$1,H28*$K$1+I28,0) -> 0.0076671724 | O28: =+M28*$L$72/U28 -> 0.056551099 | P28: =+N28*$L$73/AJ28 -> 0.14375948 | Q28: C8-IP | R28: =+L28+O28+P28 -> 0.20031058 | S28: =+R28*U28 -> 1.6024847 | U28: 8 | V28: CO2 | W28: + | X28: 25 | Y28: H2 | Z28: = | AA28: 1 | AB28: C8H18 | AC28: + | AD28: 16 | AE28: H2O | AF28: =+O28*X28 -> 1.4137775 | AG28: =+AD28*O28 -> 0.90481758 | AJ28: =U28 -> 8 | AK28: CO | AL28: =W28 -> + | AM28: =+X28-AJ28 -> 17 | AN28: =Y28 -> H2 | AO28: =Z28 -> = | AP28: =AA28 -> 1 | AQ28: =AB28 -> C8H18 | AR28: =AC28 -> + | AS28: =+AJ28 -> 8 | AT28: =+AE28 -> H2O | AU28: =+P28*AM28 -> 2.4439112 | AV28: =+AS28*P28 -> 1.1500759
A29: 26 | B29: 8 | C29: 1-OCTENE | D29: C8H16-16 | E29: C8-O | F29: -0.081697317 | G29: 0.010815584 | H29: 0.062113386 | I29: 0.016949166 | K29: C8-O | M29: =IF($L$1,F29*$K$1+G29,0) -> 0.0054235613 | N29: =IF($L$1,H29*$K$1+I29,0) -> 0.021048649 | O29: =+M29*$L$72/U29 -> 0.15524944 | P29: =+N29*$L$73/AJ29 -> 0.39466218 | Q29: C8-O | R29: =+L29+O29+P29 -> 0.54991162 | S29: =+R29*U29 -> 4.3992929 | U29: 8 | V29: CO2 | W29: + | X29: 24 | Y29: H2 | Z29: = | AA29: 1 | AB29: C8H16 | AC29: + | AD29: 16 | AE29: H2O | AF29: =+O29*X29 -> 3.7259866 | AG29: =+AD29*O29 -> 2.4839911 | AJ29: =U29 -> 8 | AK29: CO | AL29: =W29 -> + | AM29: =+X29-AJ29 -> 16 | AN29: =Y29 -> H2 | AO29: =Z29 -> = | AP29: =AA29 -> 1 | AQ29: =AB29 -> C8H16 | AR29: =AC29 -> + | AS29: =+AJ29 -> 8 | AT29: =+AE29 -> H2O | AU29: =+P29*AM29 -> 6.3145948 | AV29: =+AS29*P29 -> 3.1572974
A30: 27 | B30: 8 | C30: 1-METHYL-1-ETHYLCYCLOPENTANE | D30: C8H16-13 | E30: C8-N | F30: -0.013358247 | G30: 0.0017684454 | H30: 0.010156098 | I30: 0.0027713412 | K30: C8-N | M30: =IF($L$1,F30*$K$1+G30,0) -> 0.00088680111 | N30: =IF($L$1,H30*$K$1+I30,0) -> 0.0034416437 | O30: =+M30*$L$72/U30 -> 0.025384682 | P30: =+N30*$L$73/AJ30 -> 0.064530819 | Q30: C8-N | R30: =+L30+O30+P30 -> 0.089915501 | S30: =+R30*U30 -> 0.71932401 | U30: 8 | V30: CO2 | W30: + | X30: 24 | Y30: H2 | Z30: = | AA30: 1 | AB30: C8H16 | AC30: + | AD30: 16 | AE30: H2O | AF30: =+O30*X30 -> 0.60923236 | AG30: =+AD30*O30 -> 0.40615491 | AJ30: =U30 -> 8 | AK30: CO | AL30: =W30 -> + | AM30: =+X30-AJ30 -> 16 | AN30: =Y30 -> H2 | AO30: =Z30 -> = | AP30: =AA30 -> 1 | AQ30: =AB30 -> C8H16 | AR30: =AC30 -> + | AS30: =+AJ30 -> 8 | AT30: =+AE30 -> H2O | AU30: =+P30*AM30 -> 1.0324931 | AV30: =+AS30*P30 -> 0.51624655
A31: 28 | B31: 8 | C31: M-XYLENE | D31: C8H10-2 | E31: C8-A | F31: -0.032377699 | G31: 0.0039863176 | H31: -0.0035676467 | I31: 0.0073007992 | K31: C8-A | M31: =IF($L$1,F31*$K$1+G31,0) -> 0.0018493894 | N31: =IF($L$1,H31*$K$1+I31,0) -> 0.0070653346 | O31: =+M31*$L$72/U31 -> 0.052938773 | P31: =+N31*$L$73/AJ31 -> 0.13247502 | Q31: C8-A | R31: =+L31+O31+P31 -> 0.1854138 | S31: =+R31*U31 -> 1.4833104 | U31: 8 | V31: CO2 | W31: + | X31: 21 | Y31: H2 | Z31: = | AA31: 1 | AB31: C8H10 | AC31: + | AD31: 16 | AE31: H2O | AF31: =+O31*X31 -> 1.1117142 | AG31: =+AD31*O31 -> 0.84702036 | AJ31: =U31 -> 8 | AK31: CO | AL31: =W31 -> + | AM31: =+X31-AJ31 -> 13 | AN31: =Y31 -> H2 | AO31: =Z31 -> = | AP31: =AA31 -> 1 | AQ31: =AB31 -> C8H10 | AR31: =AC31 -> + | AS31: =+AJ31 -> 8 | AT31: =+AE31 -> H2O | AU31: =+P31*AM31 -> 1.7221753 | AV31: =+AS31*P31 -> 1.0598002
A32: 29 | B32: 9 | C32: N-NONANE | D32: C9H20-1 | E32: C9 | F32: -0.010670219 | G32: 0.0016556009 | H32: 0.030939776 | I32: 0.0017409725 | K32: C9 | M32: =IF($L$1,F32*$K$1+G32,0) -> 0.00095136639 | N32: =IF($L$1,H32*$K$1+I32,0) -> 0.0037829977 | O32: =+M32*$L$72/U32 -> 0.024206989 | P32: =+N32*$L$73/AJ32 -> 0.063049961 | Q32: C9 | R32: =+L32+O32+P32 -> 0.087256951 | S32: =+R32*U32 -> 0.78531256 | U32: 9 | V32: CO2 | W32: + | X32: 28 | Y32: H2 | Z32: = | AA32: 1 | AB32: C9H20 | AC32: + | AD32: 18 | AE32: H2O | AF32: =+O32*X32 -> 0.6777957 | AG32: =+AD32*O32 -> 0.4357258 | AJ32: =U32 -> 9 | AK32: CO | AL32: =W32 -> + | AM32: =+X32-AJ32 -> 19 | AN32: =Y32 -> H2 | AO32: =Z32 -> = | AP32: =AA32 -> 1 | AQ32: =AB32 -> C9H20 | AR32: =AC32 -> + | AS32: =+AJ32 -> 9 | AT32: =+AE32 -> H2O | AU32: =+P32*AM32 -> 1.1979493 | AV32: =+AS32*P32 -> 0.56744965
A33: 30 | B33: 9 | C33: 3-METHYLOCTANE | D33: C9H20-D2 | E33: C9-IP | F33: -0.088024106 | G33: 0.011653163 | H33: 0.066923559 | I33: 0.01826174 | K33: C9-IP | M33: =IF($L$1,F33*$K$1+G33,0) -> 0.0058435717 | N33: =IF($L$1,H33*$K$1+I33,0) -> 0.022678695 | O33: =+M33*$L$72/U33 -> 0.14868644 | P33: =+N33*$L$73/AJ33 -> 0.37797825 | Q33: C9-IP | R33: =+L33+O33+P33 -> 0.52666468 | S33: =+R33*U33 -> 4.7399822 | U33: 9 | V33: CO2 | W33: + | X33: 28 | Y33: H2 | Z33: = | AA33: 1 | AB33: C9H20 | AC33: + | AD33: 18 | AE33: H2O | AF33: =+O33*X33 -> 4.1632202 | AG33: =+AD33*O33 -> 2.6763558 | AJ33: =U33 -> 9 | AK33: CO | AL33: =W33 -> + | AM33: =+X33-AJ33 -> 19 | AN33: =Y33 -> H2 | AO33: =Z33 -> = | AP33: =AA33 -> 1 | AQ33: =AB33 -> C9H20 | AR33: =AC33 -> + | AS33: =+AJ33 -> 9 | AT33: =+AE33 -> H2O | AU33: =+P33*AM33 -> 7.1815867 | AV33: =+AS33*P33 -> 3.4018042
A34: 31 | B34: 9 | C34: 1-NONENE | D34: C9H18-3 | E34: C9-O | F34: -0.016221568 | G34: 0.0021475092 | H34: 0.012333043 | I34: 0.0033653743 | K34: C9-O | M34: =IF($L$1,F34*$K$1+G34,0) -> 0.0010768857 | N34: =IF($L$1,H34*$K$1+I34,0) -> 0.0041793552 | O34: =+M34*$L$72/U34 -> 0.027400758 | P34: =+N34*$L$73/AJ34 -> 0.069655919 | Q34: C9-O | R34: =+L34+O34+P34 -> 0.097056677 | S34: =+R34*U34 -> 0.87351009 | U34: 9 | V34: CO2 | W34: + | X34: 27 | Y34: H2 | Z34: = | AA34: 1 | AB34: C9H18 | AC34: + | AD34: 18 | AE34: H2O | AF34: =+O34*X34 -> 0.73982046 | AG34: =+AD34*O34 -> 0.49321364 | AJ34: =U34 -> 9 | AK34: CO | AL34: =W34 -> + | AM34: =+X34-AJ34 -> 18 | AN34: =Y34 -> H2 | AO34: =Z34 -> = | AP34: =AA34 -> 1 | AQ34: =AB34 -> C9H18 | AR34: =AC34 -> + | AS34: =+AJ34 -> 9 | AT34: =+AE34 -> H2O | AU34: =+P34*AM34 -> 1.2538066 | AV34: =+AS34*P34 -> 0.62690328
A35: 32 | B35: 9 | C35: ISOPROPYLCYCLOHEXANE | D35: C9H18-2 | E35: C9-N | F35: -0.009144598 | G35: 0.0012106171 | H35: 0.0069525165 | I35: 0.0018971652 | K35: C9-N | M35: =IF($L$1,F35*$K$1+G35,0) -> 0.00060707364 | N35: =IF($L$1,H35*$K$1+I35,0) -> 0.0023560313 | O35: =+M35*$L$72/U35 -> 0.015446652 | P35: =+N35*$L$73/AJ35 -> 0.039267189 | Q35: C9-N | R35: =+L35+O35+P35 -> 0.05471384 | S35: =+R35*U35 -> 0.49242456 | U35: 9 | V35: CO2 | W35: + | X35: 27 | Y35: H2 | Z35: = | AA35: 1 | AB35: C9H18 | AC35: + | AD35: 18 | AE35: H2O | AF35: =+O35*X35 -> 0.41705959 | AG35: =+AD35*O35 -> 0.27803973 | AJ35: =U35 -> 9 | AK35: CO | AL35: =W35 -> + | AM35: =+X35-AJ35 -> 18 | AN35: =Y35 -> H2 | AO35: =Z35 -> = | AP35: =AA35 -> 1 | AQ35: =AB35 -> C9H18 | AR35: =AC35 -> + | AS35: =+AJ35 -> 9 | AT35: =+AE35 -> H2O | AU35: =+P35*AM35 -> 0.7068094 | AV35: =+AS35*P35 -> 0.3534047
A36: 33 | B36: 9 | C36: INDANE | D36: C9H10-E1 | E36: C9-A | F36: -0.046040363 | G36: 0.0051163763 | H36: -0.056932442 | I36: 0.011455462 | K36: C9-A | M36: =IF($L$1,F36*$K$1+G36,0) -> 0.0020777123 | N36: =IF($L$1,H36*$K$1+I36,0) -> 0.0076979209 | O36: =+M36*$L$72/U36 -> 0.052866234 | P36: =+N36*$L$73/AJ36 -> 0.12829868 | Q36: C9-A | R36: =+L36+O36+P36 -> 0.18116492 | S36: =+R36*U36 -> 1.6304843 | U36: 9 | V36: CO2 | W36: + | X36: 23 | Y36: H2 | Z36: = | AA36: 1 | AB36: C9H10 | AC36: + | AD36: 18 | AE36: H2O | AF36: =+O36*X36 -> 1.2159234 | AG36: =+AD36*O36 -> 0.95159222 | AJ36: =U36 -> 9 | AK36: CO | AL36: =W36 -> + | AM36: =+X36-AJ36 -> 14 | AN36: =Y36 -> H2 | AO36: =Z36 -> = | AP36: =AA36 -> 1 | AQ36: =AB36 -> C9H10 | AR36: =AC36 -> + | AS36: =+AJ36 -> 9 | AT36: =+AE36 -> H2O | AU36: =+P36*AM36 -> 1.7961816 | AV36: =+AS36*P36 -> 1.1546881
A37: 34 | B37: 10 | C37: N-DECANE | D37: C10H22-1 | E37: C10 | F37: -0.013164008 | G37: 0.002340523 | H37: 0.066161888 | I37: 0.0015682328 | K37: C10 | M37: =IF($L$1,F37*$K$1+G37,0) -> 0.0014716985 | N37: =IF($L$1,H37*$K$1+I37,0) -> 0.0059349173 | O37: =+M37*$L$72/U37 -> 0.033701895 | P37: =+N37*$L$73/AJ37 -> 0.08902376 | Q37: C10 | R37: =+L37+O37+P37 -> 0.12272565 | S37: =+R37*U37 -> 1.2272565 | U37: 10 | V37: CO2 | W37: + | X37: 31 | Y37: H2 | Z37: = | AA37: 1 | AB37: C10H22 | AC37: + | AD37: 20 | AE37: H2O | AF37: =+O37*X37 -> 1.0447587 | AG37: =+AD37*O37 -> 0.6740379 | AJ37: =U37 -> 10 | AK37: CO | AL37: =W37 -> + | AM37: =+X37-AJ37 -> 21 | AN37: =Y37 -> H2 | AO37: =Z37 -> = | AP37: =AA37 -> 1 | AQ37: =AB37 -> C10H22 | AR37: =AC37 -> + | AS37: =+AJ37 -> 10 | AT37: =+AE37 -> H2O | AU37: =+P37*AM37 -> 1.869499 | AV37: =+AS37*P37 -> 0.8902376
A38: 35 | B38: 10 | C38: 2-METHYLNONANE | D38: C10H22-E2 | E38: C10-IP | F38: -0.033247541 | G38: 0.0044015102 | H38: 0.025277664 | I38: 0.0068976327 | K38: C10-IP | M38: =IF($L$1,F38*$K$1+G38,0) -> 0.0022071725 | N38: =IF($L$1,H38*$K$1+I38,0) -> 0.0085659585 | O38: =+M38*$L$72/U38 -> 0.050544251 | P38: =+N38*$L$73/AJ38 -> 0.12848938 | Q38: C10-IP | R38: =+L38+O38+P38 -> 0.17903363 | S38: =+R38*U38 -> 1.7903363 | U38: 10 | V38: CO2 | W38: + | X38: 31 | Y38: H2 | Z38: = | AA38: 1 | AB38: C10H22 | AC38: + | AD38: 20 | AE38: H2O | AF38: =+O38*X38 -> 1.5668718 | AG38: =+AD38*O38 -> 1.010885 | AJ38: =U38 -> 10 | AK38: CO | AL38: =W38 -> + | AM38: =+X38-AJ38 -> 21 | AN38: =Y38 -> H2 | AO38: =Z38 -> = | AP38: =AA38 -> 1 | AQ38: =AB38 -> C10H22 | AR38: =AC38 -> + | AS38: =+AJ38 -> 10 | AT38: =+AE38 -> H2O | AU38: =+P38*AM38 -> 2.6982769 | AV38: =+AS38*P38 -> 1.2848938
... A44: 41 | B44: 11 | C44: 1-ETHYL-2-ISOPROPYLBENZENE | D44: C11H16-D1 | E44: C11-A | F44: -0.015185359 | G44: 0.0020103296 | H44: 0.011545227 | I44: 0.0031503993 | K44: C11-A | M44: =IF($L$1,F44*$K$1+G44,0) -> 0.0010080958 | N44: =IF($L$1,H44*$K$1+I44,0) -> 0.0039123843 | O44: =+M44*$L$72/U44 -> 0.020986723 | P44: =+N44*$L$73/AJ44 -> 0.053350695 | Q44: C11-A | R44: =+L44+O44+P44 -> 0.074337418 | S44: =+R44*U44 -> 0.81771159 | U44: 11 | V44: CO2 | W44: + | X44: 30 | Y44: H2 | Z44: = | AA44: 1 | AB44: C11H16 | AC44: + | AD44: 22 | AE44: H2O | AF44: =+O44*X44 -> 0.62960168 | AG44: =+AD44*O44 -> 0.4617079 | AJ44: =U44 -> 11 | AK44: CO | AL44: =W44 -> + | AM44: =+X44-AJ44 -> 19 | AN44: =Y44 -> H2 | AO44: =Z44 -> = | AP44: =AA44 -> 1 | AQ44: =AB44 -> C11H16 | AR44: =AC44 -> + | AS44: =+AJ44 -> 11 | AT44: =+AE44 -> H2O | AU44: =+P44*AM44 -> 1.0136632 | AV44: =+AS44*P44 -> 0.58685764
A45: 42 | B45: 11 | C45: Undecene-1 | D45: 0 | E45: C11-O | F45: -0.024390712 | G45: 0.0032289898 | H45: 0.018543935 | I45: 0.0050601689 | K45: C11-O | M45: =IF($L$1,F45*$K$1+G45,0) -> 0.0016192028 | N45: =IF($L$1,H45*$K$1+I45,0) -> 0.0062840686 | O45: =+M45*$L$72/U45 -> 0.033708858 | P45: =+N45*$L$73/AJ45 -> 0.085691845 | Q45: C11-O | R45: =+L45+O45+P45 -> 0.1194007 | S45: =+R45*U45 -> 1.3134077 | U45: 11 | V45: CO2 | W45: + | X45: 33 | Y45: H2 | Z45: = | AA45: 1 | AB45: C11H22 | AC45: + | AD45: 22 | AE45: H2O | AF45: =+O45*X45 -> 1.1123923 | AG45: =+AD45*O45 -> 0.74159487 | AJ45: =U45 -> 11 | AK45: CO | AL45: =W45 -> + | AM45: =+X45-AJ45 -> 22 | AN45: =Y45 -> H2 | AO45: =Z45 -> = | AP45: =AA45 -> 1 | AQ45: =AB45 -> C11H22 | AR45: =AC45 -> + | AS45: =+AJ45 -> 11 | AT45: =+AE45 -> H2O | AU45: =+P45*AM45 -> 1.8852206 | AV45: =+AS45*P45 -> 0.94261029
A46: 43 | B46: 12 | C46: 2-METHYLUNDECANE | D46: C12H26-N9 | E46: C12-IP | F46: -0.029131013 | G46: 0.0038565394 | H46: 0.022147922 | I46: 0.0060436056 | K46: C12-IP | M46: =IF($L$1,F46*$K$1+G46,0) -> 0.0019338926 | N46: =IF($L$1,H46*$K$1+I46,0) -> 0.0075053685 | O46: =+M46*$L$72/U46 -> 0.036905116 | P46: =+N46*$L$73/AJ46 -> 0.093817106 | Q46: C12-IP | R46: =+L46+O46+P46 -> 0.13072222 | S46: =+R46*U46 -> 1.5686667 | U46: 12 | V46: CO2 | W46: + | X46: 37 | Y46: H2 | Z46: = | AA46: 1 | AB46: C12H26 | AC46: + | AD46: 24 | AE46: H2O | AF46: =+O46*X46 -> 1.3654893 | AG46: =+AD46*O46 -> 0.88572279 | AJ46: =U46 -> 12 | AK46: CO | AL46: =W46 -> + | AM46: =+X46-AJ46 -> 25 | AN46: =Y46 -> H2 | AO46: =Z46 -> = | AP46: =AA46 -> 1 | AQ46: =AB46 -> C12H26 | AR46: =AC46 -> + | AS46: =+AJ46 -> 12 | AT46: =+AE46 -> H2O | AU46: =+P46*AM46 -> 2.3454277 | AV46: =+AS46*P46 -> 1.1258053
A47: 44 | B47: 12 | C47: N-DODECANE | D47: C12H26 | E47: C12 | F47: -0.016462125 | G47: 0.0032768326 | H47: 0.11560719 | I47: 0.0012804946 | K47: C12 | M47: =IF($L$1,F47*$K$1+G47,0) -> 0.0021903323 | N47: =IF($L$1,H47*$K$1+I47,0) -> 0.0089105693 | O47: =+M47*$L$72/U47 -> 0.041798842 | P47: =+N47*$L$73/AJ47 -> 0.11138212 | Q47: C12 | R47: =+L47+O47+P47 -> 0.15318096 | S47: =+R47*U47 -> 1.8381715 | U47: 12 | V47: CO2 | W47: + | X47: 37 | Y47: H2 | Z47: = | AA47: 1 | AB47: C12H26 | AC47: + | AD47: 24 | AE47: H2O | AF47: =+O47*X47 -> 1.5465572 | AG47: =+AD47*O47 -> 1.0031722 | AJ47: =U47 -> 12 | AK47: CO | AL47: =W47 -> + | AM47: =+X47-AJ47 -> 25 | AN47: =Y47 -> H2 | AO47: =Z47 -> = | AP47: =AA47 -> 1 | AQ47: =AB47 -> C12H26 | AR47: =AC47 -> + | AS47: =+AJ47 -> 12 | AT47: =+AE47 -> H2O | AU47: =+P47*AM47 -> 2.7845529 | AV47: =+AS47*P47 -> 1.3365854
A48: 45 | B48: 12 | C48: 1-DODECENE | D48: C12H24-2 | E48: C12-O | F48: -0.0028613616 | G48: 0.00037880433 | H48: 0.0021754552 | I48: 0.0005936265 | K48: C12-O | M48: =IF($L$1,F48*$K$1+G48,0) -> 0.00018995446 | N48: =IF($L$1,H48*$K$1+I48,0) -> 0.00073720654 | O48: =+M48*$L$72/U48 -> 0.0036249643 | P48: =+N48*$L$73/AJ48 -> 0.0092150818 | Q48: C12-O | R48: =+L48+O48+P48 -> 0.012840046 | S48: =+R48*U48 -> 0.15408055 | U48: 12 | V48: CO2 | W48: + | X48: 36 | Y48: H2 | Z48: = | AA48: 1 | AB48: C12H24 | AC48: + | AD48: 24 | AE48: H2O | AF48: =+O48*X48 -> 0.13049872 | AG48: =+AD48*O48 -> 0.086999144 | AJ48: =U48 -> 12 | AK48: CO | AL48: =W48 -> + | AM48: =+X48-AJ48 -> 24 | AN48: =Y48 -> H2 | AO48: =Z48 -> = | AP48: =AA48 -> 1 | AQ48: =AB48 -> C12H24 | AR48: =AC48 -> + | AS48: =+AJ48 -> 12 | AT48: =+AE48 -> H2O | AU48: =+P48*AM48 -> 0.22116196 | AV48: =+AS48*P48 -> 0.11058098
A49: 46 | B49: 12 | C49: 1,2,4-TRIETHYLBENZENE | D49: C12H18-D6 | E49: C12-A | F49: -0.01008532 | G49: 0.0013351555 | H49: 0.0076677347 | I49: 0.0020923301 | K49: C12-A | M49: =IF($L$1,F49*$K$1+G49,0) -> 0.00066952443 | N49: =IF($L$1,H49*$K$1+I49,0) -> 0.0025984006 | O49: =+M49*$L$72/U49 -> 0.012776758 | P49: =+N49*$L$73/AJ49 -> 0.032480007 | Q49: C12-A | R49: =+L49+O49+P49 -> 0.045256765 | S49: =+R49*U49 -> 0.54308118 | U49: 12 | V49: CO2 | W49: + | X49: 33 | Y49: H2 | Z49: = | AA49: 1 | AB49: C12H18 | AC49: + | AD49: 24 | AE49: H2O | AF49: =+O49*X49 -> 0.42163301 | AG49: =+AD49*O49 -> 0.30664219 | AJ49: =U49 -> 12 | AK49: CO | AL49: =W49 -> + | AM49: =+X49-AJ49 -> 21 | AN49: =Y49 -> H2 | AO49: =Z49 -> = | AP49: =AA49 -> 1 | AQ49: =AB49 -> C12H18 | AR49: =AC49 -> + | AS49: =+AJ49 -> 12 | AT49: =+AE49 -> H2O | AU49: =+P49*AM49 -> 0.68208016 | AV49: =+AS49*P49 -> 0.38976009
A50: 47 | B50: 12 | C50: 0 | D50: 0 | E50: C12-N | F50: -0.0026209549 | G50: 0.00034697784 | H50: 0.0019926773 | I50: 0.00054375103 | K50: C12-N | M50: =IF($L$1,F50*$K$1+G50,0) -> 0.00017399482 | N50: =IF($L$1,H50*$K$1+I50,0) -> 0.00067526773 | O50: =+M50*$L$72/U50 -> 0.0033204011 | P50: =+N50*$L$73/AJ50 -> 0.0084408466 | Q50: C12-N | R50: =+L50+O50+P50 -> 0.011761248 | S50: =+R50*U50 -> 0.14113497 | U50: 12 | V50: CO2 | W50: + | X50: 36 | Y50: H2 | Z50: = | AA50: 1 | AB50: C12H24 | AC50: + | AD50: 24 | AE50: H2O | AF50: =+O50*X50 -> 0.11953444 | AG50: =+AD50*O50 -> 0.079689627 | AJ50: =U50 -> 12 | AK50: CO | AL50: =W50 -> + | AM50: =+X50-AJ50 -> 24 | AN50: =Y50 -> H2 | AO50: =Z50 -> = | AP50: =AA50 -> 1 | AQ50: =AB50 -> C12H24 | AR50: =AC50 -> + | AS50: =+AJ50 -> 12 | AT50: =+AE50 -> H2O | AU50: =+P50*AM50 -> 0.20258032 | AV50: =+AS50*P50 -> 0.10129016
A51: 48 | B51: 13 | C51: 2-METHYLDODECANE | D51: C13H28-N1 | E51: C13-IP | F51: -0.011399935 | G51: 0.0015091922 | H51: 0.0086672189 | I51: 0.002365064 | K51: C13-IP | M51: =IF($L$1,F51*$K$1+G51,0) -> 0.0007567965 | N51: =IF($L$1,H51*$K$1+I51,0) -> 0.0029371004 | O51: =+M51*$L$72/U51 -> 0.013331261 | P51: =+N51*$L$73/AJ51 -> 0.03388962 | Q51: C13-IP | R51: =+L51+O51+P51 -> 0.047220882 | S51: =+R51*U51 -> 0.61387146 | U51: 13 | V51: CO2 | W51: + | X51: 40 | Y51: H2 | Z51: = | AA51: 1 | AB51: C13H28 | AC51: + | AD51: 26 | AE51: H2O | AF51: =+O51*X51 -> 0.53325046 | AG51: =+AD51*O51 -> 0.3466128 | AJ51: =U51 -> 13 | AK51: CO | AL51: =W51 -> + | AM51: =+X51-AJ51 -> 27 | AN51: =Y51 -> H2 | AO51: =Z51 -> = | AP51: =AA51 -> 1 | AQ51: =AB51 -> C13H28 | AR51: =AC51 -> + | AS51: =+AJ51 -> 13 | AT51: =+AE51 -> H2O | AU51: =+P51*AM51 -> 0.91501975 | AV51: =+AS51*P51 -> 0.44056506
A52: 49 | B52: 13 | C52: 1-TRIDECENE | D52: C13H26-2 | E52: C13-O | F52: -0.00098514458 | G52: 0.00013041939 | H52: 0.00074899235 | I52: 0.00020438099 | K52: C13-O | M52: =IF($L$1,F52*$K$1+G52,0) -> 6.5399847e-05 | N52: =IF($L$1,H52*$K$1+I52,0) -> 0.00025381449 | O52: =+M52*$L$72/U52 -> 0.0011520435 | P52: =+N52*$L$73/AJ52 -> 0.0029286287 | Q52: C13-O | R52: =+L52+O52+P52 -> 0.0040806722 | S52: =+R52*U52 -> 0.053048738 | U52: 13 | V52: CO2 | W52: + | X52: 39 | Y52: H2 | Z52: = | AA52: 1 | AB52: C13H26 | AC52: + | AD52: 26 | AE52: H2O | AF52: =+O52*X52 -> 0.044929695 | AG52: =+AD52*O52 -> 0.02995313 | AJ52: =U52 -> 13 | AK52: CO | AL52: =W52 -> + | AM52: =+X52-AJ52 -> 26 | AN52: =Y52 -> H2 | AO52: =Z52 -> = | AP52: =AA52 -> 1 | AQ52: =AB52 -> C13H26 | AR52: =AC52 -> + | AS52: =+AJ52 -> 13 | AT52: =+AE52 -> H2O | AU52: =+P52*AM52 -> 0.076144347 | AV52: =+AS52*P52 -> 0.038072173
A53: 50 | B53: 13 | C53: N-TRIDECANE | D53: C13H28 | E53: C13 | F53: -0.018513358 | G53: 0.0036851363 | H53: 0.13001222 | I53: 0.0014400483 | K53: C13 | M53: =IF($L$1,F53*$K$1+G53,0) -> 0.0024632547 | N53: =IF($L$1,H53*$K$1+I53,0) -> 0.010020855 | O53: =+M53*$L$72/U53 -> 0.043391179 | P53: =+N53*$L$73/AJ53 -> 0.11562525 | Q53: C13 | R53: =+L53+O53+P53 -> 0.15901642 | S53: =+R53*U53 -> 2.0672135 | U53: 13 | V53: CO2 | W53: + | X53: 40 | Y53: H2 | Z53: = | AA53: 1 | AB53: C13H28 | AC53: + | AD53: 26 | AE53: H2O | AF53: =+O53*X53 -> 1.7356472 | AG53: =+AD53*O53 -> 1.1281707 | AJ53: =U53 -> 13 | AK53: CO | AL53: =W53 -> + | AM53: =+X53-AJ53 -> 27 | AN53: =Y53 -> H2 | AO53: =Z53 -> = | AP53: =AA53 -> 1 | AQ53: =AB53 -> C13H28 | AR53: =AC53 -> + | AS53: =+AJ53 -> 13 | AT53: =+AE53 -> H2O | AU53: =+P53*AM53 -> 3.1218816 | AV53: =+AS53*P53 -> 1.5031282
A54: 51 | B54: 14 | C54: 2-METHYLTRIDECANE | D54: C14H30-N1 | E54: C14-IP | F54: -0.0027925495 | G54: 0.00036969457 | H54: 0.0021231383 | I54: 0.00057935055 | K54: C14-IP | M54: =IF($L$1,F54*$K$1+G54,0) -> 0.0001853863 | N54: =IF($L$1,H54*$K$1+I54,0) -> 0.00071947768 | O54: =+M54*$L$72/U54 -> 0.0030323902 | P54: =+N54*$L$73/AJ54 -> 0.0077086894 | Q54: C14-IP | R54: =+L54+O54+P54 -> 0.01074108 | S54: =+R54*U54 -> 0.15037512 | U54: 14 | V54: CO2 | W54: + | X54: 43 | Y54: H2 | Z54: = | AA54: 1 | AB54: C14H30 | AC54: + | AD54: 28 | AE54: H2O | AF54: =+O54*X54 -> 0.13039278 | AG54: =+AD54*O54 -> 0.084906927 | AJ54: =U54 -> 14 | AK54: CO | AL54: =W54 -> + | AM54: =+X54-AJ54 -> 29 | AN54: =Y54 -> H2 | AO54: =Z54 -> = | AP54: =AA54 -> 1 | AQ54: =AB54 -> C14H30 | AR54: =AC54 -> + | AS54: =+AJ54 -> 14 | AT54: =+AE54 -> H2O | AU54: =+P54*AM54 -> 0.22355199 | AV54: =+AS54*P54 -> 0.10792165
A55: 52 | B55: 14 | C55: N-TETRADECANE | D55: C14H30 | E55: C14 | F55: -0.019571638 | G55: 0.0038957899 | H55: 0.13744411 | I55: 0.0015223658 | K55: C14 | M55: =IF($L$1,F55*$K$1+G55,0) -> 0.0026040618 | N55: =IF($L$1,H55*$K$1+I55,0) -> 0.010593677 | O55: =+M55*$L$72/U55 -> 0.04259501 | P55: =+N55*$L$73/AJ55 -> 0.11350368 | Q55: C14 | R55: =+L55+O55+P55 -> 0.15609869 | S55: =+R55*U55 -> 2.1853817 | U55: 14 | V55: CO2 | W55: + | X55: 43 | Y55: H2 | Z55: = | AA55: 1 | AB55: C14H30 | AC55: + | AD55: 28 | AE55: H2O | AF55: =+O55*X55 -> 1.8315855 | AG55: =+AD55*O55 -> 1.1926603 | AJ55: =U55 -> 14 | AK55: CO | AL55: =W55 -> + | AM55: =+X55-AJ55 -> 29 | AN55: =Y55 -> H2 | AO55: =Z55 -> = | AP55: =AA55 -> 1 | AQ55: =AB55 -> C14H30 | AR55: =AC55 -> + | AS55: =+AJ55 -> 14 | AT55: =+AE55 -> H2O | AU55: =+P55*AM55 -> 3.2916067 | AV55: =+AS55*P55 -> 1.5890515
A56: 53 | B56: 15 | C56: 2-METHYLTETRADECANE | D56: C15H32-N1 | E56: C15-IP | F56: -0.00235997 | G56: 0.00031242708 | H56: 0.0017942539 | I56: 0.00048960633 | K56: C15-IP | M56: =IF($L$1,F56*$K$1+G56,0) -> 0.00015666906 | N56: =IF($L$1,H56*$K$1+I56,0) -> 0.00060802708 | O56: =+M56*$L$72/U56 -> 0.0023918144 | P56: =+N56*$L$73/AJ56 -> 0.0060802708 | Q56: C15-IP | R56: =+L56+O56+P56 -> 0.0084720852 | S56: =+R56*U56 -> 0.12708128 | U56: 15 | V56: CO2 | W56: + | X56: 46 | Y56: H2 | Z56: = | AA56: 1 | AB56: C15H32 | AC56: + | AD56: 30 | AE56: H2O | AF56: =+O56*X56 -> 0.11002346 | AG56: =+AD56*O56 -> 0.071754431 | AJ56: =U56 -> 15 | AK56: CO | AL56: =W56 -> + | AM56: =+X56-AJ56 -> 31 | AN56: =Y56 -> H2 | AO56: =Z56 -> = | AP56: =AA56 -> 1 | AQ56: =AB56 -> C15H32 | AR56: =AC56 -> + | AS56: =+AJ56 -> 15 | AT56: =+AE56 -> H2O | AU56: =+P56*AM56 -> 0.1884884 | AV56: =+AS56*P56 -> 0.091204063
A57: 54 | B57: 15 | C57: N-PENTADECANE | D57: C15H32 | E57: C15 | F57: -0.01861788 | G57: 0.0037059416 | H57: 0.13074623 | I57: 0.0014481784 | K57: C15 | M57: =IF($L$1,F57*$K$1+G57,0) -> 0.0024771616 | N57: =IF($L$1,H57*$K$1+I57,0) -> 0.01007743 | O57: =+M57*$L$72/U57 -> 0.037818 | P57: =+N57*$L$73/AJ57 -> 0.1007743 | Q57: C15 | R57: =+L57+O57+P57 -> 0.1385923 | S57: =+R57*U57 -> 2.0788844 | U57: 15 | V57: CO2 | W57: + | X57: 46 | Y57: H2 | Z57: = | AA57: 1 | AB57: C15H32 | AC57: + | AD57: 30 | AE57: H2O | AF57: =+O57*X57 -> 1.739628 | AG57: =+AD57*O57 -> 1.13454 | AJ57: =U57 -> 15 | AK57: CO | AL57: =W57 -> + | AM57: =+X57-AJ57 -> 31 | AN57: =Y57 -> H2 | AO57: =Z57 -> = | AP57: =AA57 -> 1 | AQ57: =AB57 -> C15H32 | AR57: =AC57 -> + | AS57: =+AJ57 -> 15 | AT57: =+AE57 -> H2O | AU57: =+P57*AM57 -> 3.1240032 | AV57: =+AS57*P57 -> 1.5116144
A58: 55 | B58: 16 | C58: 2-METHYLPENTADECANE | D58: C16H34-N1 | E58: C16-IP | F58: -0.006419554 | G58: 0.00084985933 | H58: 0.0048807017 | I58: 0.0013318196 | K58: C16-IP | M58: =IF($L$1,F58*$K$1+G58,0) -> 0.00042616876 | N58: =IF($L$1,H58*$K$1+I58,0) -> 0.0016539459 | O58: =+M58*$L$72/U58 -> 0.0060995404 | P58: =+N58*$L$73/AJ58 -> 0.015505743 | Q58: C16-IP | R58: =+L58+O58+P58 -> 0.021605283 | S58: =+R58*U58 -> 0.34568453 | U58: 16 | V58: CO2 | W58: + | X58: 49 | Y58: H2 | Z58: = | AA58: 1 | AB58: C16H34 | AC58: + | AD58: 32 | AE58: H2O | AF58: =+O58*X58 -> 0.29887748 | AG58: =+AD58*O58 -> 0.19518529 | AJ58: =U58 -> 16 | AK58: CO | AL58: =W58 -> + | AM58: =+X58-AJ58 -> 33 | AN58: =Y58 -> H2 | AO58: =Z58 -> = | AP58: =AA58 -> 1 | AQ58: =AB58 -> C16H34 | AR58: =AC58 -> + | AS58: =+AJ58 -> 16 | AT58: =+AE58 -> H2O | AU58: =+P58*AM58 -> 0.51168951 | AV58: =+AS58*P58 -> 0.24809188
A59: 56 | B59: 16 | C59: N-HEXADECANE | D59: C16H34 | E59: C16 | F59: -0.0160963 | G59: 0.0032040141 | H59: 0.11303814 | I59: 0.0012520392 | K59: C16 | M59: =IF($L$1,F59*$K$1+G59,0) -> 0.0021416583 | N59: =IF($L$1,H59*$K$1+I59,0) -> 0.0087125567 | O59: =+M59*$L$72/U59 -> 0.030652484 | P59: =+N59*$L$73/AJ59 -> 0.081680219 | Q59: C16 | R59: =+L59+O59+P59 -> 0.1123327 | S59: =+R59*U59 -> 1.7973232 | U59: 16 | V59: CO2 | W59: + | X59: 49 | Y59: H2 | Z59: = | AA59: 1 | AB59: C16H34 | AC59: + | AD59: 32 | AE59: H2O | AF59: =+O59*X59 -> 1.5019717 | AG59: =+AD59*O59 -> 0.98087949 | AJ59: =U59 -> 16 | AK59: CO | AL59: =W59 -> + | AM59: =+X59-AJ59 -> 33 | AN59: =Y59 -> H2 | AO59: =Z59 -> = | AP59: =AA59 -> 1 | AQ59: =AB59 -> C16H34 | AR59: =AC59 -> + | AS59: =+AJ59 -> 16 | AT59: =+AE59 -> H2O | AU59: =+P59*AM59 -> 2.6954472 | AV59: =+AS59*P59 -> 1.3068835
A60: 57 | B60: 17 | C60: 14-METHYLHEXADECANE | D60: C17H36-N10 | E60: C17-IP | F60: -0.0025265561 | G60: 0.00033448076 | H60: 0.0019209071 | I60: 0.00052416678 | K60: C17-IP | M60: =IF($L$1,F60*$K$1+G60,0) -> 0.00016772806 | N60: =IF($L$1,H60*$K$1+I60,0) -> 0.00065094664 | O60: =+M60*$L$72/U60 -> 0.0022593956 | P60: =+N60*$L$73/AJ60 -> 0.0057436469 | Q60: C17-IP | R60: =+L60+O60+P60 -> 0.0080030424 | S60: =+R60*U60 -> 0.13605172 | U60: 17 | V60: CO2 | W60: + | X60: 52 | Y60: H2 | Z60: = | AA60: 1 | AB60: C17H36 | AC60: + | AD60: 34 | AE60: H2O | AF60: =+O60*X60 -> 0.11748857 | AG60: =+AD60*O60 -> 0.076819449 | AJ60: =U60 -> 17 | AK60: CO | AL60: =W60 -> + | AM60: =+X60-AJ60 -> 35 | AN60: =Y60 -> H2 | AO60: =Z60 -> = | AP60: =AA60 -> 1 | AQ60: =AB60 -> C17H36 | AR60: =AC60 -> + | AS60: =+AJ60 -> 17 | AT60: =+AE60 -> H2O | AU60: =+P60*AM60 -> 0.20102764 | AV60: =+AS60*P60 -> 0.097641997
A61: 58 | B61: 17 | C61: N-HEPTADECANE | D61: C17H36 | E61: C17 | F61: -0.014881239 | G61: 0.0029621526 | H61: 0.10450523 | I61: 0.0011575265 | K61: C17 | M61: =IF($L$1,F61*$K$1+G61,0) -> 0.0019799909 | N61: =IF($L$1,H61*$K$1+I61,0) -> 0.0080548718 | O61: =+M61*$L$72/U61 -> 0.026671642 | P61: =+N61*$L$73/AJ61 -> 0.071072398 | Q61: C17 | R61: =+L61+O61+P61 -> 0.09774404 | S61: =+R61*U61 -> 1.6616487 | U61: 17 | V61: CO2 | W61: + | X61: 52 | Y61: H2 | Z61: = | AA61: 1 | AB61: C17H36 | AC61: + | AD61: 34 | AE61: H2O | AF61: =+O61*X61 -> 1.3869254 | AG61: =+AD61*O61 -> 0.90683583 | AJ61: =U61 -> 17 | AK61: CO | AL61: =W61 -> + | AM61: =+X61-AJ61 -> 35 | AN61: =Y61 -> H2 | AO61: =Z61 -> = | AP61: =AA61 -> 1 | AQ61: =AB61 -> C17H36 | AR61: =AC61 -> + | AS61: =+AJ61 -> 17 | AT61: =+AE61 -> H2O | AU61: =+P61*AM61 -> 2.4875339 | AV61: =+AS61*P61 -> 1.2082308
A62: 59 | B62: 18 | C62: N-OCTADECANE | D62: C18H38 | E62: C18 | F62: -0.014580739 | G62: 0.0029023374 | H62: 0.10239494 | I62: 0.0011341524 | K62: C18 | M62: =IF($L$1,F62*$K$1+G62,0) -> 0.0019400086 | N62: =IF($L$1,H62*$K$1+I62,0) -> 0.0078922186 | O62: =+M62*$L$72/U62 -> 0.024681221 | P62: =+N62*$L$73/AJ62 -> 0.065768488 | Q62: C18 | R62: =+L62+O62+P62 -> 0.090449709 | S62: =+R62*U62 -> 1.6280948 | U62: 18 | V62: CO2 | W62: + | X62: 55 | Y62: H2 | Z62: = | AA62: 1 | AB62: C18H38 | AC62: + | AD62: 36 | AE62: H2O | AF62: =+O62*X62 -> 1.3574672 | AG62: =+AD62*O62 -> 0.88852396 | AJ62: =U62 -> 18 | AK62: CO | AL62: =W62 -> + | AM62: =+X62-AJ62 -> 37 | AN62: =Y62 -> H2 | AO62: =Z62 -> = | AP62: =AA62 -> 1 | AQ62: =AB62 -> C18H38 | AR62: =AC62 -> + | AS62: =+AJ62 -> 18 | AT62: =+AE62 -> H2O | AU62: =+P62*AM62 -> 2.4334341 | AV62: =+AS62*P62 -> 1.1838328
