Workbook

Sheet Inlet
B2: CO2 | C2: kmol/hr | D2: 0.086674785 | F2: =+D2/SUM($D$2:$D$73) -> 0.013943353 | N2: 0.015209939
B3: H2O | C3: kmol/hr | D3: 0.0060443607 | F3: =+D3/SUM($D$2:$D$73) -> 0.00097235495 | N3: 0.0037286654
B4: H2 | C4: kmol/hr | D4: 5.8299315 | F4: =+D4/SUM($D$2:$D$73) -> 0.93785977 | N4: 5.9454045
B5: CO | C5: kmol/hr | D5: 4.8714785e-05 | F5: =+D5/SUM($D$2:$D$73) -> 7.8367365e-06 | N5: 2.1638773e-06
B6: CH4 | C6: kmol/hr | D6: 0.0007111447 | F6: =+D6/SUM($D$2:$D$73) -> 0.00011440169 | G6: =+D6/SUM($D$6:$D$73) -> 0.0024229081 | N6: 4.7211617e-05
B7: MEOH | C7: kmol/hr | D7: 0.0011591573 | F7: =+D7/SUM($D$2:$D$73) -> 0.00018647337 | G7: =+D7/SUM($D$6:$D$73) -> 0.003949311 | N7: 0.00067118241
B8: C2 | C8: kmol/hr | D8: 0.0025701201 | F8: =+D8/SUM($D$2:$D$73) -> 0.00041345464 | G8: =+D8/SUM($D$6:$D$73) -> 0.0087565369 | N8: 0.00052042266
B9: C2-O | C9: kmol/hr | D9: 0 | F9: =+D9/SUM($D$2:$D$73) -> 0 | G9: =+D9/SUM($D$6:$D$73) -> 0 | N9: 0
B10: C3 | C10: kmol/hr | D10: 0.02379387 | F10: =+D10/SUM($D$2:$D$73) -> 0.0038277146 | G10: =+D10/SUM($D$6:$D$73) -> 0.081066992 | N10: 0.0066226843
B11: C3-O | C11: kmol/hr | D11: 2.8280897e-09 | F11: =+D11/SUM($D$2:$D$73) -> 4.5495416e-10 | G11: =+D11/SUM($D$6:$D$73) -> 9.6354534e-09 | N11: 7.1638573e-10
B12: C4 | C12: kmol/hr | D12: 0.022656473 | F12: =+D12/SUM($D$2:$D$73) -> 0.0036447418 | G12: =+D12/SUM($D$6:$D$73) -> 0.07719182 | N12: 0.01036612
B13: C4-IP | C13: kmol/hr | D13: 6.568806e-05 | F13: =+D13/SUM($D$2:$D$73) -> 1.0567223e-05 | G13: =+D13/SUM($D$6:$D$73) -> 0.00022380274 | N13: 3.3472162e-05
B14: C4-O | C14: kmol/hr | D14: 8.1154749e-23 | F14: =+D14/SUM($D$2:$D$73) -> 1.3055346e-23 | G14: =+D14/SUM($D$6:$D$73) -> 2.7649858e-22 | N14: 3.9540472e-23
B15: C5 | C15: kmol/hr | D15: 0.012431187 | F15: =+D15/SUM($D$2:$D$73) -> 0.0019998023 | G15: =+D15/SUM($D$6:$D$73) -> 0.042353721 | N15: 0.0081042985
B16: C5-IP | C16: kmol/hr | D16: 0.00079740252 | F16: =+D16/SUM($D$2:$D$73) -> 0.00012827796 | G16: =+D16/SUM($D$6:$D$73) -> 0.0027167931 | N16: 0.00029194139
B17: C5-O | C17: kmol/hr | D17: 4.9454121e-20 | F17: =+D17/SUM($D$2:$D$73) -> 7.9556733e-21 | G17: =+D17/SUM($D$6:$D$73) -> 1.6849284e-19 | N17: 2.6819903e-20
... B73: C27 | C73: kmol/hr | D73: 0.010209164 | F73: =+D73/SUM($D$2:$D$73) -> 0.001642346 | G73: =+D73/SUM($D$6:$D$73) -> 0.03478317 | N73: 0.0096126591

Sheet Primary
B1: In | C1: Conversion | E1: Prod. Factor | F1: n | H1: CH4 | I1: MEOH | J1: C2 | K1: C2-O | L1: C3 | M1: C3-O | N1: C4 | O1: C4-IP | P1: C4-O | Q1: C5 | R1: C5-IP | S1: C5-O | T1: C5-N | U1: C6-IP | V1: C6 | W1: C6-O | X1: C6-A | Y1: C6-N | Z1: C7 | AA1: C7-IP | AB1: C7-O | AC1: C7-A | AD1: C7-N | AE1: C8 | AF1: C8-IP | AG1: C8-O | AH1: C8-N | AI1: C8-A | AJ1: C9 | AK1: C9-IP | AL1: C9-O | AM1: C9-N | AN1: C9-A | AO1: C10 | AP1: C10-IP | AQ1: C10-O | AR1: C10-N | AS1: C10-A | AT1: C11 | AU1: C11-IP | AV1: C11-A | AW1: C11-O | AX1: C12-IP | AY1: C12 | AZ1: C12-O | BA1: C12-A | BB1: C12-N | BC1: C13-IP | BD1: C13-O | BE1: C13 | BF1: C14-IP | BG1: C14 | BH1: C15-IP | BI1: C15 | BJ1: C16-IP | BK1: C16 | BL1: C17-IP | BM1: C17 | BN1: C18 | BO1: C19 | BP1: C20 | BQ1: C21 | BR1: C22 | BS1: C23 | BT1: C24 | BU1: C25 | BV1: C26 | BW1: C27 | BX1: C28 | BY1: C29 | BZ1: C30 | CA1: C31 | CB1: C32 | CC1: C33 | CD1: C34 | CE1: C35 | CF1: C36 | CG1: C37 | CH1: C38 | CI1: C39 | CJ1: C40 | CK1: C41 | CL1: C42 | CM1: C43 | CN1: C44 | CO1: C45 | CP1: C46 | CQ1: C48 | CR1: C50 | CS1: C51 | CT1: C52 | CU1: C54 | CV1: Out
A2: k | B2: =+Inlet!D6 -> 0.0007111447 | C2: 0 | E2: =B2 -> 0.0007111447 | F2: 1 | G2: CH4 | H2: =(1-$C2)*$B2 -> 0.0007111447 | CV2: {=TRANSPOSE(H96:CU96)} -> 0.0007111447 | CW2: CH4 | CY2: 0
A3: 0.4 | B3: =+Inlet!D7 -> 0.0011591573 | C3: 0 | E3: =B3 -> 0.0011591573 | F3: 1 | G3: MEOH | I3: =(1-$C3)*$B3 -> 0.0011591573 | CV3: 0.0011591573 | CW3: MEOH | CY3: 0
B4: =+Inlet!D8 -> 0.0025701201 | C4: 0 | E4: =B4 -> 0.0025701201 | F4: 2 | G4: C2 | J4: =(1-$C4)*$B4 -> 0.0025701201 | CV4: 0.0025701201 | CW4: C2 | CY4: 0
B5: =+Inlet!D9 -> 0 | C5: 0 | E5: =B5 -> 0 | F5: 2 | G5: C2-O | K5: =(1-$C5)*$B5 -> 0 | CV5: 0 | CW5: C2-O | CY5: 0
B6: =+Inlet!D10 -> 0.02379387 | C6: 0 | E6: =B6 -> 0.02379387 | F6: 3 | G6: C3 | L6: =(1-$C6)*$B6 -> 0.02379387 | CV6: 0.038202128 | CW6: C3 | CY6: 0
B7: =+Inlet!D11 -> 2.8280897e-09 | C7: 0 | E7: =B7 -> 2.8280897e-09 | F7: 3 | G7: C3-O | M7: =(1-$C7)*$B7 -> 2.8280897e-09 | CV7: 1.1449168e-08 | CW7: C3-O | CY7: 0
B8: =+Inlet!D12 -> 0.022656473 | C8: 0 | E8: =B8 -> 0.022656473 | F8: 4 | G8: C4 | N8: =(1-$C8)*$B8 -> 0.022656473 | CV8: 0.05215735 | CW8: C4 | CY8: 0
B9: =+Inlet!D13 -> 6.568806e-05 | C9: 0 | E9: =B9 -> 6.568806e-05 | F9: 4 | G9: C4-IP | O9: =(1-$C9)*$B9 -> 6.568806e-05 | CV9: 8.7688471e-05 | CW9: C4-IP | CY9: 0
B10: =+Inlet!D14 -> 8.1154749e-23 | C10: 0 | E10: =B10 -> 8.1154749e-23 | F10: 4 | G10: C4-O | P10: =(1-$C10)*$B10 -> 8.1154749e-23 | CV10: 8.1154749e-23 | CW10: C4-O | CY10: 0
B11: =+Inlet!D15 -> 0.012431187 | C11: 0 | E11: =B11 -> 0.012431187 | F11: 5 | G11: C5 | Q11: =(1-$C11)*$B11 -> 0.012431187 | CV11: 0.041243721 | CW11: C5 | CY11: 0
B12: =+Inlet!D16 -> 0.00079740252 | C12: 0 | E12: =B12 -> 0.00079740252 | F12: 5 | G12: C5-IP | R12: =(1-$C12)*$B12 -> 0.00079740252 | CV12: 0.00079740252 | CY12: 0
B13: =+Inlet!D17 -> 4.9454121e-20 | C13: 0 | E13: =B13 -> 4.9454121e-20 | F13: 5 | G13: C5-O | S13: =(1-$C13)*$B13 -> 4.9454121e-20 | CV13: 4.9454121e-20 | CW13: C5-O | CY13: 0
B14: =+Inlet!D18 -> 7.7846205e-05 | C14: 0 | E14: =B14 -> 7.7846205e-05 | F14: 5 | G14: C5-N | T14: =(1-$C14)*$B14 -> 7.7846205e-05 | CV14: 7.7846205e-05 | CY14: 0
B15: =+Inlet!D19 -> 0.0029408236 | C15: 0 | E15: =B15 -> 0.0029408236 | F15: 6 | G15: C6-IP | U15: =(1-$C15)*$B15 -> 0.0029408236 | CV15: 0.0029408236 | CW15: C6-IP | CY15: 0
B16: =+Inlet!D20 -> 0.0047346599 | C16: 0 | E16: =B16 -> 0.0047346599 | F16: 6 | G16: C6 | V16: =(1-$C16)*$B16 -> 0.0047346599 | CV16: 0.033540808 | CW16: C6 | CY16: 0
B17: =+Inlet!D21 -> 1.6313192e-17 | C17: 0 | E17: =B17 -> 1.6313192e-17 | F17: 6 | G17: C6-O | W17: =(1-$C17)*$B17 -> 1.6313192e-17 | CV17: 1.6313192e-17 | CW17: C6-O | CY17: =SUM(L17:S17)/2 -> 0
B18: =+Inlet!D22 -> 4.3282018e-19 | C18: 0 | E18: =B18 -> 4.3282018e-19 | F18: 6 | G18: C6-A | X18: =(1-$C18)*$B18 -> 4.3282018e-19 | CV18: 4.3282018e-19 | CY18: =SUM(L18:S18)/2 -> 0
B19: =+Inlet!D23 -> 0.0002096108 | C19: 0 | E19: =B19 -> 0.0002096108 | F19: 6 | G19: C6-N | Y19: =(1-$C19)*$B19 -> 0.0002096108 | CV19: 0.0002096108 | CY19: =SUM(L19:S19)/2 -> 0
B20: =+Inlet!D24 -> 0.0011693699 | C20: =(EXP($A$3*(F20-7))-1)/(EXP($A$3*(18-7))-1) -> 0 | D20: =1/(F20-6)*C20 -> 0 | E20: =B20 -> 0.0011693699 | F20: 7 | G20: C7 | Z20: =(1-$C20)*$B20 -> 0.0011693699 | CV20: 0.02997246 | CW20: C7 | CY20: =SUM(L20:S20)/2 -> 0
B21: =+Inlet!D25 -> 0.0014479776 | C21: =(EXP($A$3*(F21-7))-1)/(EXP($A$3*(18-7))-1) -> 0 | D21: =1/(F21-6)*C21 -> 0 | E21: =B21 -> 0.0014479776 | F21: 7 | G21: C7-IP | AA21: =(1-$C21)*$B21 -> 0.0014479776 | CV21: 0.0014479776 | CW21: C7-IP | CY21: =SUM(L21:S21)/2 -> 0
B22: =+Inlet!D26 -> 1.6154926e-15 | C22: =(EXP($A$3*(F22-7))-1)/(EXP($A$3*(18-7))-1) -> 0 | D22: =1/(F22-6)*C22 -> 0 | E22: =B22 -> 1.6154926e-15 | F22: 7 | G22: C7-O | AB22: =(1-$C22)*$B22 -> 1.6154926e-15 | CV22: 1.6154926e-15 | CW22: C7-O | CY22: =SUM(L22:S22)/2 -> 0
B23: =+Inlet!D27 -> 1.1090436e-15 | C23: =(EXP($A$3*(F23-7))-1)/(EXP($A$3*(18-7))-1) -> 0 | D23: =1/(F23-6)*C23 -> 0 | E23: =B23 -> 1.1090436e-15 | F23: 7 | G23: C7-A | AC23: =(1-$C23)*$B23 -> 1.1090436e-15 | CV23: 1.1090436e-15 | CW23: C7-A | CY23: =SUM(L23:S23)/2 -> 0
B24: =+Inlet!D28 -> 0.00019452524 | C24: =(EXP($A$3*(F24-7))-1)/(EXP($A$3*(18-7))-1) -> 0 | D24: =1/(F24-6)*C24 -> 0 | E24: =B24 -> 0.00019452524 | F24: 7 | G24: C7-N | AD24: =(1-$C24)*$B24 -> 0.00019452524 | CV24: 0.00019452524 | CY24: =SUM(L24:S24)/2 -> 0
B25: =+Inlet!D29 -> 0.00078531933 | C25: =(EXP($A$3*(F25-7))-1)/(EXP($A$3*(18-7))-1) -> 0.0061133547 | D25: =1/(F25-6)*C25 -> 0.0030566774 | E25: =1/(F25-6)*C25*B25 -> 2.4004678e-06 | F25: 8 | G25: C8 | L25: =+E25 -> 2.4004678e-06 | N25: =B2 -> 0.0007111447 | Q25: =+E25 -> 2.4004678e-06 | AE25: =(1-$C25)*$B25 -> 0.0007805184 | CV25: 0.029582865 | CW25: C8 | CY25: =SUM(L25:S25)/2 -> 0.00035797282
B26: =+Inlet!D30 -> 0.00052301839 | C26: =(EXP($A$3*(F26-7))-1)/(EXP($A$3*(18-7))-1) -> 0.0061133547 | D26: =1/(F26-6)*C26 -> 0.0030566774 | E26: =1/(F26-6)*C26*B26 -> 1.5986985e-06 | F26: 8 | G26: C8-IP | L26: =+E26 -> 1.5986985e-06 | O26: =+E26*2 -> 3.197397e-06 | Q26: =+E26 -> 1.5986985e-06 | AF26: =(1-$C26)*$B26 -> 0.000519821 | CV26: 0.000519821 | CW26: C8-IP | CY26: =SUM(L26:AA26)/2 -> 3.197397e-06
B27: =+Inlet!D31 -> 6.711039e-13 | C27: =(EXP($A$3*(F27-7))-1)/(EXP($A$3*(18-7))-1) -> 0.0061133547 | D27: =1/(F27-6)*C27 -> 0.0030566774 | E27: =1/(F27-6)*C27*B27 -> 2.0513481e-15 | F27: 8 | G27: C8-O | M27: =+E27 -> 2.0513481e-15 | N27: =+E27*2 -> 4.1026962e-15 | Q27: =+E27 -> 2.0513481e-15 | AG27: =(1-$C27)*$B27 -> 6.670012e-13 | CV27: 6.670012e-13 | CW27: C8-O | CY27: =SUM(L27:AA27)/2 -> 4.1026962e-15
B28: =+Inlet!D32 -> 0.00036401436 | C28: 0 | D28: =1/(F28-6)*C28 -> 0 | E28: =1/(F28-6)*C28*B28 -> 0 | F28: 8 | G28: C8-N | AH28: =(1-$C28)*$B28 -> 0.00036401436 | CV28: 0.00036401436 | CW28: C8-N | CY28: =SUM(L28:AA28)/2 -> 0
B29: =+Inlet!D33 -> 3.5532071e-12 | C29: 0 | D29: =1/(F29-6)*C29 -> 0 | E29: =1/(F29-6)*C29*B29 -> 0 | F29: 8 | G29: C8-A | AI29: =(1-$C29)*$B29 -> 3.5532071e-12 | CV29: 3.5532071e-12 | CW29: C8-A | CY29: =SUM(L29:AA29)/2 -> 0
B30: =+Inlet!D34 -> 0.0001336658 | C30: =(EXP($A$3*(F30-7))-1)/(EXP($A$3*(18-7))-1) -> 0.015233408 | D30: =1/(F30-6)*C30 -> 0.0050778028 | E30: =1/(F30-6)*C30*B30 -> 6.7872858e-07 | F30: 9 | G30: C9 | L30: =+E30 -> 6.7872858e-07 | N30: =+E30*2 -> 1.3574572e-06 | Q30: =+E30*2 -> 1.3574572e-06 | V30: =+E30 -> 6.7872858e-07 | AJ30: =(1-$C30)*$B30 -> 0.00013162962 | CV30: 0.02893382 | CW30: C9 | CY30: =SUM(L30:AA30)/2 -> 2.0361857e-06
B31: =+Inlet!D35 -> 0.00033641284 | C31: =(EXP($A$3*(F31-7))-1)/(EXP($A$3*(18-7))-1) -> 0.015233408 | D31: =1/(F31-6)*C31 -> 0.0050778028 | E31: =1/(F31-6)*C31*B31 -> 1.708238e-06 | F31: 9 | G31: C9-IP | L31: =+E31 -> 1.708238e-06 | O31: =+E31*2 -> 3.4164761e-06 | Q31: =+E31*2 -> 3.4164761e-06 | V31: =+E31 -> 1.708238e-06 | AK31: =(1-$C31)*$B31 -> 0.00033128812 | CV31: 0.00033128812 | CW31: C9-IP | CY31: =SUM(L31:AA31)/2 -> 5.1247141e-06
B32: =+Inlet!D36 -> 2.8889358e-11 | C32: =(EXP($A$3*(F32-7))-1)/(EXP($A$3*(18-7))-1) -> 0.015233408 | D32: =1/(F32-6)*C32 -> 0.0050778028 | E32: =1/(F32-6)*C32*B32 -> 1.4669446e-13 | F32: 9 | G32: C9-O | M32: =+E32 -> 1.4669446e-13 | N32: =+E32*2 -> 2.9338893e-13 | Q32: =+E32*2 -> 2.9338893e-13 | V32: =+E32 -> 1.4669446e-13 | AL32: =(1-$C32)*$B32 -> 2.8449275e-11 | CV32: 2.8449275e-11 | CW32: C9-O | CY32: =SUM(L32:AA32)/2 -> 4.4008339e-13
B33: =+Inlet!D37 -> 8.4212848e-05 | C33: 0 | D33: =1/(F33-6)*C33 -> 0 | E33: =1/(F33-6)*C33*B33 -> 0 | F33: 9 | G33: C9-N | AM33: =(1-$C33)*$B33 -> 8.4212848e-05 | CV33: 8.4212848e-05 | CW33: C9-N | CY33: =SUM(L33:AA33)/2 -> 0
B34: =+Inlet!D38 -> 6.2978784e-09 | C34: 0 | D34: =1/(F34-6)*C34 -> 0 | E34: =1/(F34-6)*C34*B34 -> 0 | F34: 9 | G34: C9-A | AN34: =(1-$C34)*$B34 -> 6.2978784e-09 | CV34: 6.2978784e-09 | CW34: C9-A | CY34: =SUM(L34:AA34)/2 -> 0
B35: =+Inlet!D39 -> 5.3126266e-05 | C35: =(EXP($A$3*(F35-7))-1)/(EXP($A$3*(18-7))-1) -> 0.028838929 | D35: =1/(F35-6)*C35 -> 0.0072097324 | E35: =1/(F35-6)*C35*B35 -> 3.8302616e-07 | F35: 10 | G35: C10 | L35: =+E35 -> 3.8302616e-07 | N35: =+E35*2 -> 7.6605232e-07 | Q35: =+E35*2 -> 7.6605232e-07 | V35: =+E35*2 -> 7.6605232e-07 | Z35: =+E35 -> 3.8302616e-07 | AO35: =(1-$C35)*$B35 -> 5.1594161e-05 | CV35: 0.028853411 | CW35: C10 | CY35: =SUM(L35:AA35)/2 -> 1.5321046e-06
B36: =+Inlet!D40 -> 3.9899902e-05 | C36: =(EXP($A$3*(F36-7))-1)/(EXP($A$3*(18-7))-1) -> 0.028838929 | D36: =1/(F36-6)*C36 -> 0.0072097324 | E36: =1/(F36-6)*C36*B36 -> 2.8766761e-07 | F36: 10 | G36: C10-IP | L36: =+E36 -> 2.8766761e-07 | O36: =+E36*2 -> 5.7533522e-07 | Q36: =+E36*2 -> 5.7533522e-07 | V36: =+E36*2 -> 5.7533522e-07 | Z36: =+E36 -> 2.8766761e-07 | AP36: =(1-$C36)*$B36 -> 3.8749231e-05 | CV36: 3.8749231e-05 | CW36: C10-IP | CY36: =SUM(L36:AA36)/2 -> 1.1506704e-06
B37: =+Inlet!D41 -> 2.900543e-08 | C37: =(EXP($A$3*(F37-7))-1)/(EXP($A$3*(18-7))-1) -> 0.028838929 | D37: =1/(F37-6)*C37 -> 0.0072097324 | E37: =1/(F37-6)*C37*B37 -> 2.0912139e-10 | F37: 10 | G37: C10-O | M37: =+E37 -> 2.0912139e-10 | N37: =+E37*2 -> 4.1824277e-10 | Q37: =+E37*2 -> 4.1824277e-10 | V37: =+E37*2 -> 4.1824277e-10 | Z37: =+E37 -> 2.0912139e-10 | AQ37: =(1-$C37)*$B37 -> 2.8168944e-08 | CV37: 2.8168944e-08 | CW37: C10-O | CY37: =SUM(L37:AK37)/2 -> 8.3648555e-10
B38: =+Inlet!D42 -> 1.2093808e-05 | C38: 0 | D38: =1/(F38-6)*C38 -> 0 | E38: =1/(F38-6)*C38*B38 -> 0 | F38: 10 | G38: C10-N | AR38: =(1-$C38)*$B38 -> 1.2093808e-05 | CV38: 1.2093808e-05 | CW38: C10-N | CY38: =SUM(L38:AK38)/2 -> 0
B39: =+Inlet!D43 -> 3.2000963e-07 | C39: 0 | D39: =1/(F39-6)*C39 -> 0 | E39: =1/(F39-6)*C39*B39 -> 0 | F39: 10 | G39: C10-A | AS39: =(1-$C39)*$B39 -> 3.2000963e-07 | CV39: 3.2000963e-07 | CW39: C10-A | CY39: =SUM(L39:AK39)/2 -> 0
B40: =+Inlet!D44 -> 6.3675358e-06 | C40: =(EXP($A$3*(F40-7))-1)/(EXP($A$3*(18-7))-1) -> 0.049135982 | D40: =1/(F40-6)*C40 -> 0.0098271964 | E40: =1/(F40-6)*C40*B40 -> 6.2575025e-08 | F40: 11 | G40: C11 | L40: =+E40 -> 6.2575025e-08 | N40: =+E40*2 -> 1.2515005e-07 | Q40: =+E40*2 -> 1.2515005e-07 | V40: =+E40*2 -> 1.2515005e-07 | Z40: =+E40*2 -> 1.2515005e-07 | AE40: =+E40 -> 6.2575025e-08 | AT40: =(1-$C40)*$B40 -> 6.0546607e-06 | CV40: 0.028806019 | CW40: C11 | CY40: =SUM(L40:AK40)/2 -> 3.1287512e-07
B41: =+Inlet!D45 -> 6.945867e-07 | C41: =(EXP($A$3*(F41-7))-1)/(EXP($A$3*(18-7))-1) -> 0.049135982 | D41: =1/(F41-6)*C41 -> 0.0098271964 | E41: =1/(F41-6)*C41*B41 -> 6.8258399e-09 | F41: 11 | G41: C11-IP | L41: =+E41 -> 6.8258399e-09 | O41: =+E41*2 -> 1.365168e-08 | Q41: =+E41*2 -> 1.365168e-08 | V41: =+E41*2 -> 1.365168e-08 | Z41: =+E41*2 -> 1.365168e-08 | AE41: =+E41 -> 6.8258399e-09 | AU41: =(1-$C41)*$B41 -> 6.604575e-07 | CV41: 6.604575e-07 | CW41: C11-IP | CY41: =SUM(L41:AK41)/2 -> 3.41292e-08
B42: =+Inlet!D46 -> 1.6555469e-07 | C42: 0 | D42: =1/(F42-6)*C42 -> 0 | E42: =1/(F42-6)*C42*B42 -> 0 | F42: 11 | G42: C11-A | AV42: =(1-$C42)*$B42 -> 1.6555469e-07 | CV42: 1.6555469e-07 | CW42: C11-A | CY42: =SUM(L42:AK42)/2 -> 0
B43: =+Inlet!D47 -> 2.8947638e-07 | C43: =(EXP($A$3*(F43-7))-1)/(EXP($A$3*(18-7))-1) -> 0.049135982 | D43: =1/(F43-6)*C43 -> 0.0098271964 | E43: =1/(F43-6)*C43*B43 -> 2.8447413e-09 | F43: 11 | G43: C11-O | M43: =+E43 -> 2.8447413e-09 | O43: =+E43*2 -> 5.6894826e-09 | Q43: =+E43*2 -> 5.6894826e-09 | V43: =+E43*2 -> 5.6894826e-09 | Z43: =+E43*2 -> 5.6894826e-09 | AE43: =+E43 -> 2.8447413e-09 | AW43: =(1-$C43)*$B43 -> 2.7525268e-07 | CV43: 2.7525268e-07 | CY43: =SUM(L43:AK43)/2 -> 1.4223706e-08
B44: =+Inlet!D48 -> 1.1504043e-06 | C44: =(EXP($A$3*(F44-7))-1)/(EXP($A$3*(18-7))-1) -> 0.079415626 | D44: =1/(F44-6)*C44 -> 0.013235938 | E44: =1/(F44-6)*C44*B44 -> 1.522668e-08 | F44: 12 | G44: C12-IP | L44: =+E44 -> 1.522668e-08 | O44: =+E44*2 -> 3.045336e-08 | Q44: =+E44*2 -> 3.045336e-08 | V44: =+E44*2 -> 3.045336e-08 | Z44: =+E44*2 -> 3.045336e-08 | AE44: =+E44*2 -> 3.045336e-08 | AJ44: =+E44 -> 1.522668e-08 | AX44: =(1-$C44)*$B44 -> 1.0590443e-06 | CV44: 1.0590443e-06 | CW44: C12-IP | CY44: =SUM(L44:AK44)/2 -> 9.1360081e-08
B45: =+Inlet!D49 -> 5.0522337e-06 | C45: =(EXP($A$3*(F45-7))-1)/(EXP($A$3*(18-7))-1) -> 0.079415626 | D45: =1/(F45-6)*C45 -> 0.013235938 | E45: =1/(F45-6)*C45*B45 -> 6.6871051e-08 | F45: 12 | G45: C12 | L45: =+E45 -> 6.6871051e-08 | N45: =+E45*2 -> 1.337421e-07 | Q45: =+E45*2 -> 1.337421e-07 | V45: =+E45*2 -> 1.337421e-07 | Z45: =+E45*2 -> 1.337421e-07 | AE45: =+E45*2 -> 1.337421e-07 | AJ45: =+E45 -> 6.6871051e-08 | AY45: =(1-$C45)*$B45 -> 4.6510074e-06 | CV45: 0.028794736 | CW45: C12 | CY45: =SUM(L45:AX45)/2 -> 4.012263e-07
B46: =+Inlet!D50 -> 1.4287268e-07 | C46: =(EXP($A$3*(F46-7))-1)/(EXP($A$3*(18-7))-1) -> 0.079415626 | D46: =1/(F46-6)*C46 -> 0.013235938 | E46: =1/(F46-6)*C46*B46 -> 1.8910538e-09 | F46: 12 | G46: C12-O | M46: =+E46 -> 1.8910538e-09 | N46: =+E46*2 -> 3.7821077e-09 | Q46: =+E46*2 -> 3.7821077e-09 | V46: =+E46*2 -> 3.7821077e-09 | Z46: =+E46*2 -> 3.7821077e-09 | AE46: =+E46*2 -> 3.7821077e-09 | AJ46: =+E46 -> 1.8910538e-09 | AZ46: =(1-$C46)*$B46 -> 1.3152635e-07 | CV46: 1.3152635e-07 | CW46: C12-O | CY46: =SUM(L46:AX46)/2 -> 1.1346323e-08
B47: =+Inlet!D51 -> 5.493005e-07 | C47: 0 | D47: =1/(F47-6)*C47 -> 0 | E47: =1/(F47-6)*C47*B47 -> 0 | F47: 12 | G47: C12-A | BA47: =(1-$C47)*$B47 -> 5.493005e-07 | CV47: 5.493005e-07 | CW47: C12-A | CY47: =SUM(L47:AX47)/2 -> 0
B48: =+Inlet!D52 -> 9.8777101e-08 | C48: 0 | D48: =1/(F48-6)*C48 -> 0 | E48: =1/(F48-6)*C48*B48 -> 0 | F48: 12 | G48: C12-N | BB48: =(1-$C48)*$B48 -> 9.8777101e-08 | CV48: 9.8777101e-08 | CY48: =SUM(L48:AX48)/2 -> 0
B49: =+Inlet!D53 -> 1.7767883e-06 | C49: =(EXP($A$3*(F49-7))-1)/(EXP($A$3*(18-7))-1) -> 0.12458755 | D49: =1/(F49-6)*C49 -> 0.017798221 | E49: =1/(F49-6)*C49*B49 -> 3.1623671e-08 | F49: 13 | G49: C13-IP | L49: =+E49 -> 3.1623671e-08 | O49: =+E49*2 -> 6.3247342e-08 | Q49: =+E49*2 -> 6.3247342e-08 | V49: =+E49*2 -> 6.3247342e-08 | Z49: =+E49*2 -> 6.3247342e-08 | AE49: =+E49*2 -> 6.3247342e-08 | AJ49: =+E49*2 -> 6.3247342e-08 | AO49: =+E49 -> 3.1623671e-08 | BC49: =(1-$C49)*$B49 -> 1.5554226e-06 | CV49: 1.5554226e-06 | CW49: C13-IP | CY49: =SUM(L49:AX49)/2 -> 2.213657e-07
B50: =+Inlet!D54 -> 2.0653822e-07 | C50: =(EXP($A$3*(F50-7))-1)/(EXP($A$3*(18-7))-1) -> 0.12458755 | D50: =1/(F50-6)*C50 -> 0.017798221 | E50: =1/(F50-6)*C50*B50 -> 3.6760129e-09 | F50: 13 | G50: C13-O | M50: =+E50 -> 3.6760129e-09 | N50: =+E50*2 -> 7.3520257e-09 | Q50: =+E50*2 -> 7.3520257e-09 | V50: =+E50*2 -> 7.3520257e-09 | Z50: =+E50*2 -> 7.3520257e-09 | AE50: =+E50*2 -> 7.3520257e-09 | AJ50: =+E50*2 -> 7.3520257e-09 | AO50: =+E50 -> 3.6760129e-09 | BD50: =(1-$C50)*$B50 -> 1.8080613e-07 | CV50: 1.8080613e-07 | CW50: C13-O | CY50: =SUM(L50:AX50)/2 -> 2.573209e-08
B51: =+Inlet!D55 -> 1.4320229e-05 | C51: =(EXP($A$3*(F51-7))-1)/(EXP($A$3*(18-7))-1) -> 0.12458755 | D51: =1/(F51-6)*C51 -> 0.017798221 | E51: =1/(F51-6)*C51*B51 -> 2.5487461e-07 | F51: 13 | G51: C13 | L51: =+E51 -> 2.5487461e-07 | N51: =+E51*2 -> 5.0974921e-07 | Q51: =+E51*2 -> 5.0974921e-07 | V51: =+E51*2 -> 5.0974921e-07 | Z51: =+E51*2 -> 5.0974921e-07 | AE51: =+E51*2 -> 5.0974921e-07 | AJ51: =+E51*2 -> 5.0974921e-07 | AO51: =+E51 -> 2.5487461e-07 | BE51: =(1-$C51)*$B51 -> 1.2536107e-05 | CV51: 0.028749988 | CW51: C13 | CY51: =SUM(L51:AX51)/2 -> 1.7841222e-06
B52: =+Inlet!D56 -> 1.7393998e-06 | C52: =(EXP($A$3*(F52-7))-1)/(EXP($A$3*(18-7))-1) -> 0.19197613 | D52: =1/(F52-6)*C52 -> 0.023997017 | E52: =1/(F52-6)*C52*B52 -> 4.1740407e-08 | F52: 14 | G52: C14-IP | L52: =+E52 -> 4.1740407e-08 | O52: =+E52*2 -> 8.3480814e-08 | Q52: =+E52*2 -> 8.3480814e-08 | V52: =+E52*2 -> 8.3480814e-08 | Z52: =+E52*2 -> 8.3480814e-08 | AE52: =+E52*2 -> 8.3480814e-08 | AJ52: =+E52*2 -> 8.3480814e-08 | AO52: =+E52*2 -> 8.3480814e-08 | AT52: =+E52 -> 4.1740407e-08 | BF52: =(1-$C52)*$B52 -> 1.4054766e-06 | CV52: 1.4054766e-06 | CW52: C14-IP | CY52: =SUM(L52:AX52)/2 -> 3.3392325e-07
B53: =+Inlet!D57 -> 6.334222e-05 | C53: =(EXP($A$3*(F53-7))-1)/(EXP($A$3*(18-7))-1) -> 0.19197613 | D53: =1/(F53-6)*C53 -> 0.023997017 | E53: =1/(F53-6)*C53*B53 -> 1.5200243e-06 | F53: 14 | G53: C14 | L53: =+E53 -> 1.5200243e-06 | N53: =+E53*2 -> 3.0400486e-06 | Q53: =+E53*2 -> 3.0400486e-06 | V53: =+E53*2 -> 3.0400486e-06 | Z53: =+E53*2 -> 3.0400486e-06 | AE53: =+E53*2 -> 3.0400486e-06 | AJ53: =+E53*2 -> 3.0400486e-06 | AO53: =+E53*2 -> 3.0400486e-06 | AT53: =+E53 -> 1.5200243e-06 | BG53: =(1-$C53)*$B53 -> 5.1182026e-05 | CV53: 0.028463973 | CW53: C14 | CY53: =SUM(L53:AX53)/2 -> 1.2160195e-05
B54: =+Inlet!D58 -> 1.0679308e-05 | C54: =(EXP($A$3*(F54-7))-1)/(EXP($A$3*(18-7))-1) -> 0.29250809 | D54: =1/(F54-6)*C54 -> 0.032500899 | E54: =1/(F54-6)*C54*B54 -> 3.4708712e-07 | F54: 15 | G54: C15-IP | L54: =+E54 -> 3.4708712e-07 | O54: =+E54*2 -> 6.9417423e-07 | Q54: =+E54*2 -> 6.9417423e-07 | V54: =+E54*2 -> 6.9417423e-07 | Z54: =+E54*2 -> 6.9417423e-07 | AE54: =+E54*2 -> 6.9417423e-07 | AJ54: =+E54*2 -> 6.9417423e-07 | AO54: =+E54*2 -> 6.9417423e-07 | AT54: =+E54*2 -> 6.9417423e-07 | AY54: =+E54 -> 3.4708712e-07 | BH54: =(1-$C54)*$B54 -> 7.555524e-06 | CV54: 7.555524e-06 | CW54: C15-IP | CY54: =SUM(L54:BC54)/2 -> 3.123784e-06
B55: =+Inlet!D59 -> 0.00024524703 | C55: =(EXP($A$3*(F55-7))-1)/(EXP($A$3*(18-7))-1) -> 0.29250809 | D55: =1/(F55-6)*C55 -> 0.032500899 | E55: =1/(F55-6)*C55*B55 -> 7.970749e-06 | F55: 15 | G55: C15 | L55: =+E55 -> 7.970749e-06 | N55: =+E55*2 -> 1.5941498e-05 | Q55: =+E55*2 -> 1.5941498e-05 | V55: =+E55*2 -> 1.5941498e-05 | Z55: =+E55*2 -> 1.5941498e-05 | AE55: =+E55*2 -> 1.5941498e-05 | AJ55: =+E55*2 -> 1.5941498e-05 | AO55: =+E55*2 -> 1.5941498e-05 | AT55: =+E55*2 -> 1.5941498e-05 | AY55: =+E55 -> 7.970749e-06 | BI55: =(1-$C55)*$B55 -> 0.00017351029 | CV55: 0.025133702 | CW55: C15 | CY55: =SUM(L55:BE55)/2 -> 7.1736741e-05
B56: =+Inlet!D60 -> 7.2695341e-05 | C56: =(EXP($A$3*(F56-7))-1)/(EXP($A$3*(18-7))-1) -> 0.44248415 | D56: =1/(F56-6)*C56 -> 0.044248415 | E56: =1/(F56-6)*C56*B56 -> 3.2166536e-06 | F56: 16 | G56: C16-IP | L56: =+E56 -> 3.2166536e-06 | O56: =+E56*2 -> 6.4333073e-06 | Q56: =+E56*2 -> 6.4333073e-06 | V56: =+E56*2 -> 6.4333073e-06 | Z56: =+E56*2 -> 6.4333073e-06 | AE56: =+E56*2 -> 6.4333073e-06 | AJ56: =+E56*2 -> 6.4333073e-06 | AO56: =+E56*2 -> 6.4333073e-06 | AT56: =+E56*2 -> 6.4333073e-06 | AY56: =+E56*2 -> 6.4333073e-06 | BE56: =+E56 -> 3.2166536e-06 | BJ56: =(1-$C56)*$B56 -> 4.0528805e-05 | CV56: 4.0528805e-05 | CW56: C16-IP | CY56: =SUM(L56:BF56)/2 -> 3.2166536e-05
B57: =+Inlet!D61 -> 0.00092880678 | C57: =(EXP($A$3*(F57-7))-1)/(EXP($A$3*(18-7))-1) -> 0.44248415 | D57: =1/(F57-6)*C57 -> 0.044248415 | E57: =1/(F57-6)*C57*B57 -> 4.1098228e-05 | F57: 16 | G57: C16 | L57: =+E57 -> 4.1098228e-05 | N57: =+E57*2 -> 8.2196457e-05 | Q57: =+E57*2 -> 8.2196457e-05 | V57: =+E57*2 -> 8.2196457e-05 | Z57: =+E57*2 -> 8.2196457e-05 | AE57: =+E57*2 -> 8.2196457e-05 | AJ57: =+E57*2 -> 8.2196457e-05 | AO57: =+E57*2 -> 8.2196457e-05 | AT57: =+E57*2 -> 8.2196457e-05 | AY57: =+E57*2 -> 8.2196457e-05 | BE57: =+E57 -> 4.1098228e-05 | BK57: =(1-$C57)*$B57 -> 0.0005178245 | CV57: 0.019881942 | CW57: C16 | CY57: =SUM(L57:BF57)/2 -> 0.00041098228
B58: =+Inlet!D62 -> 6.1810606e-05 | C58: =(EXP($A$3*(F58-7))-1)/(EXP($A$3*(18-7))-1) -> 0.66622214 | D58: =1/(F58-6)*C58 -> 0.060565649 | E58: =1/(F58-6)*C58*B58 -> 3.7435995e-06 | F58: 17 | G58: C17-IP | L58: =+E58 -> 3.7435995e-06 | O58: =+E58*2 -> 7.4871989e-06 | Q58: =+E58*2 -> 7.4871989e-06 | V58: =+E58*2 -> 7.4871989e-06 | Z58: =+E58*2 -> 7.4871989e-06 | AE58: =+E58*2 -> 7.4871989e-06 | AJ58: =+E58*2 -> 7.4871989e-06 | AO58: =+E58*2 -> 7.4871989e-06 | AT58: =+E58*2 -> 7.4871989e-06 | AY58: =+E58*2 -> 7.4871989e-06 | BE58: =+E58*2 -> 7.4871989e-06 | BG58: =+E58 -> 3.7435995e-06 | BL58: =(1-$C58)*$B58 -> 2.0631012e-05 | CV58: 2.0631012e-05 | CW58: C17-IP | CY58: =SUM(L58:BK58)/2 -> 4.1179594e-05
B59: =+Inlet!D63 -> 0.0045669907 | C59: =(EXP($A$3*(F59-7))-1)/(EXP($A$3*(18-7))-1) -> 0.66622214 | D59: =1/(F59-6)*C59 -> 0.060565649 | E59: =1/(F59-6)*C59*B59 -> 0.00027660276 | F59: 17 | G59: C17 | L59: =+E59 -> 0.00027660276 | N59: =+E59*2 -> 0.00055320551 | Q59: =+E59*2 -> 0.00055320551 | V59: =+E59*2 -> 0.00055320551 | Z59: =+E59*2 -> 0.00055320551 | AE59: =+E59*2 -> 0.00055320551 | AJ59: =+E59*2 -> 0.00055320551 | AO59: =+E59*2 -> 0.00055320551 | AT59: =+E59*2 -> 0.00055320551 | AY59: =+E59*2 -> 0.00055320551 | BE59: =+E59*2 -> 0.00055320551 | BG59: =+E59 -> 0.00027660276 | BM59: =(1-$C59)*$B59 -> 0.0015243604 | CV59: 0.016682204 | CW59: C17 | CY59: =SUM(L59:BL59)/2 -> 0.0030426303
B60: =+Inlet!D64 -> 0.038067033 | C60: 1 | D60: =1/(F60-6)*C60 -> 0.083333333 | E60: =1/(F60-6)*C60*B60 -> 0.0031722528 | F60: 18 | G60: C18 | L60: =+E60 -> 0.0031722528 | N60: =+E60*2 -> 0.0063445055 | Q60: =+E60*2 -> 0.0063445055 | V60: =+E60*2 -> 0.0063445055 | Z60: =+E60*2 -> 0.0063445055 | AE60: =+E60*2 -> 0.0063445055 | AJ60: =+E60*2 -> 0.0063445055 | AO60: =+E60*2 -> 0.0063445055 | AT60: =+E60*2 -> 0.0063445055 | AY60: =+E60*2 -> 0.0063445055 | BE60: =+E60*2 -> 0.0063445055 | BG60: =+E60*2 -> 0.0063445055 | BI60: =+E60 -> 0.0031722528 | CV60: 0.011862926 | CW60: C18 | CY60: =SUM(L60:BM60)/2 -> 0.038067033
B61: =+Inlet!D65 -> 0.031509682 | C61: 1 | D61: =1/(F61-6)*C61 -> 0.076923077 | E61: =1/(F61-6)*C61*B61 -> 0.0024238217 | F61: 19 | G61: C19 | L61: =+E61 -> 0.0024238217 | N61: =+E61*2 -> 0.0048476434 | Q61: =+E61*2 -> 0.0048476434 | V61: =+E61*2 -> 0.0048476434 | Z61: =+E61*2 -> 0.0048476434 | AE61: =+E61*2 -> 0.0048476434 | AJ61: =+E61*2 -> 0.0048476434 | AO61: =+E61*2 -> 0.0048476434 | AT61: =+E61*2 -> 0.0048476434 | AY61: =+E61*2 -> 0.0048476434 | BE61: =+E61*2 -> 0.0048476434 | BG61: =+E61*2 -> 0.0048476434 | BI61: =+E61*2 -> 0.0048476434 | BK61: =+E61 -> 0.0024238217 | CV61: 0.009074318 | CW61: C19 | CY61: =SUM(L61:BM61)/2 -> 0.031509682
B62: =+Inlet!D66 -> 0.024954335 | C62: 1 | D62: =1/(F62-6)*C62 -> 0.071428571 | E62: =1/(F62-6)*C62*B62 -> 0.0017824525 | F62: 20 | G62: C20 | L62: =+E62 -> 0.0017824525 | N62: =+E62*2 -> 0.0035649049 | Q62: =+E62*2 -> 0.0035649049 | V62: =+E62*2 -> 0.0035649049 | Z62: =+E62*2 -> 0.0035649049 | AE62: =+E62*2 -> 0.0035649049 | AJ62: =+E62*2 -> 0.0035649049 | AO62: =+E62*2 -> 0.0035649049 | AT62: =+E62*2 -> 0.0035649049 | AY62: =+E62*2 -> 0.0035649049 | BE62: =+E62*2 -> 0.0035649049 | BG62: =+E62*2 -> 0.0035649049 | BI62: =+E62*2 -> 0.0035649049 | BK62: =+E62*2 -> 0.0035649049 | BM62: =+E62 -> 0.0017824525 | CV62: 0.0067305526 | CW62: C20 | CY62: =SUM(L62:CS62)/2 -> 0.024954335
B63: =+Inlet!D67 -> 0.022686977 | C63: 1 | D63: =1/(F63-6)*C63 -> 0.066666667 | E63: =1/(F63-6)*C63*B63 -> 0.0015124651 | F63: 21 | G63: C21 | L63: =+E63 -> 0.0015124651 | N63: =+E63*2 -> 0.0030249302 | Q63: =+E63*2 -> 0.0030249302 | V63: =+E63*2 -> 0.0030249302 | Z63: =+E63*2 -> 0.0030249302 | AE63: =+E63*2 -> 0.0030249302 | AJ63: =+E63*2 -> 0.0030249302 | AO63: =+E63*2 -> 0.0030249302 | AT63: =+E63*2 -> 0.0030249302 | AY63: =+E63*2 -> 0.0030249302 | BE63: =+E63*2 -> 0.0030249302 | BG63: =+E63*2 -> 0.0030249302 | BI63: =+E63*2 -> 0.0030249302 | BK63: =+E63*2 -> 0.0030249302 | BM63: =+E63*2 -> 0.0030249302 | BN63: =+E63 -> 0.0015124651 | CV63: 0.0047176403 | CW63: C21 | CY63: =SUM(L63:CS63)/2 -> 0.022686977
B64: =+Inlet!D68 -> 0.020418279 | C64: 1 | D64: =1/(F64-6)*C64 -> 0.0625 | E64: =1/(F64-6)*C64*B64 -> 0.0012761424 | F64: 22 | G64: C22 | L64: =+E64 -> 0.0012761424 | N64: =+E64*2 -> 0.0025522849 | Q64: =+E64*2 -> 0.0025522849 | V64: =+E64*2 -> 0.0025522849 | Z64: =+E64*2 -> 0.0025522849 | AE64: =+E64*2 -> 0.0025522849 | AJ64: =+E64*2 -> 0.0025522849 | AO64: =+E64*2 -> 0.0025522849 | AT64: =+E64*2 -> 0.0025522849 | AY64: =+E64*2 -> 0.0025522849 | BE64: =+E64*2 -> 0.0025522849 | BG64: =+E64*2 -> 0.0025522849 | BI64: =+E64*2 -> 0.0025522849 | BK64: =+E64*2 -> 0.0025522849 | BM64: =+E64*2 -> 0.0025522849 | BN64: =+E64*2 -> 0.0025522849 | BO64: =+E64 -> 0.0012761424 | CV64: 0.0029962166 | CW64: C22 | CY64: =SUM(L64:CS64)/2 -> 0.020418279
B65: =+Inlet!D69 -> 0.018149591 | C65: 1 | D65: =1/(F65-6)*C65 -> 0.058823529 | E65: =1/(F65-6)*C65*B65 -> 0.001067623 | F65: 23 | G65: C23 | L65: =+E65 -> 0.001067623 | N65: =+E65*2 -> 0.002135246 | Q65: =+E65*2 -> 0.002135246 | V65: =+E65*2 -> 0.002135246 | Z65: =+E65*2 -> 0.002135246 | AE65: =+E65*2 -> 0.002135246 | AJ65: =+E65*2 -> 0.002135246 | AO65: =+E65*2 -> 0.002135246 | AT65: =+E65*2 -> 0.002135246 | AY65: =+E65*2 -> 0.002135246 | BE65: =+E65*2 -> 0.002135246 | BG65: =+E65*2 -> 0.002135246 | BI65: =+E65*2 -> 0.002135246 | BK65: =+E65*2 -> 0.002135246 | BM65: =+E65*2 -> 0.002135246 | BN65: =+E65*2 -> 0.002135246 | BO65: =+E65*2 -> 0.002135246 | BP65: =+E65 -> 0.001067623 | CV65: 0.0015961917 | CW65: C23 | CY65: =SUM(L65:CS65)/2 -> 0.018149591
B66: =+Inlet!D70 -> 0.017015207 | C66: 1 | D66: =1/(F66-6)*C66 -> 0.055555556 | E66: =1/(F66-6)*C66*B66 -> 0.0009452893 | F66: 24 | G66: C24 | L66: =+E66 -> 0.0009452893 | N66: =+E66*2 -> 0.0018905786 | Q66: =+E66*2 -> 0.0018905786 | V66: =+E66*2 -> 0.0018905786 | Z66: =+E66*2 -> 0.0018905786 | AE66: =+E66*2 -> 0.0018905786 | AJ66: =+E66*2 -> 0.0018905786 | AO66: =+E66*2 -> 0.0018905786 | AT66: =+E66*2 -> 0.0018905786 | AY66: =+E66*2 -> 0.0018905786 | BE66: =+E66*2 -> 0.0018905786 | BG66: =+E66*2 -> 0.0018905786 | BI66: =+E66*2 -> 0.0018905786 | BK66: =+E66*2 -> 0.0018905786 | BM66: =+E66*2 -> 0.0018905786 | BN66: =+E66*2 -> 0.0018905786 | BO66: =+E66*2 -> 0.0018905786 | BP66: =+E66*2 -> 0.0018905786 | BQ66: =+E66 -> 0.0009452893 | CV66: 0.00048615068 | CW66: C24 | CY66: =SUM(L66:CS66)/2 -> 0.017015207
B67: =+Inlet!D71 -> 0.014746554 | C67: 1 | D67: =1/(F67-6)*C67 -> 0.052631579 | E67: =1/(F67-6)*C67*B67 -> 0.00077613443 | F67: 25 | G67: C25 | L67: =+E67 -> 0.00077613443 | N67: =+E67*2 -> 0.0015522689 | Q67: =+E67*2 -> 0.0015522689 | V67: =+E67*2 -> 0.0015522689 | Z67: =+E67*2 -> 0.0015522689 | AE67: =+E67*2 -> 0.0015522689 | AJ67: =+E67*2 -> 0.0015522689 | AO67: =+E67*2 -> 0.0015522689 | AT67: =+E67*2 -> 0.0015522689 | AY67: =+E67*2 -> 0.0015522689 | BE67: =+E67*2 -> 0.0015522689 | BG67: =+E67*2 -> 0.0015522689 | BI67: =+E67*2 -> 0.0015522689 | BK67: =+E67*2 -> 0.0015522689 | BM67: =+E67*2 -> 0.0015522689 | BN67: =+E67*2 -> 0.0015522689 | BO67: =+E67*2 -> 0.0015522689 | BP67: =+E67*2 -> 0.0015522689 | BQ67: =+E67*2 -> 0.0015522689 | BR67: =+E67 -> 0.00077613443 | CV67: 0 | CW67: C25 | CY67: =SUM(L67:CS67)/2 -> 0.014746554
B68: =+Inlet!D72 -> 0.012477808 | C68: 1 | D68: =1/(F68-6)*C68 -> 0.05 | E68: =1/(F68-6)*C68*B68 -> 0.00062389038 | F68: 26 | G68: C26 | L68: =+E68 -> 0.00062389038 | N68: =+E68*2 -> 0.0012477808 | Q68: =+E68*2 -> 0.0012477808 | V68: =+E68*2 -> 0.0012477808 | Z68: =+E68*2 -> 0.0012477808 | AE68: =+E68*2 -> 0.0012477808 | AJ68: =+E68*2 -> 0.0012477808 | AO68: =+E68*2 -> 0.0012477808 | AT68: =+E68*2 -> 0.0012477808 | AY68: =+E68*2 -> 0.0012477808 | BE68: =+E68*2 -> 0.0012477808 | BG68: =+E68*2 -> 0.0012477808 | BI68: =+E68*2 -> 0.0012477808 | BK68: =+E68*2 -> 0.0012477808 | BM68: =+E68*2 -> 0.0012477808 | BN68: =+E68*2 -> 0.0012477808 | BO68: =+E68*2 -> 0.0012477808 | BP68: =+E68*2 -> 0.0012477808 | BQ68: =+E68*2 -> 0.0012477808 | BR68: =+E68*2 -> 0.0012477808 | BS68: =+E68 -> 0.00062389038 | CV68: 0 | CW68: C26 | CY68: =SUM(L68:CS68)/2 -> 0.012477808
B69: =+Inlet!D73 -> 0.010209164 | C69: 1 | D69: =1/(F69-6)*C69 -> 0.047619048 | E69: =1/(F69-6)*C69*B69 -> 0.00048615068 | F69: 27 | G69: C27 | L69: =+E69 -> 0.00048615068 | N69: =+E69*2 -> 0.00097230136 | Q69: =+E69*2 -> 0.00097230136 | V69: =+E69*2 -> 0.00097230136 | Z69: =+E69*2 -> 0.00097230136 | AE69: =+E69*2 -> 0.00097230136 | AJ69: =+E69*2 -> 0.00097230136 | AO69: =+E69*2 -> 0.00097230136 | AT69: =+E69*2 -> 0.00097230136 | AY69: =+E69*2 -> 0.00097230136 | BE69: =+E69*2 -> 0.00097230136 | BG69: =+E69*2 -> 0.00097230136 | BI69: =+E69*2 -> 0.00097230136 | BK69: =+E69*2 -> 0.00097230136 | BM69: =+E69*2 -> 0.00097230136 | BN69: =+E69*2 -> 0.00097230136 | BO69: =+E69*2 -> 0.00097230136 | BP69: =+E69*2 -> 0.00097230136 | BQ69: =+E69*2 -> 0.00097230136 | BR69: =+E69*2 -> 0.00097230136 | BS69: =+E69*2 -> 0.00097230136 | BT69: =+E69 -> 0.00048615068 | CV69: 0 | CW69: C27 | CY69: =SUM(L69:CS69)/2 -> 0.010209164
B70: =+Inlet!D74 -> 0 | C70: 1 | D70: =1/(F70-6)*C70 -> 0.045454545 | E70: =1/(F70-6)*C70*B70 -> 0 | F70: 28 | G70: C28 | L70: =+E70 -> 0 | N70: =+E70*2 -> 0 | Q70: =+E70*2 -> 0 | V70: =+E70*2 -> 0 | Z70: =+E70*2 -> 0 | AE70: =+E70*2 -> 0 | AJ70: =+E70*2 -> 0 | AO70: =+E70*2 -> 0 | AT70: =+E70*2 -> 0 | AY70: =+E70*2 -> 0 | BE70: =+E70*2 -> 0 | BG70: =+E70*2 -> 0 | BI70: =+E70*2 -> 0 | BK70: =+E70*2 -> 0 | BM70: =+E70*2 -> 0 | BN70: =+E70*2 -> 0 | BO70: =+E70*2 -> 0 | BP70: =+E70*2 -> 0 | BQ70: =+E70*2 -> 0 | BR70: =+E70*2 -> 0 | BS70: =+E70*2 -> 0 | BT70: =+E70*2 -> 0 | BU70: =+E70 -> 0 | CV70: 0 | CW70: C28 | CY70: =SUM(L70:CS70)/2 -> 0
B71: =+Inlet!D75 -> 0 | C71: 1 | D71: =1/(F71-6)*C71 -> 0.043478261 | E71: =1/(F71-6)*C71*B71 -> 0 | F71: 29 | G71: C29 | L71: =+E71 -> 0 | N71: =+E71*2 -> 0 | Q71: =+E71*2 -> 0 | V71: =+E71*2 -> 0 | Z71: =+E71*2 -> 0 | AE71: =+E71*2 -> 0 | AJ71: =+E71*2 -> 0 | AO71: =+E71*2 -> 0 | AT71: =+E71*2 -> 0 | AY71: =+E71*2 -> 0 | BE71: =+E71*2 -> 0 | BG71: =+E71*2 -> 0 | BI71: =+E71*2 -> 0 | BK71: =+E71*2 -> 0 | BM71: =+E71*2 -> 0 | BN71: =+E71*2 -> 0 | BO71: =+E71*2 -> 0 | BP71: =+E71*2 -> 0 | BQ71: =+E71*2 -> 0 | BR71: =+E71*2 -> 0 | BS71: =+E71*2 -> 0 | BT71: =+E71*2 -> 0 | BU71: =+E71 -> 0 | BV71: =+BU71/2 -> 0 | CV71: 0 | CW71: C29 | CY71: =SUM(L71:CS71)/2 -> 0
B72: =+Inlet!D76 -> 0 | C72: 1 | D72: =1/(F72-6)*C72 -> 0.041666667 | E72: =1/(F72-6)*C72*B72 -> 0 | F72: 30 | G72: C30 | L72: =+E72 -> 0 | N72: =+E72*2 -> 0 | Q72: =+E72*2 -> 0 | V72: =+E72*2 -> 0 | Z72: =+E72*2 -> 0 | AE72: =+E72*2 -> 0 | AJ72: =+E72*2 -> 0 | AO72: =+E72*2 -> 0 | AT72: =+E72*2 -> 0 | AY72: =+E72*2 -> 0 | BE72: =+E72*2 -> 0 | BG72: =+E72*2 -> 0 | BI72: =+E72*2 -> 0 | BK72: =+E72*2 -> 0 | BM72: =+E72*2 -> 0 | BN72: =+E72*2 -> 0 | BO72: =+E72*2 -> 0 | BP72: =+E72*2 -> 0 | BQ72: =+E72*2 -> 0 | BR72: =+E72*2 -> 0 | BS72: =+E72*2 -> 0 | BT72: =+E72*2 -> 0 | BU72: =+E72 -> 0 | BV72: =+BU72 -> 0 | BW72: =+BV72/2 -> 0 | CV72: 0 | CW72: C30 | CY72: =SUM(L72:CS72)/2 -> 0
B73: =+Inlet!D77 -> 0 | C73: 1 | D73: =1/(F73-6)*C73 -> 0.04 | E73: =1/(F73-6)*C73*B73 -> 0 | F73: 31 | G73: C31 | L73: =+E73 -> 0 | N73: =+E73*2 -> 0 | Q73: =+E73*2 -> 0 | V73: =+E73*2 -> 0 | Z73: =+E73*2 -> 0 | AE73: =+E73*2 -> 0 | AJ73: =+E73*2 -> 0 | AO73: =+E73*2 -> 0 | AT73: =+E73*2 -> 0 | AY73: =+E73*2 -> 0 | BE73: =+E73*2 -> 0 | BG73: =+E73*2 -> 0 | BI73: =+E73*2 -> 0 | BK73: =+E73*2 -> 0 | BM73: =+E73*2 -> 0 | BN73: =+E73*2 -> 0 | BO73: =+E73*2 -> 0 | BP73: =+E73*2 -> 0 | BQ73: =+E73*2 -> 0 | BR73: =+E73*2 -> 0 | BS73: =+E73*2 -> 0 | BT73: =+E73*2 -> 0 | BU73: =+E73 -> 0 | BV73: =+BU73 -> 0 | BW73: =+BV73 -> 0 | BX73: =+BW73/2 -> 0 | CV73: 0 | CW73: C31 | CY73: =SUM(L73:CS73)/2 -> 0
B74: =+Inlet!D78 -> 0 | C74: 1 | D74: =1/(F74-6)*C74 -> 0.038461538 | E74: =1/(F74-6)*C74*B74 -> 0 | F74: 32 | G74: C32 | L74: =+E74 -> 0 | N74: =+E74*2 -> 0 | Q74: =+E74*2 -> 0 | V74: =+E74*2 -> 0 | Z74: =+E74*2 -> 0 | AE74: =+E74*2 -> 0 | AJ74: =+E74*2 -> 0 | AO74: =+E74*2 -> 0 | AT74: =+E74*2 -> 0 | AY74: =+E74*2 -> 0 | BE74: =+E74*2 -> 0 | BG74: =+E74*2 -> 0 | BI74: =+E74*2 -> 0 | BK74: =+E74*2 -> 0 | BM74: =+E74*2 -> 0 | BN74: =+E74*2 -> 0 | BO74: =+E74*2 -> 0 | BP74: =+E74*2 -> 0 | BQ74: =+E74*2 -> 0 | BR74: =+E74*2 -> 0 | BS74: =+E74*2 -> 0 | BT74: =+E74*2 -> 0 | BU74: =+E74 -> 0 | BV74: =+BU74 -> 0 | BW74: =+BV74 -> 0 | BX74: =+BW74 -> 0 | BY74: =+BX74/2 -> 0 | CV74: 0 | CW74: C32 | CY74: =SUM(L74:CS74)/2 -> 0
B75: =+Inlet!D79 -> 0 | C75: 1 | D75: =1/(F75-6)*C75 -> 0.037037037 | E75: =1/(F75-6)*C75*B75 -> 0 | F75: 33 | G75: C33 | L75: =+E75 -> 0 | N75: =+E75*2 -> 0 | Q75: =+E75*2 -> 0 | V75: =+E75*2 -> 0 | Z75: =+E75*2 -> 0 | AE75: =+E75*2 -> 0 | AJ75: =+E75*2 -> 0 | AO75: =+E75*2 -> 0 | AT75: =+E75*2 -> 0 | AY75: =+E75*2 -> 0 | BE75: =+E75*2 -> 0 | BG75: =+E75*2 -> 0 | BI75: =+E75*2 -> 0 | BK75: =+E75*2 -> 0 | BM75: =+E75*2 -> 0 | BN75: =+E75*2 -> 0 | BO75: =+E75*2 -> 0 | BP75: =+E75*2 -> 0 | BQ75: =+E75*2 -> 0 | BR75: =+E75*2 -> 0 | BS75: =+E75*2 -> 0 | BT75: =+E75*2 -> 0 | BU75: =+E75 -> 0 | BV75: =+BU75 -> 0 | BW75: =+BV75 -> 0 | BX75: =+BW75 -> 0 | BY75: =+BX75 -> 0 | BZ75: =+BY75/2 -> 0 | CV75: 0 | CW75: C33 | CY75: =SUM(L75:CS75)/2 -> 0
B76: =+Inlet!D80 -> 0 | C76: 1 | D76: =1/(F76-6)*C76 -> 0.035714286 | E76: =1/(F76-6)*C76*B76 -> 0 | F76: 34 | G76: C34 | L76: =+E76 -> 0 | N76: =+E76*2 -> 0 | Q76: =+E76*2 -> 0 | V76: =+E76*2 -> 0 | Z76: =+E76*2 -> 0 | AE76: =+E76*2 -> 0 | AJ76: =+E76*2 -> 0 | AO76: =+E76*2 -> 0 | AT76: =+E76*2 -> 0 | AY76: =+E76*2 -> 0 | BE76: =+E76*2 -> 0 | BG76: =+E76*2 -> 0 | BI76: =+E76*2 -> 0 | BK76: =+E76*2 -> 0 | BM76: =+E76*2 -> 0 | BN76: =+E76*2 -> 0 | BO76: =+E76*2 -> 0 | BP76: =+E76*2 -> 0 | BQ76: =+E76*2 -> 0 | BR76: =+E76*2 -> 0 | BS76: =+E76*2 -> 0 | BT76: =+E76*2 -> 0 | BU76: =+E76 -> 0 | BV76: =+BU76 -> 0 | BW76: =+BV76 -> 0 | BX76: =+BW76 -> 0 | BY76: =+BX76 -> 0 | BZ76: =+BY76 -> 0 | CA76: =+BZ76/2 -> 0 | CV76: 0 | CW76: C34 | CY76: =SUM(L76:CS76)/2 -> 0
B77: =+Inlet!D81 -> 0 | C77: 1 | D77: =1/(F77-6)*C77 -> 0.034482759 | E77: =1/(F77-6)*C77*B77 -> 0 | F77: 35 | G77: C35 | L77: =+E77 -> 0 | N77: =+E77*2 -> 0 | Q77: =+E77*2 -> 0 | V77: =+E77*2 -> 0 | Z77: =+E77*2 -> 0 | AE77: =+E77*2 -> 0 | AJ77: =+E77*2 -> 0 | AO77: =+E77*2 -> 0 | AT77: =+E77*2 -> 0 | AY77: =+E77*2 -> 0 | BE77: =+E77*2 -> 0 | BG77: =+E77*2 -> 0 | BI77: =+E77*2 -> 0 | BK77: =+E77*2 -> 0 | BM77: =+E77*2 -> 0 | BN77: =+E77*2 -> 0 | BO77: =+E77*2 -> 0 | BP77: =+E77*2 -> 0 | BQ77: =+E77*2 -> 0 | BR77: =+E77*2 -> 0 | BS77: =+E77*2 -> 0 | BT77: =+E77*2 -> 0 | BU77: =+E77 -> 0 | BV77: =+BU77 -> 0 | BW77: =+BV77 -> 0 | BX77: =+BW77 -> 0 | BY77: =+BX77 -> 0 | BZ77: =+BY77 -> 0 | CA77: =+BZ77 -> 0 | CB77: =+CA77/2 -> 0 | CV77: 0 | CW77: C35 | CY77: =SUM(L77:CS77)/2 -> 0
B78: =+Inlet!D82 -> 0 | C78: 1 | D78: =1/(F78-6)*C78 -> 0.033333333 | E78: =1/(F78-6)*C78*B78 -> 0 | F78: 36 | G78: C36 | L78: =+E78 -> 0 | N78: =+E78*2 -> 0 | Q78: =+E78*2 -> 0 | V78: =+E78*2 -> 0 | Z78: =+E78*2 -> 0 | AE78: =+E78*2 -> 0 | AJ78: =+E78*2 -> 0 | AO78: =+E78*2 -> 0 | AT78: =+E78*2 -> 0 | AY78: =+E78*2 -> 0 | BE78: =+E78*2 -> 0 | BG78: =+E78*2 -> 0 | BI78: =+E78*2 -> 0 | BK78: =+E78*2 -> 0 | BM78: =+E78*2 -> 0 | BN78: =+E78*2 -> 0 | BO78: =+E78*2 -> 0 | BP78: =+E78*2 -> 0 | BQ78: =+E78*2 -> 0 | BR78: =+E78*2 -> 0 | BS78: =+E78*2 -> 0 | BT78: =+E78*2 -> 0 | BU78: =+E78 -> 0 | BV78: =+BU78 -> 0 | BW78: =+BV78 -> 0 | BX78: =+BW78 -> 0 | BY78: =+BX78 -> 0 | BZ78: =+BY78 -> 0 | CA78: =+BZ78 -> 0 | CB78: =+CA78 -> 0 | CC78: =+CB78/2 -> 0 | CV78: 0 | CW78: C36 | CY78: =SUM(L78:CS78)/2 -> 0
B79: =+Inlet!D83 -> 0 | C79: 1 | D79: =1/(F79-6)*C79 -> 0.032258065 | E79: =1/(F79-6)*C79*B79 -> 0 | F79: 37 | G79: C37 | L79: =+E79 -> 0 | N79: =+E79*2 -> 0 | Q79: =+E79*2 -> 0 | V79: =+E79*2 -> 0 | Z79: =+E79*2 -> 0 | AE79: =+E79*2 -> 0 | AJ79: =+E79*2 -> 0 | AO79: =+E79*2 -> 0 | AT79: =+E79*2 -> 0 | AY79: =+E79*2 -> 0 | BE79: =+E79*2 -> 0 | BG79: =+E79*2 -> 0 | BI79: =+E79*2 -> 0 | BK79: =+E79*2 -> 0 | BM79: =+E79*2 -> 0 | BN79: =+E79*2 -> 0 | BO79: =+E79*2 -> 0 | BP79: =+E79*2 -> 0 | BQ79: =+E79*2 -> 0 | BR79: =+E79*2 -> 0 | BS79: =+E79*2 -> 0 | BT79: =+E79*2 -> 0 | BU79: =+E79 -> 0 | BV79: =+BU79 -> 0 | BW79: =+BV79 -> 0 | BX79: =+BW79 -> 0 | BY79: =+BX79 -> 0 | BZ79: =+BY79 -> 0 | CA79: =+BZ79 -> 0 | CB79: =+CA79 -> 0 | CC79: =+CB79 -> 0 | CD79: =+CC79/2 -> 0 | CV79: 0 | CW79: C37 | CY79: =SUM(L79:CS79)/2 -> 0
B80: =+Inlet!D84 -> 0 | C80: 1 | D80: =1/(F80-6)*C80 -> 0.03125 | E80: =1/(F80-6)*C80*B80 -> 0 | F80: 38 | G80: C38 | L80: =+E80 -> 0 | N80: =+E80*2 -> 0 | Q80: =+E80*2 -> 0 | V80: =+E80*2 -> 0 | Z80: =+E80*2 -> 0 | AE80: =+E80*2 -> 0 | AJ80: =+E80*2 -> 0 | AO80: =+E80*2 -> 0 | AT80: =+E80*2 -> 0 | AY80: =+E80*2 -> 0 | BE80: =+E80*2 -> 0 | BG80: =+E80*2 -> 0 | BI80: =+E80*2 -> 0 | BK80: =+E80*2 -> 0 | BM80: =+E80*2 -> 0 | BN80: =+E80*2 -> 0 | BO80: =+E80*2 -> 0 | BP80: =+E80*2 -> 0 | BQ80: =+E80*2 -> 0 | BR80: =+E80*2 -> 0 | BS80: =+E80*2 -> 0 | BT80: =+E80*2 -> 0 | BU80: =+E80 -> 0 | BV80: =+BU80 -> 0 | BW80: =+BV80 -> 0 | BX80: =+BW80 -> 0 | BY80: =+BX80 -> 0 | BZ80: =+BY80 -> 0 | CA80: =+BZ80 -> 0 | CB80: =+CA80 -> 0 | CC80: =+CB80 -> 0 | CD80: =+CC80 -> 0 | CE80: =+CD80/2 -> 0 | CV80: 0 | CW80: C38 | CY80: =SUM(L80:CS80)/2 -> 0
B81: =+Inlet!D85 -> 0 | C81: 1 | D81: =1/(F81-6)*C81 -> 0.03030303 | E81: =1/(F81-6)*C81*B81 -> 0 | F81: 39 | G81: C39 | L81: =+E81 -> 0 | N81: =+E81*2 -> 0 | Q81: =+E81*2 -> 0 | V81: =+E81*2 -> 0 | Z81: =+E81*2 -> 0 | AE81: =+E81*2 -> 0 | AJ81: =+E81*2 -> 0 | AO81: =+E81*2 -> 0 | AT81: =+E81*2 -> 0 | AY81: =+E81*2 -> 0 | BE81: =+E81*2 -> 0 | BG81: =+E81*2 -> 0 | BI81: =+E81*2 -> 0 | BK81: =+E81*2 -> 0 | BM81: =+E81*2 -> 0 | BN81: =+E81*2 -> 0 | BO81: =+E81*2 -> 0 | BP81: =+E81*2 -> 0 | BQ81: =+E81*2 -> 0 | BR81: =+E81*2 -> 0 | BS81: =+E81*2 -> 0 | BT81: =+E81*2 -> 0 | BU81: =+E81 -> 0 | BV81: =+BU81 -> 0 | BW81: =+BV81 -> 0 | BX81: =+BW81 -> 0 | BY81: =+BX81 -> 0 | BZ81: =+BY81 -> 0 | CA81: =+BZ81 -> 0 | CB81: =+CA81 -> 0 | CC81: =+CB81 -> 0 | ... CE81: =+CD81 -> 0 | CF81: =+CE81/2 -> 0 | CV81: 0 | CW81: C39 | CY81: =SUM(L81:CS81)/2 -> 0
B82: =+Inlet!D86 -> 0 | C82: 1 | D82: =1/(F82-6)*C82 -> 0.029411765 | E82: =1/(F82-6)*C82*B82 -> 0 | F82: 40 | G82: C40 | L82: =+E82 -> 0 | N82: =+E82*2 -> 0 | Q82: =+E82*2 -> 0 | V82: =+E82*2 -> 0 | Z82: =+E82*2 -> 0 | AE82: =+E82*2 -> 0 | AJ82: =+E82*2 -> 0 | AO82: =+E82*2 -> 0 | AT82: =+E82*2 -> 0 | AY82: =+E82*2 -> 0 | BE82: =+E82*2 -> 0 | BG82: =+E82*2 -> 0 | BI82: =+E82*2 -> 0 | BK82: =+E82*2 -> 0 | BM82: =+E82*2 -> 0 | BN82: =+E82*2 -> 0 | BO82: =+E82*2 -> 0 | BP82: =+E82*2 -> 0 | BQ82: =+E82*2 -> 0 | BR82: =+E82*2 -> 0 | BS82: =+E82*2 -> 0 | BT82: =+E82*2 -> 0 | BU82: =+E82 -> 0 | BV82: =+BU82 -> 0 | BW82: =+BV82 -> 0 | BX82: =+BW82 -> 0 | BY82: =+BX82 -> 0 | BZ82: =+BY82 -> 0 | CA82: =+BZ82 -> 0 | CB82: =+CA82 -> 0 | CC82: =+CB82 -> 0 | ... CF82: =+CE82 -> 0 | CG82: =+CF82/2 -> 0 | CV82: 0 | CW82: C40 | CY82: =SUM(L82:CS82)/2 -> 0
B83: =+Inlet!D87 -> 0 | C83: 1 | D83: =1/(F83-6)*C83 -> 0.028571429 | E83: =1/(F83-6)*C83*B83 -> 0 | F83: 41 | G83: C41 | L83: =+E83 -> 0 | N83: =+E83*2 -> 0 | Q83: =+E83*2 -> 0 | V83: =+E83*2 -> 0 | Z83: =+E83*2 -> 0 | AE83: =+E83*2 -> 0 | AJ83: =+E83*2 -> 0 | AO83: =+E83*2 -> 0 | AT83: =+E83*2 -> 0 | AY83: =+E83*2 -> 0 | BE83: =+E83*2 -> 0 | BG83: =+E83*2 -> 0 | BI83: =+E83*2 -> 0 | BK83: =+E83*2 -> 0 | BM83: =+E83*2 -> 0 | BN83: =+E83*2 -> 0 | BO83: =+E83*2 -> 0 | BP83: =+E83*2 -> 0 | BQ83: =+E83*2 -> 0 | BR83: =+E83*2 -> 0 | BS83: =+E83*2 -> 0 | BT83: =+E83*2 -> 0 | BU83: =+E83 -> 0 | BV83: =+BU83 -> 0 | BW83: =+BV83 -> 0 | BX83: =+BW83 -> 0 | BY83: =+BX83 -> 0 | BZ83: =+BY83 -> 0 | CA83: =+BZ83 -> 0 | CB83: =+CA83 -> 0 | CC83: =+CB83 -> 0 | ... CG83: =+CF83 -> 0 | CH83: =+CG83/2 -> 0 | CV83: 0 | CW83: C41 | CY83: =SUM(L83:CS83)/2 -> 0
B84: =+Inlet!D88 -> 0 | C84: 1 | D84: =1/(F84-6)*C84 -> 0.027777778 | E84: =1/(F84-6)*C84*B84 -> 0 | F84: 42 | G84: C42 | L84: =+E84 -> 0 | N84: =+E84*2 -> 0 | Q84: =+E84*2 -> 0 | V84: =+E84*2 -> 0 | Z84: =+E84*2 -> 0 | AE84: =+E84*2 -> 0 | AJ84: =+E84*2 -> 0 | AO84: =+E84*2 -> 0 | AT84: =+E84*2 -> 0 | AY84: =+E84*2 -> 0 | BE84: =+E84*2 -> 0 | BG84: =+E84*2 -> 0 | BI84: =+E84*2 -> 0 | BK84: =+E84*2 -> 0 | BM84: =+E84*2 -> 0 | BN84: =+E84*2 -> 0 | BO84: =+E84*2 -> 0 | BP84: =+E84*2 -> 0 | BQ84: =+E84*2 -> 0 | BR84: =+E84*2 -> 0 | BS84: =+E84*2 -> 0 | BT84: =+E84*2 -> 0 | BU84: =+E84 -> 0 | BV84: =+BU84 -> 0 | BW84: =+BV84 -> 0 | BX84: =+BW84 -> 0 | BY84: =+BX84 -> 0 | BZ84: =+BY84 -> 0 | CA84: =+BZ84 -> 0 | CB84: =+CA84 -> 0 | CC84: =+CB84 -> 0 | ... CH84: =+CG84 -> 0 | CI84: =+CH84/2 -> 0 | CV84: 0 | CW84: C42 | CY84: =SUM(L84:CS84)/2 -> 0
B85: =+Inlet!D89 -> 0 | C85: 1 | D85: =1/(F85-6)*C85 -> 0.027027027 | E85: =1/(F85-6)*C85*B85 -> 0 | F85: 43 | G85: C43 | L85: =+E85 -> 0 | N85: =+E85*2 -> 0 | Q85: =+E85*2 -> 0 | V85: =+E85*2 -> 0 | Z85: =+E85*2 -> 0 | AE85: =+E85*2 -> 0 | AJ85: =+E85*2 -> 0 | AO85: =+E85*2 -> 0 | AT85: =+E85*2 -> 0 | AY85: =+E85*2 -> 0 | BE85: =+E85*2 -> 0 | BG85: =+E85*2 -> 0 | BI85: =+E85*2 -> 0 | BK85: =+E85*2 -> 0 | BM85: =+E85*2 -> 0 | BN85: =+E85*2 -> 0 | BO85: =+E85*2 -> 0 | BP85: =+E85*2 -> 0 | BQ85: =+E85*2 -> 0 | BR85: =+E85*2 -> 0 | BS85: =+E85*2 -> 0 | BT85: =+E85*2 -> 0 | BU85: =+E85 -> 0 | BV85: =+BU85 -> 0 | BW85: =+BV85 -> 0 | BX85: =+BW85 -> 0 | BY85: =+BX85 -> 0 | BZ85: =+BY85 -> 0 | CA85: =+BZ85 -> 0 | CB85: =+CA85 -> 0 | CC85: =+CB85 -> 0 | ... CI85: =+CH85 -> 0 | CJ85: =+CI85/2 -> 0 | CV85: 0 | CW85: C43 | CY85: =SUM(L85:CS85)/2 -> 0
B86: =+Inlet!D90 -> 0 | C86: 1 | D86: =1/(F86-6)*C86 -> 0.026315789 | E86: =1/(F86-6)*C86*B86 -> 0 | F86: 44 | G86: C44 | L86: =+E86 -> 0 | N86: =+E86*2 -> 0 | Q86: =+E86*2 -> 0 | V86: =+E86*2 -> 0 | Z86: =+E86*2 -> 0 | AE86: =+E86*2 -> 0 | AJ86: =+E86*2 -> 0 | AO86: =+E86*2 -> 0 | AT86: =+E86*2 -> 0 | AY86: =+E86*2 -> 0 | BE86: =+E86*2 -> 0 | BG86: =+E86*2 -> 0 | BI86: =+E86*2 -> 0 | BK86: =+E86*2 -> 0 | BM86: =+E86*2 -> 0 | BN86: =+E86*2 -> 0 | BO86: =+E86*2 -> 0 | BP86: =+E86*2 -> 0 | BQ86: =+E86*2 -> 0 | BR86: =+E86*2 -> 0 | BS86: =+E86*2 -> 0 | BT86: =+E86*2 -> 0 | BU86: =+E86 -> 0 | BV86: =+BU86 -> 0 | BW86: =+BV86 -> 0 | BX86: =+BW86 -> 0 | BY86: =+BX86 -> 0 | BZ86: =+BY86 -> 0 | CA86: =+BZ86 -> 0 | CB86: =+CA86 -> 0 | CC86: =+CB86 -> 0 | ... CJ86: =+CI86 -> 0 | CK86: =+CJ86/2 -> 0 | CV86: 0 | CW86: C44 | CY86: =SUM(L86:CS86)/2 -> 0
B87: =+Inlet!D91 -> 0 | C87: 1 | D87: =1/(F87-6)*C87 -> 0.025641026 | E87: =1/(F87-6)*C87*B87 -> 0 | F87: 45 | G87: C45 | L87: =+E87 -> 0 | N87: =+E87*2 -> 0 | Q87: =+E87*2 -> 0 | V87: =+E87*2 -> 0 | Z87: =+E87*2 -> 0 | AE87: =+E87*2 -> 0 | AJ87: =+E87*2 -> 0 | AO87: =+E87*2 -> 0 | AT87: =+E87*2 -> 0 | AY87: =+E87*2 -> 0 | BE87: =+E87*2 -> 0 | BG87: =+E87*2 -> 0 | BI87: =+E87*2 -> 0 | BK87: =+E87*2 -> 0 | BM87: =+E87*2 -> 0 | BN87: =+E87*2 -> 0 | BO87: =+E87*2 -> 0 | BP87: =+E87*2 -> 0 | BQ87: =+E87*2 -> 0 | BR87: =+E87*2 -> 0 | BS87: =+E87*2 -> 0 | BT87: =+E87*2 -> 0 | BU87: =+E87 -> 0 | BV87: =+BU87 -> 0 | BW87: =+BV87 -> 0 | BX87: =+BW87 -> 0 | BY87: =+BX87 -> 0 | BZ87: =+BY87 -> 0 | CA87: =+BZ87 -> 0 | CB87: =+CA87 -> 0 | CC87: =+CB87 -> 0 | ... CK87: =+CJ87 -> 0 | CL87: =+CK87/2 -> 0 | CV87: 0 | CW87: C45 | CY87: =SUM(L87:CS87)/2 -> 0
B88: =+Inlet!D92 -> 0 | C88: 1 | D88: =1/(F88-6)*C88 -> 0.025 | E88: =1/(F88-6)*C88*B88 -> 0 | F88: 46 | G88: C46 | L88: =+E88 -> 0 | N88: =+E88*2 -> 0 | Q88: =+E88*2 -> 0 | V88: =+E88*2 -> 0 | Z88: =+E88*2 -> 0 | AE88: =+E88*2 -> 0 | AJ88: =+E88*2 -> 0 | AO88: =+E88*2 -> 0 | AT88: =+E88*2 -> 0 | AY88: =+E88*2 -> 0 | BE88: =+E88*2 -> 0 | BG88: =+E88*2 -> 0 | BI88: =+E88*2 -> 0 | BK88: =+E88*2 -> 0 | BM88: =+E88*2 -> 0 | BN88: =+E88*2 -> 0 | BO88: =+E88*2 -> 0 | BP88: =+E88*2 -> 0 | BQ88: =+E88*2 -> 0 | BR88: =+E88*2 -> 0 | BS88: =+E88*2 -> 0 | BT88: =+E88*2 -> 0 | BU88: =+E88 -> 0 | BV88: =+BU88 -> 0 | BW88: =+BV88 -> 0 | BX88: =+BW88 -> 0 | BY88: =+BX88 -> 0 | BZ88: =+BY88 -> 0 | CA88: =+BZ88 -> 0 | CB88: =+CA88 -> 0 | CC88: =+CB88 -> 0 | ... CM88: =+CL88 -> 0 | CV88: 0 | CW88: C46 | CY88: =SUM(L88:CS88)/2 -> 0
B89: =+Inlet!D93 -> 0 | C89: 1 | D89: =1/(F89-6)*C89 -> 0.023809524 | E89: =1/(F89-6)*C89*B89 -> 0 | F89: 48 | G89: C48 | L89: =+E89 -> 0 | N89: =+E89*2 -> 0 | Q89: =+E89*2 -> 0 | V89: =+E89*2 -> 0 | Z89: =+E89*2 -> 0 | AE89: =+E89*2 -> 0 | AJ89: =+E89*2 -> 0 | AO89: =+E89*2 -> 0 | AT89: =+E89*2 -> 0 | AY89: =+E89*2 -> 0 | BE89: =+E89*2 -> 0 | BG89: =+E89*2 -> 0 | BI89: =+E89*2 -> 0 | BK89: =+E89*2 -> 0 | BM89: =+E89*2 -> 0 | BN89: =+E89*2 -> 0 | BO89: =+E89*2 -> 0 | BP89: =+E89*2 -> 0 | BQ89: =+E89*2 -> 0 | BR89: =+E89*2 -> 0 | BS89: =+E89*2 -> 0 | BT89: =+E89*2 -> 0 | BU89: =+E89 -> 0 | BV89: =+BU89 -> 0 | BW89: =+BV89 -> 0 | BX89: =+BW89 -> 0 | BY89: =+BX89 -> 0 | BZ89: =+BY89 -> 0 | CA89: =+BZ89 -> 0 | CB89: =+CA89 -> 0 | CC89: =+CB89 -> 0 | ... CO89: =+CN89 -> 0 | CV89: 0 | CW89: C48 | CY89: =SUM(L89:CS89)/2 -> 0
B90: =+Inlet!D94 -> 0 | C90: 1 | D90: =1/(F90-6)*C90 -> 0.022727273 | E90: =1/(F90-6)*C90*B90 -> 0 | F90: 50 | G90: C50 | L90: =+E90 -> 0 | N90: =+E90*2 -> 0 | Q90: =+E90*2 -> 0 | V90: =+E90*2 -> 0 | Z90: =+E90*2 -> 0 | AE90: =+E90*2 -> 0 | AJ90: =+E90*2 -> 0 | AO90: =+E90*2 -> 0 | AT90: =+E90*2 -> 0 | AY90: =+E90*2 -> 0 | BE90: =+E90*2 -> 0 | BG90: =+E90*2 -> 0 | BI90: =+E90*2 -> 0 | BK90: =+E90*2 -> 0 | BM90: =+E90*2 -> 0 | BN90: =+E90*2 -> 0 | BO90: =+E90*2 -> 0 | BP90: =+E90*2 -> 0 | BQ90: =+E90*2 -> 0 | BR90: =+E90*2 -> 0 | BS90: =+E90*2 -> 0 | BT90: =+E90*2 -> 0 | BU90: =+E90 -> 0 | BV90: =+BU90 -> 0 | BW90: =+BV90 -> 0 | BX90: =+BW90 -> 0 | BY90: =+BX90 -> 0 | BZ90: =+BY90 -> 0 | CA90: =+BZ90 -> 0 | CB90: =+CA90 -> 0 | CC90: =+CB90 -> 0 | ... CP90: =+CO90 -> 0 | CQ90: =+CO90 -> 0 | CV90: 0 | CW90: C50 | CY90: =SUM(L90:CS90)/2 -> 0
B91: =+Inlet!D95 -> 0 | C91: 1 | D91: =1/(F91-6)*C91 -> 0.022222222 | E91: =1/(F91-6)*C91*B91 -> 0 | F91: 51 | G91: C51 | L91: =+E91 -> 0 | N91: =+E91*2 -> 0 | Q91: =+E91*2 -> 0 | V91: =+E91*2 -> 0 | Z91: =+E91*2 -> 0 | AE91: =+E91*2 -> 0 | AJ91: =+E91*2 -> 0 | AO91: =+E91*2 -> 0 | AT91: =+E91*2 -> 0 | AY91: =+E91*2 -> 0 | BE91: =+E91*2 -> 0 | BG91: =+E91*2 -> 0 | BI91: =+E91*2 -> 0 | BK91: =+E91*2 -> 0 | BM91: =+E91*2 -> 0 | BN91: =+E91*2 -> 0 | BO91: =+E91*2 -> 0 | BP91: =+E91*2 -> 0 | BQ91: =+E91*2 -> 0 | BR91: =+E91*2 -> 0 | BS91: =+E91*2 -> 0 | BT91: =+E91*2 -> 0 | BU91: =+E91 -> 0 | BV91: =+BU91 -> 0 | BW91: =+BV91 -> 0 | BX91: =+BW91 -> 0 | BY91: =+BX91 -> 0 | BZ91: =+BY91 -> 0 | CA91: =+BZ91 -> 0 | CB91: =+CA91 -> 0 | CC91: =+CB91 -> 0 | ... CO91: =+CN91 -> 0 | CP91: =+CO91*2 -> 0 | CQ91: =+CO91 -> 0 | CV91: 0 | CW91: C51 | CY91: =SUM(L91:CS91)/2 -> 0
B92: =+Inlet!D96 -> 0 | C92: 1 | D92: =1/(F92-6)*C92 -> 0.02173913 | E92: =1/(F92-6)*C92*B92 -> 0 | F92: 52 | G92: C52 | L92: =+E92 -> 0 | N92: =+E92*2 -> 0 | Q92: =+E92*2 -> 0 | V92: =+E92*2 -> 0 | Z92: =+E92*2 -> 0 | AE92: =+E92*2 -> 0 | AJ92: =+E92*2 -> 0 | AO92: =+E92*2 -> 0 | AT92: =+E92*2 -> 0 | AY92: =+E92*2 -> 0 | BE92: =+E92*2 -> 0 | BG92: =+E92*2 -> 0 | BI92: =+E92*2 -> 0 | BK92: =+E92*2 -> 0 | BM92: =+E92*2 -> 0 | BN92: =+E92*2 -> 0 | BO92: =+E92*2 -> 0 | BP92: =+E92*2 -> 0 | BQ92: =+E92*2 -> 0 | BR92: =+E92*2 -> 0 | BS92: =+E92*2 -> 0 | BT92: =+E92*2 -> 0 | BU92: =+E92 -> 0 | BV92: =+BU92 -> 0 | BW92: =+BV92 -> 0 | BX92: =+BW92 -> 0 | BY92: =+BX92 -> 0 | BZ92: =+BY92 -> 0 | CA92: =+BZ92 -> 0 | CB92: =+CA92 -> 0 | CC92: =+CB92 -> 0 | ... CP92: =+CO92 -> 0 | CQ92: =+CP92*2 -> 0 | CR92: =+CP92 -> 0 | CV92: 0 | CW92: C52 | CY92: =SUM(L92:CS92)/2 -> 0
B93: =+Inlet!D97 -> 0 | C93: 1 | D93: =1/(F93-6)*C93 -> 0.020833333 | E93: =1/(F93-6)*C93*B93 -> 0 | F93: 54 | G93: C54 | L93: =+E93 -> 0 | N93: =+E93*2 -> 0 | Q93: =+E93*2 -> 0 | V93: =+E93*2 -> 0 | Z93: =+E93*2 -> 0 | AE93: =+E93*2 -> 0 | AJ93: =+E93*2 -> 0 | AO93: =+E93*2 -> 0 | AT93: =+E93*2 -> 0 | AY93: =+E93*2 -> 0 | BE93: =+E93*2 -> 0 | BG93: =+E93*2 -> 0 | BI93: =+E93*2 -> 0 | BK93: =+E93*2 -> 0 | BM93: =+E93*2 -> 0 | BN93: =+E93*2 -> 0 | BO93: =+E93*2 -> 0 | BP93: =+E93*2 -> 0 | BQ93: =+E93*2 -> 0 | BR93: =+E93*2 -> 0 | BS93: =+E93*2 -> 0 | BT93: =+E93*2 -> 0 | BU93: =+E93 -> 0 | BV93: =+BU93 -> 0 | BW93: =+BV93 -> 0 | BX93: =+BW93 -> 0 | BY93: =+BX93 -> 0 | BZ93: =+BY93 -> 0 | CA93: =+BZ93 -> 0 | CB93: =+CA93 -> 0 | CC93: =+CB93 -> 0 | ... CP93: =+CO93 -> 0 | CQ93: =+CP93*2 -> 0 | CR93: =+CP93*2 -> 0 | CS93: =+CP93 -> 0 | CV93: 0 | CW93: C54 | CY93: =SUM(L93:CS93)/2 -> 0
D94: =1/(F94-6)*C94 -> 0 | H94: CH4 | I94: MEOH | J94: C2 | K94: C2-O | L94: C3 | M94: C3-O | N94: C4 | O94: C4-IP | P94: C4-O | Q94: C5 | R94: C5-IP | S94: C5-O | T94: C5-N | U94: C6-IP | V94: C6 | W94: C6-O | X94: C6-A | Y94: C6-N | Z94: C7 | AA94: C7-IP | AB94: C7-O | AC94: C7-A | AD94: C7-N | AE94: C8 | AF94: C8-IP | AG94: C8-O | AH94: C8-N | AI94: C8-A | AJ94: C9 | AK94: C9-IP | AL94: C9-O | AM94: C9-N | AN94: C9-A | AO94: C10 | AP94: C10-IP | AQ94: C10-O | AR94: C10-N | AS94: C10-A | AT94: C11 | AU94: C11-IP | AV94: C11-A | AW94: C11-0 | AX94: C12-IP | AY94: C12 | AZ94: C12-O | BA94: C12-A | BB94: C12-N | BC94: C13-IP | BD94: C13-O | BE94: C13 | BF94: C14-IP | BG94: C14 | BH94: C15-IP | BI94: C15 | BJ94: C16-IP | BK94: C16 | BL94: C17-IP | BM94: C17 | BN94: C18 | BO94: C19 | BP94: C20 | BQ94: C21 | BR94: C22 | BS94: C23 | BT94: C24 | BU94: C25 | BV94: C26 | BW94: C27 | BX94: C28 | BY94: C29 | BZ94: C30 | CA94: C31 | CB94: C32 | CC94: C33 | CD94: C34 | CE94: C35 | CF94: C36 | CG94: C37 | CH94: C38 | CI94: C39 | CJ94: C40 | CK94: C41 | CL94: C42 | CM94: C43 | CN94: C44 | CO94: C45 | CP94: C46 | CQ94: C48 | CR94: C50 | CS94: C51 | CT94: C52 | CU94: C54
G95: n | H95: 1 | I95: 1 | J95: 2 | K95: 2 | L95: 3 | M95: 3 | N95: 4 | O95: 4 | P95: 4 | Q95: 5 | R95: 5 | S95: 5 | T95: 5 | U95: 6 | V95: 6 | W95: 6 | X95: 6 | Y95: 6 | Z95: 7 | AA95: 7 | AB95: 7 | AC95: 7 | AD95: 7 | AE95: 8 | AF95: 8 | AG95: 8 | AH95: 8 | AI95: 8 | AJ95: 9 | AK95: 9 | AL95: 9 | AM95: 9 | AN95: 9 | AO95: 10 | AP95: 10 | AQ95: 10 | AR95: 10 | AS95: 10 | AT95: 11 | AU95: 11 | AV95: 11 | AW95: 11 | AX95: 12 | AY95: 12 | AZ95: 12 | BA95: 12 | BB95: 12 | BC95: 13 | BD95: 13 | BE95: 13 | BF95: 14 | BG95: 14 | BH95: 15 | BI95: 15 | BJ95: 16 | BK95: 16 | BL95: 17 | BM95: 17 | BN95: 18 | BO95: 19 | BP95: 20 | BQ95: 21 | BR95: 22 | BS95: 23 | BT95: 24 | BU95: 25 | BV95: 26 | BW95: 27 | BX95: 28 | BY95: 29 | BZ95: 30 | CA95: 31 | CB95: 32 | CC95: 33 | CD95: 34 | CE95: 35 | CF95: 36 | CG95: 37 | CH95: 38 | CI95: 39 | CJ95: 40 | CK95: 41 | CL95: 42 | CM95: 43 | CN95: 44 | CO95: 45 | CP95: 46 | CQ95: 48 | CR95: 50 | CS95: 51 | CT95: 52 | CU95: 54 | CW95: n
G96: sum | H96: =SUM(H2:H93) -> 0.0007111447 | I96: =SUM(I2:I93) -> 0.0011591573 | J96: =SUM(J2:J93) -> 0.0025701201 | K96: =SUM(K2:K93) -> 0 | L96: =SUM(L2:L93) -> 0.038202128 | M96: =SUM(M2:M93) -> 1.1449168e-08 | N96: =SUM(N2:N93) -> 0.05215735 | O96: =SUM(O2:O93) -> 8.7688471e-05 | ... CU96: =SUM(CU2:CU93) -> 0 | CW96: sum | CY96: =+SUM(CY2:CY93) -> 0.21422285

Sheet Secondary
B1: In | C1: Conversion | E1: Prod. Factor | F1: n | H1: CH4 | I1: MEOH | J1: C2 | K1: C2-O | L1: C3 | M1: C3-O | N1: C4 | O1: C4-IP | P1: C4-O | Q1: C5 | R1: C5-IP | S1: C5-O | T1: C5-N | U1: C6-IP | V1: C6 | W1: C6-O | X1: C6-A | Y1: C6-N | Z1: C7 | AA1: C7-IP | AB1: C7-O | AC1: C7-A | AD1: C7-N | AE1: C8 | AF1: C8-IP | AG1: C8-O | AH1: C8-N | AI1: C8-A | AJ1: C9 | AK1: C9-IP | AL1: C9-O | AM1: C9-N | AN1: C9-A | AO1: C10 | AP1: C10-IP | AQ1: C10-O | AR1: C10-N | AS1: C10-A | AT1: C11 | AU1: C11-IP | AV1: C11-A | AW1: C11-O | AX1: C12-IP | AY1: C12 | AZ1: C12-O | BA1: C12-A | BB1: C12-N | BC1: C13-IP | BD1: C13-O | BE1: C13 | BF1: C14-IP | BG1: C14 | BH1: C15-IP | BI1: C15 | BJ1: C16-IP | BK1: C16 | BL1: C17-IP | BM1: C17 | BN1: C18 | BO1: C19 | BP1: C20 | BQ1: C21 | BR1: C22 | BS1: C23 | BT1: C24 | BU1: C25 | BV1: C26 | BW1: C27 | BX1: C28 | BY1: C29 | BZ1: C30 | CA1: C31 | CB1: C32 | CC1: C33 | CD1: C34 | CE1: C35 | CF1: C36 | CG1: C37 | CH1: C38 | CI1: C39 | CJ1: C40 | CK1: C41 | CL1: C42 | CM1: C43 | CN1: C44 | CO1: C45 | CP1: C46 | CQ1: C48 | CR1: C50 | CS1: C51 | CT1: C52 | CU1: C54 | CV1: Out
A2: k | B2: =Primary!CV2 -> 0.0007111447 | C2: 0 | E2: =B2 -> 0.0007111447 | F2: 1 | G2: CH4 | H2: =(1-$C2)*$B2 -> 0.0007111447 | CV2: {=TRANSPOSE(H96:CU96)} -> 0.0007111447 | CW2: CH4 | CY2: 0
A3: 0.4 | B3: =Primary!CV3 -> 0.0011591573 | C3: 0 | E3: =B3 -> 0.0011591573 | F3: 1 | G3: MEOH | I3: =(1-$C3)*$B3 -> 0.0011591573 | CV3: 0.0011591573 | CW3: MEOH | CY3: 0
B4: =Primary!CV4 -> 0.0025701201 | C4: 0 | E4: =B4 -> 0.0025701201 | F4: 2 | G4: C2 | J4: =(1-$C4)*$B4 -> 0.0025701201 | CV4: 0.0025701201 | CW4: C2 | CY4: 0
B5: =Primary!CV5 -> 0 | C5: =C504 -> 0 | E5: =B5 -> 0 | F5: 2 | G5: C2-O | K5: =(1-$C5)*$B5 -> 0 | CV5: 0 | CW5: C2-O | CY5: 0
B6: =Primary!CV6 -> 0.038202128 | C6: 0 | E6: =B6 -> 0.038202128 | F6: 3 | G6: C3 | L6: =(1-$C6)*$B6 -> 0.038202128 | CV6: 0.046010388 | CW6: C3 | CY6: 0
B7: =Primary!CV7 -> 1.1449168e-08 | C7: 0 | E7: =B7 -> 1.1449168e-08 | F7: 3 | G7: C3-O | M7: =(1-$C7)*$B7 -> 1.1449168e-08 | CV7: 1.6611307e-08 | CW7: C3-O | CY7: 0
B8: =Primary!CV8 -> 0.05215735 | C8: 0 | E8: =B8 -> 0.05215735 | F8: 4 | G8: C4 | N8: =(1-$C8)*$B8 -> 0.05215735 | CV8: 0.067760038 | CW8: C4 | CY8: 0
B9: =Primary!CV9 -> 8.7688471e-05 | C9: 0 | E9: =B9 -> 8.7688471e-05 | F9: 4 | G9: C4-IP | O9: =(1-$C9)*$B9 -> 8.7688471e-05 | CV9: 0.00010153019 | CW9: C4-IP | CY9: 0
B10: =Primary!CV10 -> 8.1154749e-23 | C10: 0 | E10: =B10 -> 8.1154749e-23 | F10: 4 | G10: C4-O | P10: =(1-$C10)*$B10 -> 8.1154749e-23 | CV10: 8.1154749e-23 | CW10: C4-O | CY10: 0
B11: =Primary!CV11 -> 0.041243721 | C11: 0 | E11: =B11 -> 0.041243721 | F11: 5 | G11: C5 | Q11: =(1-$C11)*$B11 -> 0.041243721 | CV11: 0.056768236 | CW11: C5 | CY11: 0
B12: =Primary!CV12 -> 0.00079740252 | C12: 0 | E12: =B12 -> 0.00079740252 | F12: 5 | G12: C5-IP | R12: =(1-$C12)*$B12 -> 0.00079740252 | CV12: 0.00079740252 | CY12: 0
B13: =Primary!CV13 -> 4.9454121e-20 | C13: 0 | E13: =B13 -> 4.9454121e-20 | F13: 5 | G13: C5-O | S13: =(1-$C13)*$B13 -> 4.9454121e-20 | CV13: 4.9454121e-20 | CW13: C5-O | CY13: 0
B14: =Primary!CV14 -> 7.7846205e-05 | C14: 0 | E14: =B14 -> 7.7846205e-05 | F14: 5 | G14: C5-N | T14: =(1-$C14)*$B14 -> 7.7846205e-05 | CV14: 7.7846205e-05 | CY14: 0
B15: =Primary!CV15 -> 0.0029408236 | C15: 0 | E15: =B15 -> 0.0029408236 | F15: 6 | G15: C6-IP | U15: =(1-$C15)*$B15 -> 0.0029408236 | CV15: 0.0029408236 | CW15: C6-IP | CY15: 0
B16: =Primary!CV16 -> 0.033540808 | C16: 0 | E16: =B16 -> 0.033540808 | F16: 6 | G16: C6 | V16: =(1-$C16)*$B16 -> 0.033540808 | CV16: 0.048824706 | CW16: C6 | CY16: 0
B17: =Primary!CV17 -> 1.6313192e-17 | C17: 0 | E17: =B17 -> 1.6313192e-17 | F17: 6 | G17: C6-O | W17: =(1-$C17)*$B17 -> 1.6313192e-17 | CV17: 1.6313192e-17 | CW17: C6-O | CY17: =SUM(L17:S17)/2 -> 0
B18: =Primary!CV18 -> 4.3282018e-19 | C18: 0 | E18: =B18 -> 4.3282018e-19 | F18: 6 | G18: C6-A | X18: =(1-$C18)*$B18 -> 4.3282018e-19 | CV18: 4.3282018e-19 | CY18: =SUM(L18:S18)/2 -> 0
B19: =Primary!CV19 -> 0.0002096108 | C19: 0 | E19: =B19 -> 0.0002096108 | F19: 6 | G19: C6-N | Y19: =(1-$C19)*$B19 -> 0.0002096108 | CV19: 0.0002096108 | CY19: =SUM(L19:S19)/2 -> 0
B20: =Primary!CV20 -> 0.02997246 | C20: =(EXP($A$3*(F20-7))-1)/(EXP($A$3*(18-7))-1) -> 0 | D20: =1/(F20-6)*C20 -> 0 | E20: =B20 -> 0.02997246 | F20: 7 | G20: C7 | Z20: =(1-$C20)*$B20 -> 0.02997246 | CV20: 0.044899451 | CW20: C7 | CY20: =SUM(L20:S20)/2 -> 0
B21: =Primary!CV21 -> 0.0014479776 | C21: =(EXP($A$3*(F21-7))-1)/(EXP($A$3*(18-7))-1) -> 0 | D21: =1/(F21-6)*C21 -> 0 | E21: =B21 -> 0.0014479776 | F21: 7 | G21: C7-IP | AA21: =(1-$C21)*$B21 -> 0.0014479776 | CV21: 0.0014479776 | CW21: C7-IP | CY21: =SUM(L21:S21)/2 -> 0
B22: =Primary!CV22 -> 1.6154926e-15 | C22: =(EXP($A$3*(F22-7))-1)/(EXP($A$3*(18-7))-1) -> 0 | D22: =1/(F22-6)*C22 -> 0 | E22: =B22 -> 1.6154926e-15 | F22: 7 | G22: C7-O | AB22: =(1-$C22)*$B22 -> 1.6154926e-15 | CV22: 1.6154926e-15 | CW22: C7-O | CY22: =SUM(L22:S22)/2 -> 0
B23: =Primary!CV23 -> 1.1090436e-15 | C23: 0 | D23: =1/(F23-6)*C23 -> 0 | E23: =B23 -> 1.1090436e-15 | F23: 7 | G23: C7-A | AC23: =(1-$C23)*$B23 -> 1.1090436e-15 | CV23: 1.1090436e-15 | CW23: C7-A | CY23: =SUM(L23:S23)/2 -> 0
B24: =Primary!CV24 -> 0.00019452524 | C24: 0 | D24: =1/(F24-6)*C24 -> 0 | E24: =B24 -> 0.00019452524 | F24: 7 | G24: C7-N | AD24: =(1-$C24)*$B24 -> 0.00019452524 | CV24: 0.00019452524 | CY24: =SUM(L24:S24)/2 -> 0
B25: =Primary!CV25 -> 0.029582865 | C25: =(EXP($A$3*(F25-7))-1)/(EXP($A$3*(18-7))-1) -> 0.0061133547 | D25: =1/(F25-6)*C25 -> 0.0030566774 | E25: =1/(F25-6)*C25*B25 -> 9.0425274e-05 | F25: 8 | G25: C8 | L25: =+E25 -> 9.0425274e-05 | N25: =+E25*2 -> 0.00018085055 | Q25: =+E25 -> 9.0425274e-05 | AE25: =(1-$C25)*$B25 -> 0.029402015 | CV25: 0.043837612 | CW25: C8 | CY25: =SUM(L25:S25)/2 -> 0.00018085055
B26: =Primary!CV26 -> 0.000519821 | C26: =(EXP($A$3*(F26-7))-1)/(EXP($A$3*(18-7))-1) -> 0.0061133547 | D26: =1/(F26-6)*C26 -> 0.0030566774 | E26: =1/(F26-6)*C26*B26 -> 1.5889251e-06 | F26: 8 | G26: C8-IP | L26: =+E26 -> 1.5889251e-06 | O26: =+E26*2 -> 3.1778501e-06 | Q26: =+E26 -> 1.5889251e-06 | AF26: =(1-$C26)*$B26 -> 0.00051664315 | CV26: 0.00051664315 | CW26: C8-IP | CY26: =SUM(L26:AA26)/2 -> 3.1778501e-06
B27: =Primary!CV27 -> 6.670012e-13 | C27: =(EXP($A$3*(F27-7))-1)/(EXP($A$3*(18-7))-1) -> 0.0061133547 | D27: =1/(F27-6)*C27 -> 0.0030566774 | E27: =1/(F27-6)*C27*B27 -> 2.0388075e-15 | F27: 8 | G27: C8-O | M27: =+E27 -> 2.0388075e-15 | N27: =+E27*2 -> 4.0776149e-15 | Q27: =+E27 -> 2.0388075e-15 | AG27: =(1-$C27)*$B27 -> 6.6292358e-13 | CV27: 6.6292358e-13 | CW27: C8-O | CY27: =SUM(L27:AA27)/2 -> 4.0776149e-15
B28: =Primary!CV28 -> 0.00036401436 | C28: 0 | D28: =1/(F28-6)*C28 -> 0 | E28: =1/(F28-6)*C28*B28 -> 0 | F28: 8 | G28: C8-N | AH28: =(1-$C28)*$B28 -> 0.00036401436 | CV28: 0.00036401436 | CW28: C8-N | CY28: =SUM(L28:AA28)/2 -> 0
B29: =Primary!CV29 -> 3.5532071e-12 | C29: 0 | D29: =1/(F29-6)*C29 -> 0 | E29: =1/(F29-6)*C29*B29 -> 0 | F29: 8 | G29: C8-A | AI29: =(1-$C29)*$B29 -> 3.5532071e-12 | CV29: 3.5532071e-12 | CW29: C8-A | CY29: =SUM(L29:AA29)/2 -> 0
B30: =Primary!CV30 -> 0.02893382 | C30: =(EXP($A$3*(F30-7))-1)/(EXP($A$3*(18-7))-1) -> 0.015233408 | D30: =1/(F30-6)*C30 -> 0.0050778028 | E30: =1/(F30-6)*C30*B30 -> 0.00014692023 | F30: 9 | G30: C9 | L30: =+E30 -> 0.00014692023 | N30: =+E30*2 -> 0.00029384046 | Q30: =+E30*2 -> 0.00029384046 | V30: =+E30 -> 0.00014692023 | AJ30: =(1-$C30)*$B30 -> 0.028493059 | CV30: 0.042264427 | CW30: C9 | CY30: =SUM(L30:AA30)/2 -> 0.0004407607
B31: =Primary!CV31 -> 0.00033128812 | C31: =(EXP($A$3*(F31-7))-1)/(EXP($A$3*(18-7))-1) -> 0.015233408 | D31: =1/(F31-6)*C31 -> 0.0050778028 | E31: =1/(F31-6)*C31*B31 -> 1.6822157e-06 | F31: 9 | G31: C9-IP | L31: =+E31 -> 1.6822157e-06 | O31: =+E31*2 -> 3.3644315e-06 | Q31: =+E31*2 -> 3.3644315e-06 | V31: =+E31 -> 1.6822157e-06 | AK31: =(1-$C31)*$B31 -> 0.00032624148 | CV31: 0.00032624148 | CW31: C9-IP | CY31: =SUM(L31:AA31)/2 -> 5.0466472e-06
B32: =Primary!CV32 -> 2.8449275e-11 | C32: =(EXP($A$3*(F32-7))-1)/(EXP($A$3*(18-7))-1) -> 0.015233408 | D32: =1/(F32-6)*C32 -> 0.0050778028 | E32: =1/(F32-6)*C32*B32 -> 1.4445981e-13 | F32: 9 | G32: C9-O | M32: =+E32 -> 1.4445981e-13 | N32: =+E32*2 -> 2.8891961e-13 | Q32: =+E32*2 -> 2.8891961e-13 | V32: =+E32 -> 1.4445981e-13 | AL32: =(1-$C32)*$B32 -> 2.8015896e-11 | CV32: 2.8015896e-11 | CW32: C9-O | CY32: =SUM(L32:AA32)/2 -> 4.3337942e-13
B33: =Primary!CV33 -> 8.4212848e-05 | C33: 0 | D33: =1/(F33-6)*C33 -> 0 | E33: =1/(F33-6)*C33*B33 -> 0 | F33: 9 | G33: C9-N | AM33: =(1-$C33)*$B33 -> 8.4212848e-05 | CV33: 8.4212848e-05 | CW33: C9-N | CY33: =SUM(L33:AA33)/2 -> 0
B34: =Primary!CV34 -> 6.2978784e-09 | C34: 0 | D34: =1/(F34-6)*C34 -> 0 | E34: =1/(F34-6)*C34*B34 -> 0 | F34: 9 | G34: C9-A | AN34: =(1-$C34)*$B34 -> 6.2978784e-09 | CV34: 6.2978784e-09 | CW34: C9-A | CY34: =SUM(L34:AA34)/2 -> 0
B35: =Primary!CV35 -> 0.028853411 | C35: =(EXP($A$3*(F35-7))-1)/(EXP($A$3*(18-7))-1) -> 0.028838929 | D35: =1/(F35-6)*C35 -> 0.0072097324 | E35: =1/(F35-6)*C35*B35 -> 0.00020802537 | F35: 10 | G35: C10 | L35: =+E35 -> 0.00020802537 | N35: =+E35*2 -> 0.00041605074 | Q35: =+E35*2 -> 0.00041605074 | V35: =+E35*2 -> 0.00041605074 | Z35: =+E35 -> 0.00020802537 | AO35: =(1-$C35)*$B35 -> 0.028021309 | CV35: 0.040899806 | CW35: C10 | CY35: =SUM(L35:AA35)/2 -> 0.00083210147
B36: =Primary!CV36 -> 3.8749231e-05 | C36: =(EXP($A$3*(F36-7))-1)/(EXP($A$3*(18-7))-1) -> 0.028838929 | D36: =1/(F36-6)*C36 -> 0.0072097324 | E36: =1/(F36-6)*C36*B36 -> 2.7937159e-07 | F36: 10 | G36: C10-IP | L36: =+E36 -> 2.7937159e-07 | O36: =+E36*2 -> 5.5874317e-07 | Q36: =+E36*2 -> 5.5874317e-07 | V36: =+E36*2 -> 5.5874317e-07 | Z36: =+E36 -> 2.7937159e-07 | AP36: =(1-$C36)*$B36 -> 3.7631745e-05 | CV36: 3.7631745e-05 | CW36: C10-IP | CY36: =SUM(L36:AA36)/2 -> 1.1174863e-06
B37: =Primary!CV37 -> 2.8168944e-08 | C37: =(EXP($A$3*(F37-7))-1)/(EXP($A$3*(18-7))-1) -> 0.028838929 | D37: =1/(F37-6)*C37 -> 0.0072097324 | E37: =1/(F37-6)*C37*B37 -> 2.0309055e-10 | F37: 10 | G37: C10-O | M37: =+E37 -> 2.0309055e-10 | N37: =+E37*2 -> 4.061811e-10 | Q37: =+E37*2 -> 4.061811e-10 | V37: =+E37*2 -> 4.061811e-10 | Z37: =+E37 -> 2.0309055e-10 | AQ37: =(1-$C37)*$B37 -> 2.7356582e-08 | CV37: 2.7356582e-08 | CW37: C10-O | CY37: =SUM(L37:AK37)/2 -> 8.123622e-10
B38: =Primary!CV38 -> 1.2093808e-05 | C38: 0 | D38: =1/(F38-6)*C38 -> 0 | E38: =1/(F38-6)*C38*B38 -> 0 | F38: 10 | G38: C10-N | AR38: =(1-$C38)*$B38 -> 1.2093808e-05 | CV38: 1.2093808e-05 | CW38: C10-N | CY38: =SUM(L38:AK38)/2 -> 0
B39: =Primary!CV39 -> 3.2000963e-07 | C39: 0 | D39: =1/(F39-6)*C39 -> 0 | E39: =1/(F39-6)*C39*B39 -> 0 | F39: 10 | G39: C10-A | AS39: =(1-$C39)*$B39 -> 3.2000963e-07 | CV39: 3.2000963e-07 | CW39: C10-A | CY39: =SUM(L39:AK39)/2 -> 0
B40: =Primary!CV40 -> 0.028806019 | C40: =(EXP($A$3*(F40-7))-1)/(EXP($A$3*(18-7))-1) -> 0.049135982 | D40: =1/(F40-6)*C40 -> 0.0098271964 | E40: =1/(F40-6)*C40*B40 -> 0.00028308241 | F40: 11 | G40: C11 | L40: =+E40 -> 0.00028308241 | N40: =+E40*2 -> 0.00056616481 | Q40: =+E40*2 -> 0.00056616481 | V40: =+E40*2 -> 0.00056616481 | Z40: =+E40*2 -> 0.00056616481 | AE40: =+E40 -> 0.00028308241 | AT40: =(1-$C40)*$B40 -> 0.027390607 | CV40: 0.03907429 | CW40: C11 | CY40: =SUM(L40:AK40)/2 -> 0.001415412
B41: =Primary!CV41 -> 6.604575e-07 | C41: =(EXP($A$3*(F41-7))-1)/(EXP($A$3*(18-7))-1) -> 0.049135982 | D41: =1/(F41-6)*C41 -> 0.0098271964 | E41: =1/(F41-6)*C41*B41 -> 6.4904456e-09 | F41: 11 | G41: C11-IP | L41: =+E41 -> 6.4904456e-09 | O41: =+E41*2 -> 1.2980891e-08 | Q41: =+E41*2 -> 1.2980891e-08 | V41: =+E41*2 -> 1.2980891e-08 | Z41: =+E41*2 -> 1.2980891e-08 | AE41: =+E41 -> 6.4904456e-09 | AU41: =(1-$C41)*$B41 -> 6.2800527e-07 | CV41: 6.2800527e-07 | CW41: C11-IP | CY41: =SUM(L41:AK41)/2 -> 3.2452228e-08
B42: =Primary!CV42 -> 1.6555469e-07 | C42: 0 | D42: =1/(F42-6)*C42 -> 0 | E42: =1/(F42-6)*C42*B42 -> 0 | F42: 11 | G42: C11-A | AV42: =(1-$C42)*$B42 -> 1.6555469e-07 | CV42: 1.6555469e-07 | CW42: C11-A | CY42: =SUM(L42:AK42)/2 -> 0
B43: =Primary!CV43 -> 2.7525268e-07 | C43: 0 | D43: =1/(F43-6)*C43 -> 0 | E43: =1/(F43-6)*C43*B43 -> 0 | F43: 11 | G43: C11-O | M43: =+E43 -> 0 | O43: =+E43*2 -> 0 | Q43: =+E43*2 -> 0 | V43: =+E43*2 -> 0 | Z43: =+E43*2 -> 0 | AE43: =+E43 -> 0 | AW43: =(1-$C43)*$B43 -> 2.7525268e-07 | CV43: 2.7525268e-07 | CY43: =SUM(L43:AK43)/2 -> 0
B44: =Primary!CV44 -> 1.0590443e-06 | C44: =(EXP($A$3*(F44-7))-1)/(EXP($A$3*(18-7))-1) -> 0.079415626 | D44: =1/(F44-6)*C44 -> 0.013235938 | E44: =1/(F44-6)*C44*B44 -> 1.4017444e-08 | F44: 12 | G44: C12-IP | L44: =+E44 -> 1.4017444e-08 | O44: =+E44*2 -> 2.8034888e-08 | Q44: =+E44*2 -> 2.8034888e-08 | V44: =+E44*2 -> 2.8034888e-08 | Z44: =+E44*2 -> 2.8034888e-08 | AE44: =+E44*2 -> 2.8034888e-08 | AJ44: =+E44 -> 1.4017444e-08 | AX44: =(1-$C44)*$B44 -> 9.7493959e-07 | CV44: 9.7493959e-07 | CW44: C12-IP | CY44: =SUM(L44:AK44)/2 -> 8.4104663e-08
B45: =Primary!CV45 -> 0.028794736 | C45: =(EXP($A$3*(F45-7))-1)/(EXP($A$3*(18-7))-1) -> 0.079415626 | D45: =1/(F45-6)*C45 -> 0.013235938 | E45: =1/(F45-6)*C45*B45 -> 0.00038112533 | F45: 12 | G45: C12 | L45: =+E45 -> 0.00038112533 | N45: =+E45*2 -> 0.00076225066 | Q45: =+E45*2 -> 0.00076225066 | V45: =+E45*2 -> 0.00076225066 | Z45: =+E45*2 -> 0.00076225066 | AE45: =+E45*2 -> 0.00076225066 | AJ45: =+E45 -> 0.00038112533 | AY45: =(1-$C45)*$B45 -> 0.026507984 | CV45: 0.036691469 | CW45: C12 | CY45: =SUM(L45:AX45)/2 -> 0.002286752
B46: =Primary!CV46 -> 1.3152635e-07 | C46: =(EXP($A$3*(F46-7))-1)/(EXP($A$3*(18-7))-1) -> 0.079415626 | D46: =1/(F46-6)*C46 -> 0.013235938 | E46: =1/(F46-6)*C46*B46 -> 1.7408746e-09 | F46: 12 | G46: C12-O | M46: =+E46 -> 1.7408746e-09 | N46: =+E46*2 -> 3.4817492e-09 | Q46: =+E46*2 -> 3.4817492e-09 | V46: =+E46*2 -> 3.4817492e-09 | Z46: =+E46*2 -> 3.4817492e-09 | AE46: =+E46*2 -> 3.4817492e-09 | AJ46: =+E46 -> 1.7408746e-09 | AZ46: =(1-$C46)*$B46 -> 1.2108111e-07 | CV46: 1.2108111e-07 | CW46: C12-O | CY46: =SUM(L46:AX46)/2 -> 1.0445248e-08
B47: =Primary!CV47 -> 5.493005e-07 | C47: 0 | D47: =1/(F47-6)*C47 -> 0 | E47: =1/(F47-6)*C47*B47 -> 0 | F47: 12 | G47: C12-A | BA47: =(1-$C47)*$B47 -> 5.493005e-07 | CV47: 5.493005e-07 | CW47: C12-A | CY47: =SUM(L47:AX47)/2 -> 0
B48: =Primary!CV48 -> 9.8777101e-08 | C48: 0 | D48: =1/(F48-6)*C48 -> 0 | E48: =1/(F48-6)*C48*B48 -> 0 | F48: 12 | G48: C12-N | BB48: =(1-$C48)*$B48 -> 9.8777101e-08 | CV48: 9.8777101e-08 | CY48: =SUM(L48:AX48)/2 -> 0
B49: =Primary!CV49 -> 1.5554226e-06 | C49: =(EXP($A$3*(F49-7))-1)/(EXP($A$3*(18-7))-1) -> 0.12458755 | D49: =1/(F49-6)*C49 -> 0.017798221 | E49: =1/(F49-6)*C49*B49 -> 2.7683756e-08 | F49: 13 | G49: C13-IP | L49: =+E49 -> 2.7683756e-08 | O49: =+E49*2 -> 5.5367511e-08 | Q49: =+E49*2 -> 5.5367511e-08 | V49: =+E49*2 -> 5.5367511e-08 | Z49: =+E49*2 -> 5.5367511e-08 | AE49: =+E49*2 -> 5.5367511e-08 | AJ49: =+E49*2 -> 5.5367511e-08 | AO49: =+E49 -> 2.7683756e-08 | BC49: =(1-$C49)*$B49 -> 1.3616363e-06 | CV49: 1.3616363e-06 | CW49: C13-IP | CY49: =SUM(L49:AX49)/2 -> 1.9378629e-07
B50: =Primary!CV50 -> 1.8080613e-07 | C50: =(EXP($A$3*(F50-7))-1)/(EXP($A$3*(18-7))-1) -> 0.12458755 | D50: =1/(F50-6)*C50 -> 0.017798221 | E50: =1/(F50-6)*C50*B50 -> 3.2180274e-09 | F50: 13 | G50: C13-O | M50: =+E50 -> 3.2180274e-09 | N50: =+E50*2 -> 6.4360549e-09 | Q50: =+E50*2 -> 6.4360549e-09 | V50: =+E50*2 -> 6.4360549e-09 | Z50: =+E50*2 -> 6.4360549e-09 | AE50: =+E50*2 -> 6.4360549e-09 | AJ50: =+E50*2 -> 6.4360549e-09 | AO50: =+E50 -> 3.2180274e-09 | BD50: =(1-$C50)*$B50 -> 1.5827994e-07 | CV50: 1.5827994e-07 | CW50: C13-O | CY50: =SUM(L50:AX50)/2 -> 2.2526192e-08
A51: =SUM(H51:CV51) -> 0.065984811 | B51: =Primary!CV51 -> 0.028749988 | C51: =(EXP($A$3*(F51-7))-1)/(EXP($A$3*(18-7))-1) -> 0.12458755 | D51: =1/(F51-6)*C51 -> 0.017798221 | E51: =1/(F51-6)*C51*B51 -> 0.00051169864 | F51: 13 | G51: C13 | L51: =+E51 -> 0.00051169864 | N51: =+E51*2 -> 0.0010233973 | Q51: =+E51*2 -> 0.0010233973 | V51: =+E51*2 -> 0.0010233973 | Z51: =+E51*2 -> 0.0010233973 | AE51: =+E51*2 -> 0.0010233973 | AJ51: =+E51*2 -> 0.0010233973 | AO51: =+E51 -> 0.00051169864 | BE51: =(1-$C51)*$B51 -> 0.025168098 | CV51: 0.033652932 | CW51: C13 | CY51: =SUM(L51:AX51)/2 -> 0.0035818905
A52: =SUM(H52:CV52) -> 2.8109531e-06 | B52: =Primary!CV52 -> 1.4054766e-06 | C52: =(EXP($A$3*(F52-7))-1)/(EXP($A$3*(18-7))-1) -> 0.19197613 | D52: =1/(F52-6)*C52 -> 0.023997017 | E52: =1/(F52-6)*C52*B52 -> 3.3727245e-08 | F52: 14 | G52: C14-IP | L52: =+E52 -> 3.3727245e-08 | O52: =+E52*2 -> 6.745449e-08 | Q52: =+E52*2 -> 6.745449e-08 | V52: =+E52*2 -> 6.745449e-08 | Z52: =+E52*2 -> 6.745449e-08 | AE52: =+E52*2 -> 6.745449e-08 | AJ52: =+E52*2 -> 6.745449e-08 | AO52: =+E52*2 -> 6.745449e-08 | AT52: =+E52 -> 3.3727245e-08 | BF52: =(1-$C52)*$B52 -> 1.1356586e-06 | CV52: 1.1356586e-06 | CW52: C14-IP | CY52: =SUM(L52:AX52)/2 -> 2.6981796e-07
A53: =SUM(H53:CV53) -> 0.063519624 | B53: =Primary!CV53 -> 0.028463973 | C53: =(EXP($A$3*(F53-7))-1)/(EXP($A$3*(18-7))-1) -> 0.19197613 | D53: =1/(F53-6)*C53 -> 0.023997017 | E53: =1/(F53-6)*C53*B53 -> 0.00068305044 | F53: 14 | G53: C14 | L53: =+E53 -> 0.00068305044 | N53: =+E53*2 -> 0.0013661009 | Q53: =+E53*2 -> 0.0013661009 | V53: =+E53*2 -> 0.0013661009 | Z53: =+E53*2 -> 0.0013661009 | AE53: =+E53*2 -> 0.0013661009 | AJ53: =+E53*2 -> 0.0013661009 | AO53: =+E53*2 -> 0.0013661009 | AT53: =+E53 -> 0.00068305044 | BG53: =(1-$C53)*$B53 -> 0.022999569 | CV53: 0.029591248 | CW53: C14 | CY53: =SUM(L53:AX53)/2 -> 0.0054644035
A54: =SUM(H54:CV54) -> 1.5111048e-05 | B54: =Primary!CV54 -> 7.555524e-06 | C54: =(EXP($A$3*(F54-7))-1)/(EXP($A$3*(18-7))-1) -> 0.29250809 | D54: =1/(F54-6)*C54 -> 0.032500899 | E54: =1/(F54-6)*C54*B54 -> 2.4556133e-07 | F54: 15 | G54: C15-IP | L54: =+E54 -> 2.4556133e-07 | O54: =+E54*2 -> 4.9112265e-07 | Q54: =+E54*2 -> 4.9112265e-07 | V54: =+E54*2 -> 4.9112265e-07 | Z54: =+E54*2 -> 4.9112265e-07 | AE54: =+E54*2 -> 4.9112265e-07 | AJ54: =+E54*2 -> 4.9112265e-07 | AO54: =+E54*2 -> 4.9112265e-07 | AT54: =+E54*2 -> 4.9112265e-07 | AY54: =+E54 -> 2.4556133e-07 | BH54: =(1-$C54)*$B54 -> 5.3454721e-06 | CV54: 5.3454721e-06 | CW54: C15-IP | CY54: =SUM(L54:BC54)/2 -> 2.2100519e-06
A55: =SUM(H55:CV55) -> 0.054858887 | B55: =Primary!CV55 -> 0.025133702 | C55: =(EXP($A$3*(F55-7))-1)/(EXP($A$3*(18-7))-1) -> 0.29250809 | D55: =1/(F55-6)*C55 -> 0.032500899 | E55: =1/(F55-6)*C55*B55 -> 0.00081686792 | F55: 15 | G55: C15 | L55: =+E55 -> 0.00081686792 | N55: =+E55*2 -> 0.0016337358 | Q55: =+E55*2 -> 0.0016337358 | V55: =+E55*2 -> 0.0016337358 | Z55: =+E55*2 -> 0.0016337358 | AE55: =+E55*2 -> 0.0016337358 | AJ55: =+E55*2 -> 0.0016337358 | AO55: =+E55*2 -> 0.0016337358 | AT55: =+E55*2 -> 0.0016337358 | AY55: =+E55 -> 0.00081686792 | BI55: =(1-$C55)*$B55 -> 0.017781891 | CV55: 0.022373374 | CW55: C15 | CY55: =SUM(L55:BE55)/2 -> 0.0073518113
A56: =SUM(H56:CV56) -> 8.1057609e-05 | B56: =Primary!CV56 -> 4.0528805e-05 | C56: =(EXP($A$3*(F56-7))-1)/(EXP($A$3*(18-7))-1) -> 0.44248415 | D56: =1/(F56-6)*C56 -> 0.044248415 | E56: =1/(F56-6)*C56*B56 -> 1.7933354e-06 | F56: 16 | G56: C16-IP | L56: =+E56 -> 1.7933354e-06 | O56: =+E56*2 -> 3.5866708e-06 | Q56: =+E56*2 -> 3.5866708e-06 | V56: =+E56*2 -> 3.5866708e-06 | Z56: =+E56*2 -> 3.5866708e-06 | AE56: =+E56*2 -> 3.5866708e-06 | AJ56: =+E56*2 -> 3.5866708e-06 | AO56: =+E56*2 -> 3.5866708e-06 | AT56: =+E56*2 -> 3.5866708e-06 | AY56: =+E56*2 -> 3.5866708e-06 | BE56: =+E56 -> 1.7933354e-06 | BJ56: =(1-$C56)*$B56 -> 2.2595451e-05 | CV56: 2.2595451e-05 | CW56: C16-IP | CY56: =SUM(L56:BF56)/2 -> 1.7933354e-05
A57: =SUM(H57:CV57) -> 0.042668765 | B57: =Primary!CV57 -> 0.019881942 | C57: =(EXP($A$3*(F57-7))-1)/(EXP($A$3*(18-7))-1) -> 0.44248415 | D57: =1/(F57-6)*C57 -> 0.044248415 | E57: =1/(F57-6)*C57*B57 -> 0.00087974442 | F57: 16 | G57: C16 | L57: =+E57 -> 0.00087974442 | N57: =+E57*2 -> 0.0017594888 | Q57: =+E57*2 -> 0.0017594888 | V57: =+E57*2 -> 0.0017594888 | Z57: =+E57*2 -> 0.0017594888 | AE57: =+E57*2 -> 0.0017594888 | AJ57: =+E57*2 -> 0.0017594888 | AO57: =+E57*2 -> 0.0017594888 | AT57: =+E57*2 -> 0.0017594888 | AY57: =+E57*2 -> 0.0017594888 | BE57: =+E57 -> 0.00087974442 | BK57: =(1-$C57)*$B57 -> 0.011084498 | CV57: 0.013989379 | CW57: C16 | CY57: =SUM(L57:BF57)/2 -> 0.0087974442
A58: =SUM(H58:CV58) -> 4.1262023e-05 | B58: =Primary!CV58 -> 2.0631012e-05 | C58: =(EXP($A$3*(F58-7))-1)/(EXP($A$3*(18-7))-1) -> 0.66622214 | D58: =1/(F58-6)*C58 -> 0.060565649 | E58: =1/(F58-6)*C58*B58 -> 1.2495306e-06 | F58: 17 | G58: C17-IP | L58: =+E58 -> 1.2495306e-06 | O58: =+E58*2 -> 2.4990612e-06 | Q58: =+E58*2 -> 2.4990612e-06 | V58: =+E58*2 -> 2.4990612e-06 | Z58: =+E58*2 -> 2.4990612e-06 | AE58: =+E58*2 -> 2.4990612e-06 | AJ58: =+E58*2 -> 2.4990612e-06 | AO58: =+E58*2 -> 2.4990612e-06 | AT58: =+E58*2 -> 2.4990612e-06 | AY58: =+E58*2 -> 2.4990612e-06 | BE58: =+E58*2 -> 2.4990612e-06 | BG58: =+E58 -> 1.2495306e-06 | BL58: =(1-$C58)*$B58 -> 6.8861749e-06 | CV58: 6.8861749e-06 | CW58: C17-IP | CY58: =SUM(L58:BK58)/2 -> 1.3744837e-05
A59: =SUM(H59:CV59) -> 0.035090511 | B59: =Primary!CV59 -> 0.016682204 | C59: =(EXP($A$3*(F59-7))-1)/(EXP($A$3*(18-7))-1) -> 0.66622214 | D59: =1/(F59-6)*C59 -> 0.060565649 | E59: =1/(F59-6)*C59*B59 -> 0.0010103685 | F59: 17 | G59: C17 | L59: =+E59 -> 0.0010103685 | N59: =+E59*2 -> 0.002020737 | Q59: =+E59*2 -> 0.002020737 | V59: =+E59*2 -> 0.002020737 | Z59: =+E59*2 -> 0.002020737 | AE59: =+E59*2 -> 0.002020737 | AJ59: =+E59*2 -> 0.002020737 | AO59: =+E59*2 -> 0.002020737 | AT59: =+E59*2 -> 0.002020737 | AY59: =+E59*2 -> 0.002020737 | BE59: =+E59*2 -> 0.002020737 | BG59: =+E59 -> 0.0010103685 | BM59: =(1-$C59)*$B59 -> 0.0055681502 | CV59: 0.0072942537 | CW59: C17 | CY59: =SUM(L59:BL59)/2 -> 0.011114053
A60: =SUM(H60:CV60) -> 0.024656692 | B60: =Primary!CV60 -> 0.011862926 | C60: 1 | D60: =1/(F60-6)*C60 -> 0.083333333 | E60: =1/(F60-6)*C60*B60 -> 0.00098857713 | F60: 18 | G60: C18 | L60: =+E60 -> 0.00098857713 | N60: =+E60*2 -> 0.0019771543 | Q60: =+E60*2 -> 0.0019771543 | V60: =+E60*2 -> 0.0019771543 | Z60: =+E60*2 -> 0.0019771543 | AE60: =+E60*2 -> 0.0019771543 | AJ60: =+E60*2 -> 0.0019771543 | AO60: =+E60*2 -> 0.0019771543 | AT60: =+E60*2 -> 0.0019771543 | AY60: =+E60*2 -> 0.0019771543 | BE60: =+E60*2 -> 0.0019771543 | BG60: =+E60*2 -> 0.0019771543 | BI60: =+E60 -> 0.00098857713 | CV60: 0.00093084043 | CW60: C18 | CY60: =SUM(L60:BM60)/2 -> 0.011862926
B61: =Primary!CV61 -> 0.009074318 | C61: 1 | D61: =1/(F61-6)*C61 -> 0.076923077 | E61: =1/(F61-6)*C61*B61 -> 0.00069802446 | F61: 19 | G61: C19 | L61: =+E61 -> 0.00069802446 | N61: =+E61*2 -> 0.0013960489 | Q61: =+E61*2 -> 0.0013960489 | V61: =+E61*2 -> 0.0013960489 | Z61: =+E61*2 -> 0.0013960489 | AE61: =+E61*2 -> 0.0013960489 | AJ61: =+E61*2 -> 0.0013960489 | AO61: =+E61*2 -> 0.0013960489 | AT61: =+E61*2 -> 0.0013960489 | AY61: =+E61*2 -> 0.0013960489 | BE61: =+E61*2 -> 0.0013960489 | BG61: =+E61*2 -> 0.0013960489 | BI61: =+E61*2 -> 0.0013960489 | BK61: =+E61 -> 0.00069802446 | CV61: 0.00042906754 | CW61: C19 | CY61: =SUM(L61:BM61)/2 -> 0.009074318
B62: =Primary!CV62 -> 0.0067305526 | C62: 1 | D62: =1/(F62-6)*C62 -> 0.071428571 | E62: =1/(F62-6)*C62*B62 -> 0.00048075376 | F62: 20 | G62: C20 | L62: =+E62 -> 0.00048075376 | N62: =+E62*2 -> 0.00096150751 | Q62: =+E62*2 -> 0.00096150751 | V62: =+E62*2 -> 0.00096150751 | Z62: =+E62*2 -> 0.00096150751 | AE62: =+E62*2 -> 0.00096150751 | AJ62: =+E62*2 -> 0.00096150751 | AO62: =+E62*2 -> 0.00096150751 | AT62: =+E62*2 -> 0.00096150751 | AY62: =+E62*2 -> 0.00096150751 | BE62: =+E62*2 -> 0.00096150751 | BG62: =+E62*2 -> 0.00096150751 | BI62: =+E62*2 -> 0.00096150751 | BK62: =+E62*2 -> 0.00096150751 | BM62: =+E62 -> 0.00048075376 | CV62: 0.00014791037 | CW62: C20 | CY62: =SUM(L62:CS62)/2 -> 0.0067305526
B63: =Primary!CV63 -> 0.0047176403 | C63: 1 | D63: =1/(F63-6)*C63 -> 0.066666667 | E63: =1/(F63-6)*C63*B63 -> 0.00031450935 | F63: 21 | G63: C21 | L63: =+E63 -> 0.00031450935 | N63: =+E63*2 -> 0.00062901871 | Q63: =+E63*2 -> 0.00062901871 | V63: =+E63*2 -> 0.00062901871 | Z63: =+E63*2 -> 0.00062901871 | AE63: =+E63*2 -> 0.00062901871 | AJ63: =+E63*2 -> 0.00062901871 | AO63: =+E63*2 -> 0.00062901871 | AT63: =+E63*2 -> 0.00062901871 | AY63: =+E63*2 -> 0.00062901871 | BE63: =+E63*2 -> 0.00062901871 | BG63: =+E63*2 -> 0.00062901871 | BI63: =+E63*2 -> 0.00062901871 | BK63: =+E63*2 -> 0.00062901871 | BM63: =+E63*2 -> 0.00062901871 | BN63: =+E63 -> 0.00031450935 | CV63: 2.7008371e-05 | CW63: C21 | CY63: =SUM(L63:CS63)/2 -> 0.0047176403
B64: =Primary!CV64 -> 0.0029962166 | C64: 1 | D64: =1/(F64-6)*C64 -> 0.0625 | E64: =1/(F64-6)*C64*B64 -> 0.00018726354 | F64: 22 | G64: C22 | L64: =+E64 -> 0.00018726354 | N64: =+E64*2 -> 0.00037452707 | Q64: =+E64*2 -> 0.00037452707 | V64: =+E64*2 -> 0.00037452707 | Z64: =+E64*2 -> 0.00037452707 | AE64: =+E64*2 -> 0.00037452707 | AJ64: =+E64*2 -> 0.00037452707 | AO64: =+E64*2 -> 0.00037452707 | AT64: =+E64*2 -> 0.00037452707 | AY64: =+E64*2 -> 0.00037452707 | BE64: =+E64*2 -> 0.00037452707 | BG64: =+E64*2 -> 0.00037452707 | BI64: =+E64*2 -> 0.00037452707 | BK64: =+E64*2 -> 0.00037452707 | BM64: =+E64*2 -> 0.00037452707 | BN64: =+E64*2 -> 0.00037452707 | BO64: =+E64 -> 0.00018726354 | CV64: 0 | CW64: C22 | CY64: =SUM(L64:CS64)/2 -> 0.0029962166
B65: =Primary!CV65 -> 0.0015961917 | C65: 1 | D65: =1/(F65-6)*C65 -> 0.058823529 | E65: =1/(F65-6)*C65*B65 -> 9.3893632e-05 | F65: 23 | G65: C23 | L65: =+E65 -> 9.3893632e-05 | N65: =+E65*2 -> 0.00018778726 | Q65: =+E65*2 -> 0.00018778726 | V65: =+E65*2 -> 0.00018778726 | Z65: =+E65*2 -> 0.00018778726 | AE65: =+E65*2 -> 0.00018778726 | AJ65: =+E65*2 -> 0.00018778726 | AO65: =+E65*2 -> 0.00018778726 | AT65: =+E65*2 -> 0.00018778726 | AY65: =+E65*2 -> 0.00018778726 | BE65: =+E65*2 -> 0.00018778726 | BG65: =+E65*2 -> 0.00018778726 | BI65: =+E65*2 -> 0.00018778726 | BK65: =+E65*2 -> 0.00018778726 | BM65: =+E65*2 -> 0.00018778726 | BN65: =+E65*2 -> 0.00018778726 | BO65: =+E65*2 -> 0.00018778726 | BP65: =+E65 -> 9.3893632e-05 | CV65: 0 | CW65: C23 | CY65: =SUM(L65:CS65)/2 -> 0.0015961917
B66: =Primary!CV66 -> 0.00048615068 | C66: 1 | D66: =1/(F66-6)*C66 -> 0.055555556 | E66: =1/(F66-6)*C66*B66 -> 2.7008371e-05 | F66: 24 | G66: C24 | L66: =+E66 -> 2.7008371e-05 | N66: =+E66*2 -> 5.4016742e-05 | Q66: =+E66*2 -> 5.4016742e-05 | V66: =+E66*2 -> 5.4016742e-05 | Z66: =+E66*2 -> 5.4016742e-05 | AE66: =+E66*2 -> 5.4016742e-05 | AJ66: =+E66*2 -> 5.4016742e-05 | AO66: =+E66*2 -> 5.4016742e-05 | AT66: =+E66*2 -> 5.4016742e-05 | AY66: =+E66*2 -> 5.4016742e-05 | BE66: =+E66*2 -> 5.4016742e-05 | BG66: =+E66*2 -> 5.4016742e-05 | BI66: =+E66*2 -> 5.4016742e-05 | BK66: =+E66*2 -> 5.4016742e-05 | BM66: =+E66*2 -> 5.4016742e-05 | BN66: =+E66*2 -> 5.4016742e-05 | BO66: =+E66*2 -> 5.4016742e-05 | BP66: =+E66*2 -> 5.4016742e-05 | BQ66: =+E66 -> 2.7008371e-05 | CV66: 0 | CW66: C24 | CY66: =SUM(L66:CS66)/2 -> 0.00048615068
B67: =Primary!CV67 -> 0 | C67: 1 | D67: =1/(F67-6)*C67 -> 0.052631579 | E67: =1/(F67-6)*C67*B67 -> 0 | F67: 25 | G67: C25 | L67: =+E67 -> 0 | N67: =+E67*2 -> 0 | Q67: =+E67*2 -> 0 | V67: =+E67*2 -> 0 | Z67: =+E67*2 -> 0 | AE67: =+E67*2 -> 0 | AJ67: =+E67*2 -> 0 | AO67: =+E67*2 -> 0 | AT67: =+E67*2 -> 0 | AY67: =+E67*2 -> 0 | BE67: =+E67*2 -> 0 | BG67: =+E67*2 -> 0 | BI67: =+E67*2 -> 0 | BK67: =+E67*2 -> 0 | BM67: =+E67*2 -> 0 | BN67: =+E67*2 -> 0 | BO67: =+E67*2 -> 0 | BP67: =+E67*2 -> 0 | BQ67: =+E67*2 -> 0 | BR67: =+E67 -> 0 | CV67: 0 | CW67: C25 | CY67: =SUM(L67:CS67)/2 -> 0
B68: =Primary!CV68 -> 0 | C68: 1 | D68: =1/(F68-6)*C68 -> 0.05 | E68: =1/(F68-6)*C68*B68 -> 0 | F68: 26 | G68: C26 | L68: =+E68 -> 0 | N68: =+E68*2 -> 0 | Q68: =+E68*2 -> 0 | V68: =+E68*2 -> 0 | Z68: =+E68*2 -> 0 | AE68: =+E68*2 -> 0 | AJ68: =+E68*2 -> 0 | AO68: =+E68*2 -> 0 | AT68: =+E68*2 -> 0 | AY68: =+E68*2 -> 0 | BE68: =+E68*2 -> 0 | BG68: =+E68*2 -> 0 | BI68: =+E68*2 -> 0 | BK68: =+E68*2 -> 0 | BM68: =+E68*2 -> 0 | BN68: =+E68*2 -> 0 | BO68: =+E68*2 -> 0 | BP68: =+E68*2 -> 0 | BQ68: =+E68*2 -> 0 | BR68: =+E68*2 -> 0 | BS68: =+E68 -> 0 | CV68: 0 | CW68: C26 | CY68: =SUM(L68:CS68)/2 -> 0
B69: =Primary!CV69 -> 0 | C69: 1 | D69: =1/(F69-6)*C69 -> 0.047619048 | E69: =1/(F69-6)*C69*B69 -> 0 | F69: 27 | G69: C27 | L69: =+E69 -> 0 | N69: =+E69*2 -> 0 | Q69: =+E69*2 -> 0 | V69: =+E69*2 -> 0 | Z69: =+E69*2 -> 0 | AE69: =+E69*2 -> 0 | AJ69: =+E69*2 -> 0 | AO69: =+E69*2 -> 0 | AT69: =+E69*2 -> 0 | AY69: =+E69*2 -> 0 | BE69: =+E69*2 -> 0 | BG69: =+E69*2 -> 0 | BI69: =+E69*2 -> 0 | BK69: =+E69*2 -> 0 | BM69: =+E69*2 -> 0 | BN69: =+E69*2 -> 0 | BO69: =+E69*2 -> 0 | BP69: =+E69*2 -> 0 | BQ69: =+E69*2 -> 0 | BR69: =+E69*2 -> 0 | BS69: =+E69*2 -> 0 | BT69: =+E69 -> 0 | CV69: 0 | CW69: C27 | CY69: =SUM(L69:CS69)/2 -> 0
B70: =Primary!CV70 -> 0 | C70: 1 | D70: =1/(F70-6)*C70 -> 0.045454545 | E70: =1/(F70-6)*C70*B70 -> 0 | F70: 28 | G70: C28 | L70: =+E70 -> 0 | N70: =+E70*2 -> 0 | Q70: =+E70*2 -> 0 | V70: =+E70*2 -> 0 | Z70: =+E70*2 -> 0 | AE70: =+E70*2 -> 0 | AJ70: =+E70*2 -> 0 | AO70: =+E70*2 -> 0 | AT70: =+E70*2 -> 0 | AY70: =+E70*2 -> 0 | BE70: =+E70*2 -> 0 | BG70: =+E70*2 -> 0 | BI70: =+E70*2 -> 0 | BK70: =+E70*2 -> 0 | BM70: =+E70*2 -> 0 | BN70: =+E70*2 -> 0 | BO70: =+E70*2 -> 0 | BP70: =+E70*2 -> 0 | BQ70: =+E70*2 -> 0 | BR70: =+E70*2 -> 0 | BS70: =+E70*2 -> 0 | BT70: =+E70*2 -> 0 | BU70: =+E70 -> 0 | CV70: 0 | CW70: C28 | CY70: =SUM(L70:CS70)/2 -> 0
B71: =Primary!CV71 -> 0 | C71: 1 | D71: =1/(F71-6)*C71 -> 0.043478261 | E71: =1/(F71-6)*C71*B71 -> 0 | F71: 29 | G71: C29 | L71: =+E71 -> 0 | N71: =+E71*2 -> 0 | Q71: =+E71*2 -> 0 | V71: =+E71*2 -> 0 | Z71: =+E71*2 -> 0 | AE71: =+E71*2 -> 0 | AJ71: =+E71*2 -> 0 | AO71: =+E71*2 -> 0 | AT71: =+E71*2 -> 0 | AY71: =+E71*2 -> 0 | BE71: =+E71*2 -> 0 | BG71: =+E71*2 -> 0 | BI71: =+E71*2 -> 0 | BK71: =+E71*2 -> 0 | BM71: =+E71*2 -> 0 | BN71: =+E71*2 -> 0 | BO71: =+E71*2 -> 0 | BP71: =+E71*2 -> 0 | BQ71: =+E71*2 -> 0 | BR71: =+E71*2 -> 0 | BS71: =+E71*2 -> 0 | BT71: =+E71*2 -> 0 | BU71: =+E71 -> 0 | BV71: =+BU71/2 -> 0 | CV71: 0 | CW71: C29 | CY71: =SUM(L71:CS71)/2 -> 0
B72: =Primary!CV72 -> 0 | C72: 1 | D72: =1/(F72-6)*C72 -> 0.041666667 | E72: =1/(F72-6)*C72*B72 -> 0 | F72: 30 | G72: C30 | L72: =+E72 -> 0 | N72: =+E72*2 -> 0 | Q72: =+E72*2 -> 0 | V72: =+E72*2 -> 0 | Z72: =+E72*2 -> 0 | AE72: =+E72*2 -> 0 | AJ72: =+E72*2 -> 0 | AO72: =+E72*2 -> 0 | AT72: =+E72*2 -> 0 | AY72: =+E72*2 -> 0 | BE72: =+E72*2 -> 0 | BG72: =+E72*2 -> 0 | BI72: =+E72*2 -> 0 | BK72: =+E72*2 -> 0 | BM72: =+E72*2 -> 0 | BN72: =+E72*2 -> 0 | BO72: =+E72*2 -> 0 | BP72: =+E72*2 -> 0 | BQ72: =+E72*2 -> 0 | BR72: =+E72*2 -> 0 | BS72: =+E72*2 -> 0 | BT72: =+E72*2 -> 0 | BU72: =+E72 -> 0 | BV72: =+BU72 -> 0 | BW72: =+BV72/2 -> 0 | CV72: 0 | CW72: C30 | CY72: =SUM(L72:CS72)/2 -> 0
B73: =Primary!CV73 -> 0 | C73: 1 | D73: =1/(F73-6)*C73 -> 0.04 | E73: =1/(F73-6)*C73*B73 -> 0 | F73: 31 | G73: C31 | L73: =+E73 -> 0 | N73: =+E73*2 -> 0 | Q73: =+E73*2 -> 0 | V73: =+E73*2 -> 0 | Z73: =+E73*2 -> 0 | AE73: =+E73*2 -> 0 | AJ73: =+E73*2 -> 0 | AO73: =+E73*2 -> 0 | AT73: =+E73*2 -> 0 | AY73: =+E73*2 -> 0 | BE73: =+E73*2 -> 0 | BG73: =+E73*2 -> 0 | BI73: =+E73*2 -> 0 | BK73: =+E73*2 -> 0 | BM73: =+E73*2 -> 0 | BN73: =+E73*2 -> 0 | BO73: =+E73*2 -> 0 | BP73: =+E73*2 -> 0 | BQ73: =+E73*2 -> 0 | BR73: =+E73*2 -> 0 | BS73: =+E73*2 -> 0 | BT73: =+E73*2 -> 0 | BU73: =+E73 -> 0 | BV73: =+BU73 -> 0 | BW73: =+BV73 -> 0 | BX73: =+BW73/2 -> 0 | CV73: 0 | CW73: C31 | CY73: =SUM(L73:CS73)/2 -> 0
B74: =Primary!CV74 -> 0 | C74: 1 | D74: =1/(F74-6)*C74 -> 0.038461538 | E74: =1/(F74-6)*C74*B74 -> 0 | F74: 32 | G74: C32 | L74: =+E74 -> 0 | N74: =+E74*2 -> 0 | Q74: =+E74*2 -> 0 | V74: =+E74*2 -> 0 | Z74: =+E74*2 -> 0 | AE74: =+E74*2 -> 0 | AJ74: =+E74*2 -> 0 | AO74: =+E74*2 -> 0 | AT74: =+E74*2 -> 0 | AY74: =+E74*2 -> 0 | BE74: =+E74*2 -> 0 | BG74: =+E74*2 -> 0 | BI74: =+E74*2 -> 0 | BK74: =+E74*2 -> 0 | BM74: =+E74*2 -> 0 | BN74: =+E74*2 -> 0 | BO74: =+E74*2 -> 0 | BP74: =+E74*2 -> 0 | BQ74: =+E74*2 -> 0 | BR74: =+E74*2 -> 0 | BS74: =+E74*2 -> 0 | BT74: =+E74*2 -> 0 | BU74: =+E74 -> 0 | BV74: =+BU74 -> 0 | BW74: =+BV74 -> 0 | BX74: =+BW74 -> 0 | BY74: =+BX74/2 -> 0 | CV74: 0 | CW74: C32 | CY74: =SUM(L74:CS74)/2 -> 0
B75: =Primary!CV75 -> 0 | C75: 1 | D75: =1/(F75-6)*C75 -> 0.037037037 | E75: =1/(F75-6)*C75*B75 -> 0 | F75: 33 | G75: C33 | L75: =+E75 -> 0 | N75: =+E75*2 -> 0 | Q75: =+E75*2 -> 0 | V75: =+E75*2 -> 0 | Z75: =+E75*2 -> 0 | AE75: =+E75*2 -> 0 | AJ75: =+E75*2 -> 0 | AO75: =+E75*2 -> 0 | AT75: =+E75*2 -> 0 | AY75: =+E75*2 -> 0 | BE75: =+E75*2 -> 0 | BG75: =+E75*2 -> 0 | BI75: =+E75*2 -> 0 | BK75: =+E75*2 -> 0 | BM75: =+E75*2 -> 0 | BN75: =+E75*2 -> 0 | BO75: =+E75*2 -> 0 | BP75: =+E75*2 -> 0 | BQ75: =+E75*2 -> 0 | BR75: =+E75*2 -> 0 | BS75: =+E75*2 -> 0 | BT75: =+E75*2 -> 0 | BU75: =+E75 -> 0 | BV75: =+BU75 -> 0 | BW75: =+BV75 -> 0 | BX75: =+BW75 -> 0 | BY75: =+BX75 -> 0 | BZ75: =+BY75/2 -> 0 | CV75: 0 | CW75: C33 | CY75: =SUM(L75:CS75)/2 -> 0
B76: =Primary!CV76 -> 0 | C76: 1 | D76: =1/(F76-6)*C76 -> 0.035714286 | E76: =1/(F76-6)*C76*B76 -> 0 | F76: 34 | G76: C34 | L76: =+E76 -> 0 | N76: =+E76*2 -> 0 | Q76: =+E76*2 -> 0 | V76: =+E76*2 -> 0 | Z76: =+E76*2 -> 0 | AE76: =+E76*2 -> 0 | AJ76: =+E76*2 -> 0 | AO76: =+E76*2 -> 0 | AT76: =+E76*2 -> 0 | AY76: =+E76*2 -> 0 | BE76: =+E76*2 -> 0 | BG76: =+E76*2 -> 0 | BI76: =+E76*2 -> 0 | BK76: =+E76*2 -> 0 | BM76: =+E76*2 -> 0 | BN76: =+E76*2 -> 0 | BO76: =+E76*2 -> 0 | BP76: =+E76*2 -> 0 | BQ76: =+E76*2 -> 0 | BR76: =+E76*2 -> 0 | BS76: =+E76*2 -> 0 | BT76: =+E76*2 -> 0 | BU76: =+E76 -> 0 | BV76: =+BU76 -> 0 | BW76: =+BV76 -> 0 | BX76: =+BW76 -> 0 | BY76: =+BX76 -> 0 | BZ76: =+BY76 -> 0 | CA76: =+BZ76/2 -> 0 | CV76: 0 | CW76: C34 | CY76: =SUM(L76:CS76)/2 -> 0
B77: =Primary!CV77 -> 0 | C77: 1 | D77: =1/(F77-6)*C77 -> 0.034482759 | E77: =1/(F77-6)*C77*B77 -> 0 | F77: 35 | G77: C35 | L77: =+E77 -> 0 | N77: =+E77*2 -> 0 | Q77: =+E77*2 -> 0 | V77: =+E77*2 -> 0 | Z77: =+E77*2 -> 0 | AE77: =+E77*2 -> 0 | AJ77: =+E77*2 -> 0 | AO77: =+E77*2 -> 0 | AT77: =+E77*2 -> 0 | AY77: =+E77*2 -> 0 | BE77: =+E77*2 -> 0 | BG77: =+E77*2 -> 0 | BI77: =+E77*2 -> 0 | BK77: =+E77*2 -> 0 | BM77: =+E77*2 -> 0 | BN77: =+E77*2 -> 0 | BO77: =+E77*2 -> 0 | BP77: =+E77*2 -> 0 | BQ77: =+E77*2 -> 0 | BR77: =+E77*2 -> 0 | BS77: =+E77*2 -> 0 | BT77: =+E77*2 -> 0 | BU77: =+E77 -> 0 | BV77: =+BU77 -> 0 | BW77: =+BV77 -> 0 | BX77: =+BW77 -> 0 | BY77: =+BX77 -> 0 | BZ77: =+BY77 -> 0 | CA77: =+BZ77 -> 0 | CB77: =+CA77/2 -> 0 | CV77: 0 | CW77: C35 | CY77: =SUM(L77:CS77)/2 -> 0
B78: =Primary!CV78 -> 0 | C78: 1 | D78: =1/(F78-6)*C78 -> 0.033333333 | E78: =1/(F78-6)*C78*B78 -> 0 | F78: 36 | G78: C36 | L78: =+E78 -> 0 | N78: =+E78*2 -> 0 | Q78: =+E78*2 -> 0 | V78: =+E78*2 -> 0 | Z78: =+E78*2 -> 0 | AE78: =+E78*2 -> 0 | AJ78: =+E78*2 -> 0 | AO78: =+E78*2 -> 0 | AT78: =+E78*2 -> 0 | AY78: =+E78*2 -> 0 | BE78: =+E78*2 -> 0 | BG78: =+E78*2 -> 0 | BI78: =+E78*2 -> 0 | BK78: =+E78*2 -> 0 | BM78: =+E78*2 -> 0 | BN78: =+E78*2 -> 0 | BO78: =+E78*2 -> 0 | BP78: =+E78*2 -> 0 | BQ78: =+E78*2 -> 0 | BR78: =+E78*2 -> 0 | BS78: =+E78*2 -> 0 | BT78: =+E78*2 -> 0 | BU78: =+E78 -> 0 | BV78: =+BU78 -> 0 | BW78: =+BV78 -> 0 | BX78: =+BW78 -> 0 | BY78: =+BX78 -> 0 | BZ78: =+BY78 -> 0 | CA78: =+BZ78 -> 0 | CB78: =+CA78 -> 0 | CC78: =+CB78/2 -> 0 | CV78: 0 | CW78: C36 | CY78: =SUM(L78:CS78)/2 -> 0
B79: =Primary!CV79 -> 0 | C79: 1 | D79: =1/(F79-6)*C79 -> 0.032258065 | E79: =1/(F79-6)*C79*B79 -> 0 | F79: 37 | G79: C37 | L79: =+E79 -> 0 | N79: =+E79*2 -> 0 | Q79: =+E79*2 -> 0 | V79: =+E79*2 -> 0 | Z79: =+E79*2 -> 0 | AE79: =+E79*2 -> 0 | AJ79: =+E79*2 -> 0 | AO79: =+E79*2 -> 0 | AT79: =+E79*2 -> 0 | AY79: =+E79*2 -> 0 | BE79: =+E79*2 -> 0 | BG79: =+E79*2 -> 0 | BI79: =+E79*2 -> 0 | BK79: =+E79*2 -> 0 | BM79: =+E79*2 -> 0 | BN79: =+E79*2 -> 0 | BO79: =+E79*2 -> 0 | BP79: =+E79*2 -> 0 | BQ79: =+E79*2 -> 0 | BR79: =+E79*2 -> 0 | BS79: =+E79*2 -> 0 | BT79: =+E79*2 -> 0 | BU79: =+E79 -> 0 | BV79: =+BU79 -> 0 | BW79: =+BV79 -> 0 | BX79: =+BW79 -> 0 | BY79: =+BX79 -> 0 | BZ79: =+BY79 -> 0 | CA79: =+BZ79 -> 0 | CB79: =+CA79 -> 0 | CC79: =+CB79 -> 0 | CD79: =+CC79/2 -> 0 | CV79: 0 | CW79: C37 | CY79: =SUM(L79:CS79)/2 -> 0
B80: =Primary!CV80 -> 0 | C80: 1 | D80: =1/(F80-6)*C80 -> 0.03125 | E80: =1/(F80-6)*C80*B80 -> 0 | F80: 38 | G80: C38 | L80: =+E80 -> 0 | N80: =+E80*2 -> 0 | Q80: =+E80*2 -> 0 | V80: =+E80*2 -> 0 | Z80: =+E80*2 -> 0 | AE80: =+E80*2 -> 0 | AJ80: =+E80*2 -> 0 | AO80: =+E80*2 -> 0 | AT80: =+E80*2 -> 0 | AY80: =+E80*2 -> 0 | BE80: =+E80*2 -> 0 | BG80: =+E80*2 -> 0 | BI80: =+E80*2 -> 0 | BK80: =+E80*2 -> 0 | BM80: =+E80*2 -> 0 | BN80: =+E80*2 -> 0 | BO80: =+E80*2 -> 0 | BP80: =+E80*2 -> 0 | BQ80: =+E80*2 -> 0 | BR80: =+E80*2 -> 0 | BS80: =+E80*2 -> 0 | BT80: =+E80*2 -> 0 | BU80: =+E80 -> 0 | BV80: =+BU80 -> 0 | BW80: =+BV80 -> 0 | BX80: =+BW80 -> 0 | BY80: =+BX80 -> 0 | BZ80: =+BY80 -> 0 | CA80: =+BZ80 -> 0 | CB80: =+CA80 -> 0 | CC80: =+CB80 -> 0 | CD80: =+CC80 -> 0 | CE80: =+CD80/2 -> 0 | CV80: 0 | CW80: C38 | CY80: =SUM(L80:CS80)/2 -> 0
B81: =Primary!CV81 -> 0 | C81: 1 | D81: =1/(F81-6)*C81 -> 0.03030303 | E81: =1/(F81-6)*C81*B81 -> 0 | F81: 39 | G81: C39 | L81: =+E81 -> 0 | N81: =+E81*2 -> 0 | Q81: =+E81*2 -> 0 | V81: =+E81*2 -> 0 | Z81: =+E81*2 -> 0 | AE81: =+E81*2 -> 0 | AJ81: =+E81*2 -> 0 | AO81: =+E81*2 -> 0 | AT81: =+E81*2 -> 0 | AY81: =+E81*2 -> 0 | BE81: =+E81*2 -> 0 | BG81: =+E81*2 -> 0 | BI81: =+E81*2 -> 0 | BK81: =+E81*2 -> 0 | BM81: =+E81*2 -> 0 | BN81: =+E81*2 -> 0 | BO81: =+E81*2 -> 0 | BP81: =+E81*2 -> 0 | BQ81: =+E81*2 -> 0 | BR81: =+E81*2 -> 0 | BS81: =+E81*2 -> 0 | BT81: =+E81*2 -> 0 | BU81: =+E81 -> 0 | BV81: =+BU81 -> 0 | BW81: =+BV81 -> 0 | BX81: =+BW81 -> 0 | BY81: =+BX81 -> 0 | BZ81: =+BY81 -> 0 | CA81: =+BZ81 -> 0 | CB81: =+CA81 -> 0 | CC81: =+CB81 -> 0 | ... CE81: =+CD81 -> 0 | CF81: =+CE81/2 -> 0 | CV81: 0 | CW81: C39 | CY81: =SUM(L81:CS81)/2 -> 0
B82: =Primary!CV82 -> 0 | C82: 1 | D82: =1/(F82-6)*C82 -> 0.029411765 | E82: =1/(F82-6)*C82*B82 -> 0 | F82: 40 | G82: C40 | L82: =+E82 -> 0 | N82: =+E82*2 -> 0 | Q82: =+E82*2 -> 0 | V82: =+E82*2 -> 0 | Z82: =+E82*2 -> 0 | AE82: =+E82*2 -> 0 | AJ82: =+E82*2 -> 0 | AO82: =+E82*2 -> 0 | AT82: =+E82*2 -> 0 | AY82: =+E82*2 -> 0 | BE82: =+E82*2 -> 0 | BG82: =+E82*2 -> 0 | BI82: =+E82*2 -> 0 | BK82: =+E82*2 -> 0 | BM82: =+E82*2 -> 0 | BN82: =+E82*2 -> 0 | BO82: =+E82*2 -> 0 | BP82: =+E82*2 -> 0 | BQ82: =+E82*2 -> 0 | BR82: =+E82*2 -> 0 | BS82: =+E82*2 -> 0 | BT82: =+E82*2 -> 0 | BU82: =+E82 -> 0 | BV82: =+BU82 -> 0 | BW82: =+BV82 -> 0 | BX82: =+BW82 -> 0 | BY82: =+BX82 -> 0 | BZ82: =+BY82 -> 0 | CA82: =+BZ82 -> 0 | CB82: =+CA82 -> 0 | CC82: =+CB82 -> 0 | ... CF82: =+CE82 -> 0 | CG82: =+CF82/2 -> 0 | CV82: 0 | CW82: C40 | CY82: =SUM(L82:CS82)/2 -> 0
B83: =Primary!CV83 -> 0 | C83: 1 | D83: =1/(F83-6)*C83 -> 0.028571429 | E83: =1/(F83-6)*C83*B83 -> 0 | F83: 41 | G83: C41 | L83: =+E83 -> 0 | N83: =+E83*2 -> 0 | Q83: =+E83*2 -> 0 | V83: =+E83*2 -> 0 | Z83: =+E83*2 -> 0 | AE83: =+E83*2 -> 0 | AJ83: =+E83*2 -> 0 | AO83: =+E83*2 -> 0 | AT83: =+E83*2 -> 0 | AY83: =+E83*2 -> 0 | BE83: =+E83*2 -> 0 | BG83: =+E83*2 -> 0 | BI83: =+E83*2 -> 0 | BK83: =+E83*2 -> 0 | BM83: =+E83*2 -> 0 | BN83: =+E83*2 -> 0 | BO83: =+E83*2 -> 0 | BP83: =+E83*2 -> 0 | BQ83: =+E83*2 -> 0 | BR83: =+E83*2 -> 0 | BS83: =+E83*2 -> 0 | BT83: =+E83*2 -> 0 | BU83: =+E83 -> 0 | BV83: =+BU83 -> 0 | BW83: =+BV83 -> 0 | BX83: =+BW83 -> 0 | BY83: =+BX83 -> 0 | BZ83: =+BY83 -> 0 | CA83: =+BZ83 -> 0 | CB83: =+CA83 -> 0 | CC83: =+CB83 -> 0 | ... CG83: =+CF83 -> 0 | CH83: =+CG83/2 -> 0 | CV83: 0 | CW83: C41 | CY83: =SUM(L83:CS83)/2 -> 0
B84: =Primary!CV84 -> 0 | C84: 1 | D84: =1/(F84-6)*C84 -> 0.027777778 | E84: =1/(F84-6)*C84*B84 -> 0 | F84: 42 | G84: C42 | L84: =+E84 -> 0 | N84: =+E84*2 -> 0 | Q84: =+E84*2 -> 0 | V84: =+E84*2 -> 0 | Z84: =+E84*2 -> 0 | AE84: =+E84*2 -> 0 | AJ84: =+E84*2 -> 0 | AO84: =+E84*2 -> 0 | AT84: =+E84*2 -> 0 | AY84: =+E84*2 -> 0 | BE84: =+E84*2 -> 0 | BG84: =+E84*2 -> 0 | BI84: =+E84*2 -> 0 | BK84: =+E84*2 -> 0 | BM84: =+E84*2 -> 0 | BN84: =+E84*2 -> 0 | BO84: =+E84*2 -> 0 | BP84: =+E84*2 -> 0 | BQ84: =+E84*2 -> 0 | BR84: =+E84*2 -> 0 | BS84: =+E84*2 -> 0 | BT84: =+E84*2 -> 0 | BU84: =+E84 -> 0 | BV84: =+BU84 -> 0 | BW84: =+BV84 -> 0 | BX84: =+BW84 -> 0 | BY84: =+BX84 -> 0 | BZ84: =+BY84 -> 0 | CA84: =+BZ84 -> 0 | CB84: =+CA84 -> 0 | CC84: =+CB84 -> 0 | ... CH84: =+CG84 -> 0 | CI84: =+CH84/2 -> 0 | CV84: 0 | CW84: C42 | CY84: =SUM(L84:CS84)/2 -> 0
B85: =Primary!CV85 -> 0 | C85: 1 | D85: =1/(F85-6)*C85 -> 0.027027027 | E85: =1/(F85-6)*C85*B85 -> 0 | F85: 43 | G85: C43 | L85: =+E85 -> 0 | N85: =+E85*2 -> 0 | Q85: =+E85*2 -> 0 | V85: =+E85*2 -> 0 | Z85: =+E85*2 -> 0 | AE85: =+E85*2 -> 0 | AJ85: =+E85*2 -> 0 | AO85: =+E85*2 -> 0 | AT85: =+E85*2 -> 0 | AY85: =+E85*2 -> 0 | BE85: =+E85*2 -> 0 | BG85: =+E85*2 -> 0 | BI85: =+E85*2 -> 0 | BK85: =+E85*2 -> 0 | BM85: =+E85*2 -> 0 | BN85: =+E85*2 -> 0 | BO85: =+E85*2 -> 0 | BP85: =+E85*2 -> 0 | BQ85: =+E85*2 -> 0 | BR85: =+E85*2 -> 0 | BS85: =+E85*2 -> 0 | BT85: =+E85*2 -> 0 | BU85: =+E85 -> 0 | BV85: =+BU85 -> 0 | BW85: =+BV85 -> 0 | BX85: =+BW85 -> 0 | BY85: =+BX85 -> 0 | BZ85: =+BY85 -> 0 | CA85: =+BZ85 -> 0 | CB85: =+CA85 -> 0 | CC85: =+CB85 -> 0 | ... CI85: =+CH85 -> 0 | CJ85: =+CI85/2 -> 0 | CV85: 0 | CW85: C43 | CY85: =SUM(L85:CS85)/2 -> 0
B86: =Primary!CV86 -> 0 | C86: 1 | D86: =1/(F86-6)*C86 -> 0.026315789 | E86: =1/(F86-6)*C86*B86 -> 0 | F86: 44 | G86: C44 | L86: =+E86 -> 0 | N86: =+E86*2 -> 0 | Q86: =+E86*2 -> 0 | V86: =+E86*2 -> 0 | Z86: =+E86*2 -> 0 | AE86: =+E86*2 -> 0 | AJ86: =+E86*2 -> 0 | AO86: =+E86*2 -> 0 | AT86: =+E86*2 -> 0 | AY86: =+E86*2 -> 0 | BE86: =+E86*2 -> 0 | BG86: =+E86*2 -> 0 | BI86: =+E86*2 -> 0 | BK86: =+E86*2 -> 0 | BM86: =+E86*2 -> 0 | BN86: =+E86*2 -> 0 | BO86: =+E86*2 -> 0 | BP86: =+E86*2 -> 0 | BQ86: =+E86*2 -> 0 | BR86: =+E86*2 -> 0 | BS86: =+E86*2 -> 0 | BT86: =+E86*2 -> 0 | BU86: =+E86 -> 0 | BV86: =+BU86 -> 0 | BW86: =+BV86 -> 0 | BX86: =+BW86 -> 0 | BY86: =+BX86 -> 0 | BZ86: =+BY86 -> 0 | CA86: =+BZ86 -> 0 | CB86: =+CA86 -> 0 | CC86: =+CB86 -> 0 | ... CJ86: =+CI86 -> 0 | CK86: =+CJ86/2 -> 0 | CV86: 0 | CW86: C44 | CY86: =SUM(L86:CS86)/2 -> 0
B87: =Primary!CV87 -> 0 | C87: 1 | D87: =1/(F87-6)*C87 -> 0.025641026 | E87: =1/(F87-6)*C87*B87 -> 0 | F87: 45 | G87: C45 | L87: =+E87 -> 0 | N87: =+E87*2 -> 0 | Q87: =+E87*2 -> 0 | V87: =+E87*2 -> 0 | Z87: =+E87*2 -> 0 | AE87: =+E87*2 -> 0 | AJ87: =+E87*2 -> 0 | AO87: =+E87*2 -> 0 | AT87: =+E87*2 -> 0 | AY87: =+E87*2 -> 0 | BE87: =+E87*2 -> 0 | BG87: =+E87*2 -> 0 | BI87: =+E87*2 -> 0 | BK87: =+E87*2 -> 0 | BM87: =+E87*2 -> 0 | BN87: =+E87*2 -> 0 | BO87: =+E87*2 -> 0 | BP87: =+E87*2 -> 0 | BQ87: =+E87*2 -> 0 | BR87: =+E87*2 -> 0 | BS87: =+E87*2 -> 0 | BT87: =+E87*2 -> 0 | BU87: =+E87 -> 0 | BV87: =+BU87 -> 0 | BW87: =+BV87 -> 0 | BX87: =+BW87 -> 0 | BY87: =+BX87 -> 0 | BZ87: =+BY87 -> 0 | CA87: =+BZ87 -> 0 | CB87: =+CA87 -> 0 | CC87: =+CB87 -> 0 | ... CK87: =+CJ87 -> 0 | CL87: =+CK87/2 -> 0 | CV87: 0 | CW87: C45 | CY87: =SUM(L87:CS87)/2 -> 0
B88: =Primary!CV88 -> 0 | C88: 1 | D88: =1/(F88-6)*C88 -> 0.025 | E88: =1/(F88-6)*C88*B88 -> 0 | F88: 46 | G88: C46 | L88: =+E88 -> 0 | N88: =+E88*2 -> 0 | Q88: =+E88*2 -> 0 | V88: =+E88*2 -> 0 | Z88: =+E88*2 -> 0 | AE88: =+E88*2 -> 0 | AJ88: =+E88*2 -> 0 | AO88: =+E88*2 -> 0 | AT88: =+E88*2 -> 0 | AY88: =+E88*2 -> 0 | BE88: =+E88*2 -> 0 | BG88: =+E88*2 -> 0 | BI88: =+E88*2 -> 0 | BK88: =+E88*2 -> 0 | BM88: =+E88*2 -> 0 | BN88: =+E88*2 -> 0 | BO88: =+E88*2 -> 0 | BP88: =+E88*2 -> 0 | BQ88: =+E88*2 -> 0 | BR88: =+E88*2 -> 0 | BS88: =+E88*2 -> 0 | BT88: =+E88*2 -> 0 | BU88: =+E88 -> 0 | BV88: =+BU88 -> 0 | BW88: =+BV88 -> 0 | BX88: =+BW88 -> 0 | BY88: =+BX88 -> 0 | BZ88: =+BY88 -> 0 | CA88: =+BZ88 -> 0 | CB88: =+CA88 -> 0 | CC88: =+CB88 -> 0 | ... CM88: =+CL88 -> 0 | CV88: 0 | CW88: C46 | CY88: =SUM(L88:CS88)/2 -> 0
B89: =Primary!CV89 -> 0 | C89: 1 | D89: =1/(F89-6)*C89 -> 0.023809524 | E89: =1/(F89-6)*C89*B89 -> 0 | F89: 48 | G89: C48 | L89: =+E89 -> 0 | N89: =+E89*2 -> 0 | Q89: =+E89*2 -> 0 | V89: =+E89*2 -> 0 | Z89: =+E89*2 -> 0 | AE89: =+E89*2 -> 0 | AJ89: =+E89*2 -> 0 | AO89: =+E89*2 -> 0 | AT89: =+E89*2 -> 0 | AY89: =+E89*2 -> 0 | BE89: =+E89*2 -> 0 | BG89: =+E89*2 -> 0 | BI89: =+E89*2 -> 0 | BK89: =+E89*2 -> 0 | BM89: =+E89*2 -> 0 | BN89: =+E89*2 -> 0 | BO89: =+E89*2 -> 0 | BP89: =+E89*2 -> 0 | BQ89: =+E89*2 -> 0 | BR89: =+E89*2 -> 0 | BS89: =+E89*2 -> 0 | BT89: =+E89*2 -> 0 | BU89: =+E89 -> 0 | BV89: =+BU89 -> 0 | BW89: =+BV89 -> 0 | BX89: =+BW89 -> 0 | BY89: =+BX89 -> 0 | BZ89: =+BY89 -> 0 | CA89: =+BZ89 -> 0 | CB89: =+CA89 -> 0 | CC89: =+CB89 -> 0 | ... CO89: =+CN89 -> 0 | CV89: 0 | CW89: C48 | CY89: =SUM(L89:CS89)/2 -> 0
B90: =Primary!CV90 -> 0 | C90: 1 | D90: =1/(F90-6)*C90 -> 0.022727273 | E90: =1/(F90-6)*C90*B90 -> 0 | F90: 50 | G90: C50 | L90: =+E90 -> 0 | N90: =+E90*2 -> 0 | Q90: =+E90*2 -> 0 | V90: =+E90*2 -> 0 | Z90: =+E90*2 -> 0 | AE90: =+E90*2 -> 0 | AJ90: =+E90*2 -> 0 | AO90: =+E90*2 -> 0 | AT90: =+E90*2 -> 0 | AY90: =+E90*2 -> 0 | BE90: =+E90*2 -> 0 | BG90: =+E90*2 -> 0 | BI90: =+E90*2 -> 0 | BK90: =+E90*2 -> 0 | BM90: =+E90*2 -> 0 | BN90: =+E90*2 -> 0 | BO90: =+E90*2 -> 0 | BP90: =+E90*2 -> 0 | BQ90: =+E90*2 -> 0 | BR90: =+E90*2 -> 0 | BS90: =+E90*2 -> 0 | BT90: =+E90*2 -> 0 | BU90: =+E90 -> 0 | BV90: =+BU90 -> 0 | BW90: =+BV90 -> 0 | BX90: =+BW90 -> 0 | BY90: =+BX90 -> 0 | BZ90: =+BY90 -> 0 | CA90: =+BZ90 -> 0 | CB90: =+CA90 -> 0 | CC90: =+CB90 -> 0 | ... CP90: =+CO90 -> 0 | CQ90: =+CO90 -> 0 | CV90: 0 | CW90: C50 | CY90: =SUM(L90:CS90)/2 -> 0
B91: =Primary!CV91 -> 0 | C91: 1 | D91: =1/(F91-6)*C91 -> 0.022222222 | E91: =1/(F91-6)*C91*B91 -> 0 | F91: 51 | G91: C51 | L91: =+E91 -> 0 | N91: =+E91*2 -> 0 | Q91: =+E91*2 -> 0 | V91: =+E91*2 -> 0 | Z91: =+E91*2 -> 0 | AE91: =+E91*2 -> 0 | AJ91: =+E91*2 -> 0 | AO91: =+E91*2 -> 0 | AT91: =+E91*2 -> 0 | AY91: =+E91*2 -> 0 | BE91: =+E91*2 -> 0 | BG91: =+E91*2 -> 0 | BI91: =+E91*2 -> 0 | BK91: =+E91*2 -> 0 | BM91: =+E91*2 -> 0 | BN91: =+E91*2 -> 0 | BO91: =+E91*2 -> 0 | BP91: =+E91*2 -> 0 | BQ91: =+E91*2 -> 0 | BR91: =+E91*2 -> 0 | BS91: =+E91*2 -> 0 | BT91: =+E91*2 -> 0 | BU91: =+E91 -> 0 | BV91: =+BU91 -> 0 | BW91: =+BV91 -> 0 | BX91: =+BW91 -> 0 | BY91: =+BX91 -> 0 | BZ91: =+BY91 -> 0 | CA91: =+BZ91 -> 0 | CB91: =+CA91 -> 0 | CC91: =+CB91 -> 0 | ... CO91: =+CN91 -> 0 | CP91: =+CO91*2 -> 0 | CQ91: =+CO91 -> 0 | CV91: 0 | CW91: C51 | CY91: =SUM(L91:CS91)/2 -> 0
B92: =Primary!CV92 -> 0 | C92: 1 | D92: =1/(F92-6)*C92 -> 0.02173913 | E92: =1/(F92-6)*C92*B92 -> 0 | F92: 52 | G92: C52 | L92: =+E92 -> 0 | N92: =+E92*2 -> 0 | Q92: =+E92*2 -> 0 | V92: =+E92*2 -> 0 | Z92: =+E92*2 -> 0 | AE92: =+E92*2 -> 0 | AJ92: =+E92*2 -> 0 | AO92: =+E92*2 -> 0 | AT92: =+E92*2 -> 0 | AY92: =+E92*2 -> 0 | BE92: =+E92*2 -> 0 | BG92: =+E92*2 -> 0 | BI92: =+E92*2 -> 0 | BK92: =+E92*2 -> 0 | BM92: =+E92*2 -> 0 | BN92: =+E92*2 -> 0 | BO92: =+E92*2 -> 0 | BP92: =+E92*2 -> 0 | BQ92: =+E92*2 -> 0 | BR92: =+E92*2 -> 0 | BS92: =+E92*2 -> 0 | BT92: =+E92*2 -> 0 | BU92: =+E92 -> 0 | BV92: =+BU92 -> 0 | BW92: =+BV92 -> 0 | BX92: =+BW92 -> 0 | BY92: =+BX92 -> 0 | BZ92: =+BY92 -> 0 | CA92: =+BZ92 -> 0 | CB92: =+CA92 -> 0 | CC92: =+CB92 -> 0 | ... CP92: =+CO92 -> 0 | CQ92: =+CP92*2 -> 0 | CR92: =+CP92 -> 0 | CV92: 0 | CW92: C52 | CY92: =SUM(L92:CS92)/2 -> 0
B93: =Primary!CV93 -> 0 | C93: 1 | D93: =1/(F93-6)*C93 -> 0.020833333 | E93: =1/(F93-6)*C93*B93 -> 0 | F93: 54 | G93: C54 | L93: =+E93 -> 0 | N93: =+E93*2 -> 0 | Q93: =+E93*2 -> 0 | V93: =+E93*2 -> 0 | Z93: =+E93*2 -> 0 | AE93: =+E93*2 -> 0 | AJ93: =+E93*2 -> 0 | AO93: =+E93*2 -> 0 | AT93: =+E93*2 -> 0 | AY93: =+E93*2 -> 0 | BE93: =+E93*2 -> 0 | BG93: =+E93*2 -> 0 | BI93: =+E93*2 -> 0 | BK93: =+E93*2 -> 0 | BM93: =+E93*2 -> 0 | BN93: =+E93*2 -> 0 | BO93: =+E93*2 -> 0 | BP93: =+E93*2 -> 0 | BQ93: =+E93*2 -> 0 | BR93: =+E93*2 -> 0 | BS93: =+E93*2 -> 0 | BT93: =+E93*2 -> 0 | BU93: =+E93 -> 0 | BV93: =+BU93 -> 0 | BW93: =+BV93 -> 0 | BX93: =+BW93 -> 0 | BY93: =+BX93 -> 0 | BZ93: =+BY93 -> 0 | CA93: =+BZ93 -> 0 | CB93: =+CA93 -> 0 | CC93: =+CB93 -> 0 | ... CP93: =+CO93 -> 0 | CQ93: =+CP93*2 -> 0 | CR93: =+CP93*2 -> 0 | CS93: =+CP93 -> 0 | CV93: 0 | CW93: C54 | CY93: =SUM(L93:CS93)/2 -> 0
B94: =Primary!CV94 -> 0 | D94: =1/(F94-6)*C94 -> 0 | H94: CH4 | I94: MEOH | J94: C2 | K94: C2-O | L94: C3 | M94: C3-O | N94: C4 | O94: C4-IP | P94: C4-O | Q94: C5 | S94: C5-O | T94: C5-N | U94: C6-IP | V94: C6 | W94: C6-O | X94: C6-A | Y94: C6-N | Z94: C7 | AA94: C7-IP | AB94: C7-O | AC94: C7-A | AD94: C7-N | AE94: C8 | AF94: C8-IP | AG94: C8-O | AH94: C8-N | AI94: C8-A | AJ94: C9 | AK94: C9-IP | AL94: C9-O | AM94: C9-N | AN94: C9-A | AO94: C10 | AP94: C10-IP | AQ94: C10-O | AR94: C10-N | AS94: C10-A | AT94: C11 | AU94: C11-IP | AV94: C11-A | AW94: C11-O | AX94: C12-IP | AY94: C12 | AZ94: C12-O | BA94: C12-A | BB94: C12-N | BC94: C13-IP | BD94: C13-O | BE94: C13 | BF94: C14-IP | BG94: C14 | BH94: C15-IP | BI94: C15 | BJ94: C16-IP | BK94: C16 | BL94: C17-IP | BM94: C17 | BN94: C18 | BO94: C19 | BP94: C20 | BQ94: C21 | BR94: C22 | BS94: C23 | BT94: C24 | BU94: C25 | BV94: C26 | BW94: C27 | BX94: C28 | BY94: C29 | BZ94: C30 | CA94: C31 | CB94: C32 | CC94: C33 | CD94: C34 | CE94: C35 | CF94: C36 | CG94: C37 | CH94: C38 | CI94: C39 | CJ94: C40 | CK94: C41 | CL94: C42 | CM94: C43 | CN94: C44 | CO94: C45 | CP94: C46 | CQ94: C48 | CR94: C50 | CS94: C51 | CT94: C52 | CU94: C54
G95: n | H95: 1 | I95: 1 | J95: 2 | K95: 2 | L95: 3 | M95: 3 | N95: 4 | O95: 4 | P95: 4 | Q95: 5 | R95: 5 | S95: 5 | T95: 5 | U95: 6 | V95: 6 | W95: 6 | X95: 6 | Y95: 6 | Z95: 7 | AA95: 7 | AB95: 7 | AC95: 7 | AD95: 7 | AE95: 8 | AF95: 8 | AG95: 8 | AH95: 8 | AI95: 8 | AJ95: 9 | AK95: 9 | AL95: 9 | AM95: 9 | AN95: 9 | AO95: 10 | AP95: 10 | AQ95: 10 | AR95: 10 | AS95: 10 | AT95: 11 | AU95: 11 | AV95: 11 | AW95: 11 | AX95: 12 | AY95: 12 | AZ95: 12 | BA95: 12 | BB95: 12 | BC95: 13 | BD95: 13 | BE95: 13 | BF95: 14 | BG95: 14 | BH95: 15 | BI95: 15 | BJ95: 16 | BK95: 16 | BL95: 17 | BM95: 17 | BN95: 18 | BO95: 19 | BP95: 20 | BQ95: 21 | BR95: 22 | BS95: 23 | BT95: 24 | BU95: 25 | BV95: 26 | BW95: 27 | BX95: 28 | BY95: 29 | BZ95: 30 | CA95: 31 | CB95: 32 | CC95: 33 | CD95: 34 | CE95: 35 | CF95: 36 | CG95: 37 | CH95: 38 | CI95: 39 | CJ95: 40 | CK95: 41 | CL95: 42 | CM95: 43 | CN95: 44 | CO95: 45 | CP95: 46 | CQ95: 48 | CR95: 50 | CS95: 51 | CT95: 52 | CU95: 54 | CW95: n
G96: sum | H96: =SUM(H2:H93) -> 0.0007111447 | I96: =SUM(I2:I93) -> 0.0011591573 | J96: =SUM(J2:J93) -> 0.0025701201 | K96: =SUM(K2:K93) -> 0 | L96: =SUM(L2:L93) -> 0.046010388 | M96: =SUM(M2:M93) -> 1.6611307e-08 | N96: =SUM(N2:N93) -> 0.067760038 | O96: =SUM(O2:O93) -> 0.00010153019 | ... CU96: =SUM(CU2:CU93) -> 0 | CW96: sum | CY96: =+SUM(CY2:CY93) -> 0.078973319
H98: =H96/SUM($H$96:$CU$96) -> 0.0012113703

Sheet Outlet
B2: CO2 | C2: kmol/hr | D2: =+Inlet!D2 -> 0.086674785 | F2: =+D2/SUM($D$2:$D$73) -> 0.013942561 | K2: 0,015188681638455
B3: H2O | C3: kmol/hr | D3: =+Inlet!D3 -> 0.0060443607 | F3: =+D3/SUM($D$2:$D$73) -> 0.00097229971 | K3: 0,00373424142390863
B4: H2 | C4: kmol/hr | D4: =+Inlet!D4-Primary!CY96-Secondary!CY96 -> 5.5367353 | F4: =+D4/SUM($D$2:$D$73) -> 0.89064277 | K4: 5,84918770555721
B5: CO | C5: kmol/hr | D5: =+Inlet!D5 -> 4.8714785e-05 | F5: =+D5/SUM($D$2:$D$73) -> 7.8362913e-06 | K5: 2,16390322899192E-06
B6: CH4 | C6: kmol/hr | D6: =+Secondary!CV2 -> 0.0007111447 | F6: =+D6/SUM($D$2:$D$73) -> 0.00011439519 | G6: =+D6/SUM($D$6:$D$73) -> 0.0012113703 | K6: 0,0000471898648045363
B7: MEOH | C7: kmol/hr | D7: =+Secondary!CV3 -> 0.0011591573 | F7: =+D7/SUM($D$2:$D$73) -> 0.00018646278 | G7: =+D7/SUM($D$6:$D$73) -> 0.0019745189 | K7: 0,000671995167802076
B8: C2 | C8: kmol/hr | D8: =+Secondary!CV4 -> 0.0025701201 | F8: =+D8/SUM($D$2:$D$73) -> 0.00041343115 | G8: =+D8/SUM($D$6:$D$73) -> 0.0043779656 | K8: 0,000519980199463744
B9: C2-O | C9: kmol/hr | D9: =+Secondary!CV5 -> 0 | F9: =+D9/SUM($D$2:$D$73) -> 0 | G9: =+D9/SUM($D$6:$D$73) -> 0 | K9: 0
B10: C3 | C10: kmol/hr | D10: =+Secondary!CV6 -> 0.046010388 | F10: =+D10/SUM($D$2:$D$73) -> 0.0074012603 | G10: =+D10/SUM($D$6:$D$73) -> 0.078374507 | K10: 0,013075764899568
B11: C3-O | C11: kmol/hr | D11: =+Secondary!CV7 -> 1.6611307e-08 | F11: =+D11/SUM($D$2:$D$73) -> 2.6721054e-09 | G11: =+D11/SUM($D$6:$D$73) -> 2.8295849e-08 | K11: 5,74855733595377E-09
B12: C4 | C12: kmol/hr | D12: =+Secondary!CV8 -> 0.067760038 | F12: =+D12/SUM($D$2:$D$73) -> 0.010899923 | G12: =+D12/SUM($D$6:$D$73) -> 0.11542306 | K12: 0,0236083428410457
B13: C4-IP | C13: kmol/hr | D13: =+Secondary!CV9 -> 0.00010153019 | F13: =+D13/SUM($D$2:$D$73) -> 1.6332211e-05 | G13: =+D13/SUM($D$6:$D$73) -> 0.00017294743 | K13: 0,000045972522974249
B14: C4-O | C14: kmol/hr | D14: =+Secondary!CV10 -> 8.1154749e-23 | F14: =+D14/SUM($D$2:$D$73) -> 1.3054605e-23 | G14: =+D14/SUM($D$6:$D$73) -> 1.3823973e-22 | K14: 3,91867738433925E-23
B15: C5 | C15: kmol/hr | D15: =+Secondary!CV11 -> 0.056768236 | F15: =+D15/SUM($D$2:$D$73) -> 0.0091317747 | G15: =+D15/SUM($D$6:$D$73) -> 0.096699523 | K15: 0,0215417024427832
B16: C5-IP | C16: kmol/hr | D16: =+Secondary!CV12 -> 0.00079740252 | F16: =+D16/SUM($D$2:$D$73) -> 0.00012827068 | G16: =+D16/SUM($D$6:$D$73) -> 0.0013583026 | K16: 0,00029185059620702
B17: C5-O | C17: kmol/hr | D17: =+Secondary!CV13 -> 4.9454121e-20 | F17: =+D17/SUM($D$2:$D$73) -> 7.9552214e-21 | G17: =+D17/SUM($D$6:$D$73) -> 8.4240593e-20 | K17: 2,65771162208618E-20
B18: C5-N | C18: kmol/hr | D18: =+Secondary!CV14 -> 7.7846205e-05 | F18: =+D18/SUM($D$2:$D$73) -> 1.252239e-05 | G18: =+D18/SUM($D$6:$D$73) -> 0.00013260392 | K18: 0,0000505173989059497
B19: C6-IP | C19: kmol/hr | D19: =+Secondary!CV15 -> 0.0029408236 | F19: =+D19/SUM($D$2:$D$73) -> 0.00047306276 | G19: =+D19/SUM($D$6:$D$73) -> 0.0050094254 | K19: 0,00239039050368725
B20: C6 | C20: kmol/hr | D20: =+Secondary!CV16 -> 0.048824706 | F20: =+D20/SUM($D$2:$D$73) -> 0.0078539734 | G20: =+D20/SUM($D$6:$D$73) -> 0.083168443 | K20: 0,0161077106578016
B21: C6-O | C21: kmol/hr | D21: =+Secondary!CV17 -> 1.6313192e-17 | F21: =+D21/SUM($D$2:$D$73) -> 2.6241505e-18 | G21: =+D21/SUM($D$6:$D$73) -> 2.7788038e-17 | K21: 6,34937228107811E-18
... B67: C21 | C67: kmol/hr | D67: =+Secondary!CV63 -> 2.7008371e-05 | F67: =+D67/SUM($D$2:$D$73) -> 4.3445838e-06 | G67: =+D67/SUM($D$6:$D$73) -> 4.6006302e-05 | K67: 6,35746709183344E-06
B68: C22 | C68: kmol/hr | D68: =+Secondary!CV64 -> 0 | F68: =+D68/SUM($D$2:$D$73) -> 0 | G68: =+D68/SUM($D$6:$D$73) -> 0 | K68: 0
B69: C23 | C69: kmol/hr | D69: =+Secondary!CV65 -> 0 | F69: =+D69/SUM($D$2:$D$73) -> 0 | G69: =+D69/SUM($D$6:$D$73) -> 0 | K69: 0
B70: C24 | C70: kmol/hr | D70: =+Secondary!CV66 -> 0 | F70: =+D70/SUM($D$2:$D$73) -> 0 | G70: =+D70/SUM($D$6:$D$73) -> 0 | K70: 0
B71: C25 | C71: kmol/hr | D71: =+Secondary!CV67 -> 0 | F71: =+D71/SUM($D$2:$D$73) -> 0 | G71: =+D71/SUM($D$6:$D$73) -> 0 | K71: 0
B72: C26 | C72: kmol/hr | D72: =+Secondary!CV68 -> 0 | F72: =+D72/SUM($D$2:$D$73) -> 0 | G72: =+D72/SUM($D$6:$D$73) -> 0 | K72: 0
B73: C27 | C73: kmol/hr | D73: =+Secondary!CV69 -> 0 | F73: =+D73/SUM($D$2:$D$73) -> 0 | G73: =+D73/SUM($D$6:$D$73) -> 0 | K73: 0

Sheet Pivot
C3: Name | D3: NC | E3: Inlet | F3: Primary | G3: Secondary
C4: CH4 | D4: 1 | E4: =+Inlet!D6 -> 0.0007111447 | F4: =+Secondary!B2 -> 0.0007111447 | G4: =+Outlet!D6 -> 0.0007111447 | AF4: =+Tabella4[[#This Row],[Inlet]]*Tabella4[[#This Row],[NC]] -> 0.0007111447 | AG4: =+Tabella4[[#This Row],[Primary]]*Tabella4[[#This Row],[NC]] -> 0.0007111447 | AH4: =+Tabella4[[#This Row],[Secondary]]*Tabella4[[#This Row],[NC]] -> 0.0007111447
C5: MEOH | D5: 1 | E5: =+Inlet!D7 -> 0.0011591573 | F5: =+Secondary!B3 -> 0.0011591573 | G5: =+Outlet!D7 -> 0.0011591573 | AF5: =+Tabella4[[#This Row],[Inlet]]*Tabella4[[#This Row],[NC]] -> 0.0011591573 | AG5: =+Tabella4[[#This Row],[Primary]]*Tabella4[[#This Row],[NC]] -> 0.0011591573 | AH5: =+Tabella4[[#This Row],[Secondary]]*Tabella4[[#This Row],[NC]] -> 0.0011591573
C6: C2 | D6: 2 | E6: =+Inlet!D8 -> 0.0025701201 | F6: =+Secondary!B4 -> 0.0025701201 | G6: =+Outlet!D8 -> 0.0025701201 | AF6: =+Tabella4[[#This Row],[Inlet]]*Tabella4[[#This Row],[NC]] -> 0.0051402401 | AG6: =+Tabella4[[#This Row],[Primary]]*Tabella4[[#This Row],[NC]] -> 0.0051402401 | AH6: =+Tabella4[[#This Row],[Secondary]]*Tabella4[[#This Row],[NC]] -> 0.0051402401
C7: C2-O | D7: 2 | E7: =+Inlet!D9 -> 0 | F7: =+Secondary!B5 -> 0 | G7: =+Outlet!D9 -> 0 | J7: Etichette di riga | K7: Somma di Inlet | L7: Somma di Primary | M7: Somma di Secondary | AF7: =+Tabella4[[#This Row],[Inlet]]*Tabella4[[#This Row],[NC]] -> 0 | AG7: =+Tabella4[[#This Row],[Primary]]*Tabella4[[#This Row],[NC]] -> 0 | AH7: =+Tabella4[[#This Row],[Secondary]]*Tabella4[[#This Row],[NC]] -> 0
C8: C3 | D8: 3 | E8: =+Inlet!D10 -> 0.02379387 | F8: =+Secondary!B6 -> 0.038202128 | G8: =+Outlet!D10 -> 0.046010388 | J8: 1 | K8: 0.0063722191 | L8: 0.0036862072 | M8: 0.003189727 | P8: 1 | Q8: 0.0063722191 | R8: 0.0036862072 | S8: 0.003189727 | AF8: =+Tabella4[[#This Row],[Inlet]]*Tabella4[[#This Row],[NC]] -> 0.071381611 | AG8: =+Tabella4[[#This Row],[Primary]]*Tabella4[[#This Row],[NC]] -> 0.11460638 | AH8: =+Tabella4[[#This Row],[Secondary]]*Tabella4[[#This Row],[NC]] -> 0.13803116
C9: C3-O | D9: 3 | E9: =+Inlet!D11 -> 2.8280897e-09 | F9: =+Secondary!B7 -> 1.1449168e-08 | G9: =+Outlet!D11 -> 1.6611307e-08 | J9: 2 | K9: 0.0087565369 | L9: 0.0050654895 | M9: 0.0043832395 | P9: 2 | Q9: 0.0087565369 | R9: 0.0050654895 | S9: 0.0043832395 | AF9: =+Tabella4[[#This Row],[Inlet]]*Tabella4[[#This Row],[NC]] -> 8.4842692e-09 | AG9: =+Tabella4[[#This Row],[Primary]]*Tabella4[[#This Row],[NC]] -> 3.4347504e-08 | AH9: =+Tabella4[[#This Row],[Secondary]]*Tabella4[[#This Row],[NC]] -> 4.9833921e-08
C10: C4 | D10: 4 | E10: =+Inlet!D12 -> 0.022656473 | F10: =+Secondary!B8 -> 0.05215735 | G10: =+Outlet!D12 -> 0.067760038 | J10: 3 | K10: 0.081067002 | L10: 0.07529319 | M10: 0.078468949 | P10: 3 | Q10: 0.081067002 | R10: 0.07529319 | S10: 0.078468949 | AF10: =+Tabella4[[#This Row],[Inlet]]*Tabella4[[#This Row],[NC]] -> 0.090625894 | AG10: =+Tabella4[[#This Row],[Primary]]*Tabella4[[#This Row],[NC]] -> 0.2086294 | AH10: =+Tabella4[[#This Row],[Secondary]]*Tabella4[[#This Row],[NC]] -> 0.27104015
C11: C4-IP | D11: 4 | E11: =+Inlet!D13 -> 6.568806e-05 | F11: =+Secondary!B9 -> 8.7688471e-05 | G11: =+Outlet!D13 -> 0.00010153019 | J11: 4 | K11: 0.077415623 | L11: 0.10157841 | M11: 0.11453061 | P11: 4 | Q11: 0.077415623 | R11: 0.10157841 | S11: 0.11453061 | AF11: =+Tabella4[[#This Row],[Inlet]]*Tabella4[[#This Row],[NC]] -> 0.00026275224 | AG11: =+Tabella4[[#This Row],[Primary]]*Tabella4[[#This Row],[NC]] -> 0.00035075388 | AH11: =+Tabella4[[#This Row],[Secondary]]*Tabella4[[#This Row],[NC]] -> 0.00040612075
C12: C4-O | D12: 4 | E12: =+Inlet!D14 -> 8.1154749e-23 | F12: =+Secondary!B10 -> 8.1154749e-23 | G12: =+Outlet!D14 -> 8.1154749e-23 | J12: 5 | K12: 0.045335741 | L12: 0.083012932 | M12: 0.098308714 | P12: 5 | Q12: 0.045335741 | R12: 0.083012932 | S12: 0.098308714 | AF12: =+Tabella4[[#This Row],[Inlet]]*Tabella4[[#This Row],[NC]] -> 3.24619e-22 | AG12: =+Tabella4[[#This Row],[Primary]]*Tabella4[[#This Row],[NC]] -> 3.24619e-22 | AH12: =+Tabella4[[#This Row],[Secondary]]*Tabella4[[#This Row],[NC]] -> 3.24619e-22
C13: C5 | D13: 5 | E13: =+Inlet!D15 -> 0.012431187 | F13: =+Secondary!B11 -> 0.041243721 | G13: =+Outlet!D15 -> 0.056768236 | J13: 6 | K13: 0.026864939 | L13: 0.072315339 | M13: 0.088641574 | P13: 6 | Q13: 0.026864939 | R13: 0.072315339 | S13: 0.088641574 | AF13: =+Tabella4[[#This Row],[Inlet]]*Tabella4[[#This Row],[NC]] -> 0.062155936 | AG13: =+Tabella4[[#This Row],[Primary]]*Tabella4[[#This Row],[NC]] -> 0.20621861 | AH13: =+Tabella4[[#This Row],[Secondary]]*Tabella4[[#This Row],[NC]] -> 0.28384118
C14: C5-IP | D14: 5 | E14: =+Inlet!D16 -> 0.00079740252 | F14: =+Secondary!B12 -> 0.00079740252 | G14: =+Outlet!D16 -> 0.00079740252 | J14: 7 | K14: 0.0095802012 | L14: 0.062310421 | M14: 0.079375486 | P14: 7 | Q14: 0.0095802012 | R14: 0.062310421 | S14: 0.079375486 | AF14: =+Tabella4[[#This Row],[Inlet]]*Tabella4[[#This Row],[NC]] -> 0.0039870126 | AG14: =+Tabella4[[#This Row],[Primary]]*Tabella4[[#This Row],[NC]] -> 0.0039870126 | AH14: =+Tabella4[[#This Row],[Secondary]]*Tabella4[[#This Row],[NC]] -> 0.0039870126
C15: C5-O | D15: 5 | E15: =+Inlet!D17 -> 4.9454121e-20 | F15: =+Secondary!B13 -> 4.9454121e-20 | G15: =+Outlet!D17 -> 4.9454121e-20 | J15: 8 | K15: 0.0056977933 | L15: 0.060047293 | M15: 0.076265263 | P15: 8 | Q15: 0.0056977933 | R15: 0.060047293 | S15: 0.076265263 | AF15: =+Tabella4[[#This Row],[Inlet]]*Tabella4[[#This Row],[NC]] -> 2.472706e-19 | AG15: =+Tabella4[[#This Row],[Primary]]*Tabella4[[#This Row],[NC]] -> 2.472706e-19 | AH15: =+Tabella4[[#This Row],[Secondary]]*Tabella4[[#This Row],[NC]] -> 2.472706e-19
C16: C5-N | D16: 5 | E16: =+Inlet!D18 -> 7.7846205e-05 | F16: =+Secondary!B14 -> 7.7846205e-05 | G16: =+Outlet!D18 -> 7.7846205e-05 | J16: 9 | K16: 0.0018885224 | L16: 0.057845045 | M16: 0.072780355 | P16: 9 | Q16: 0.0018885224 | R16: 0.057845045 | S16: 0.072780355 | AF16: =+Tabella4[[#This Row],[Inlet]]*Tabella4[[#This Row],[NC]] -> 0.00038923102 | AG16: =+Tabella4[[#This Row],[Primary]]*Tabella4[[#This Row],[NC]] -> 0.00038923102 | AH16: =+Tabella4[[#This Row],[Secondary]]*Tabella4[[#This Row],[NC]] -> 0.00038923102
C17: C6-IP | D17: 6 | E17: =+Inlet!D19 -> 0.0029408236 | F17: =+Secondary!B15 -> 0.0029408236 | G17: =+Outlet!D19 -> 0.0029408236 | J17: 10 | K17: 0.00035933851 | L17: 0.056968528 | M17: 0.06983842 | P17: 10 | Q17: 0.00035933851 | R17: 0.056968528 | S17: 0.06983842 | AF17: =+Tabella4[[#This Row],[Inlet]]*Tabella4[[#This Row],[NC]] -> 0.017644942 | AG17: =+Tabella4[[#This Row],[Primary]]*Tabella4[[#This Row],[NC]] -> 0.017644942 | AH17: =+Tabella4[[#This Row],[Secondary]]*Tabella4[[#This Row],[NC]] -> 0.017644942
C18: C6 | D18: 6 | E18: =+Inlet!D20 -> 0.0047346599 | F18: =+Secondary!B16 -> 0.033540808 | G18: =+Outlet!D20 -> 0.048824706 | J18: 11 | K18: 2.5611346e-05 | L18: 0.056776401 | M18: 0.0666415 | P18: 11 | Q18: 2.5611346e-05 | R18: 0.056776401 | S18: 0.0666415 | AF18: =+Tabella4[[#This Row],[Inlet]]*Tabella4[[#This Row],[NC]] -> 0.028407959 | AG18: =+Tabella4[[#This Row],[Primary]]*Tabella4[[#This Row],[NC]] -> 0.20124485 | AH18: =+Tabella4[[#This Row],[Secondary]]*Tabella4[[#This Row],[NC]] -> 0.29294824
C19: C6-O | D19: 6 | E19: =+Inlet!D21 -> 1.6313192e-17 | F19: =+Secondary!B17 -> 1.6313192e-17 | G19: =+Outlet!D21 -> 1.6313192e-17 | J19: 12 | K19: 2.3827531e-05 | L19: 0.056755616 | M19: 0.062578843 | P19: 12 | Q19: 2.3827531e-05 | R19: 0.056755616 | S19: 0.062578843 | AF19: =+Tabella4[[#This Row],[Inlet]]*Tabella4[[#This Row],[NC]] -> 9.7879154e-17 | AG19: =+Tabella4[[#This Row],[Primary]]*Tabella4[[#This Row],[NC]] -> 9.7879154e-17 | AH19: =+Tabella4[[#This Row],[Secondary]]*Tabella4[[#This Row],[NC]] -> 9.7879154e-17
... C34: C9-O | D34: 9 | E34: =+Inlet!D36 -> 2.8889358e-11 | F34: =+Secondary!B32 -> 2.8449275e-11 | G34: =+Outlet!D36 -> 2.8015896e-11 | J34: 27 | K34: 0.03478317 | L34: 0 | M34: 0 | P34: 27 | Q34: 0.03478317 | R34: 0 | S34: 0 | AF34: =+Tabella4[[#This Row],[Inlet]]*Tabella4[[#This Row],[NC]] -> 2.6000423e-10 | AG34: =+Tabella4[[#This Row],[Primary]]*Tabella4[[#This Row],[NC]] -> 2.5604347e-10 | AH34: =+Tabella4[[#This Row],[Secondary]]*Tabella4[[#This Row],[NC]] -> 2.5214306e-10
C35: C9-N | D35: 9 | E35: =+Inlet!D37 -> 8.4212848e-05 | F35: =+Secondary!B33 -> 8.4212848e-05 | G35: =+Outlet!D37 -> 8.4212848e-05 | J35: Totale complessivo | K35: 1 | L35: 1 | M35: 1 | AF35: =+Tabella4[[#This Row],[Inlet]]*Tabella4[[#This Row],[NC]] -> 0.00075791563 | AG35: =+Tabella4[[#This Row],[Primary]]*Tabella4[[#This Row],[NC]] -> 0.00075791563 | AH35: =+Tabella4[[#This Row],[Secondary]]*Tabella4[[#This Row],[NC]] -> 0.00075791563
C36: C9-A | D36: 9 | E36: =+Inlet!D38 -> 6.2978784e-09 | F36: =+Secondary!B34 -> 6.2978784e-09 | G36: =+Outlet!D38 -> 6.2978784e-09 | AF36: =+Tabella4[[#This Row],[Inlet]]*Tabella4[[#This Row],[NC]] -> 5.6680905e-08 | AG36: =+Tabella4[[#This Row],[Primary]]*Tabella4[[#This Row],[NC]] -> 5.6680905e-08 | AH36: =+Tabella4[[#This Row],[Secondary]]*Tabella4[[#This Row],[NC]] -> 5.6680905e-08
C37: C10 | D37: 10 | E37: =+Inlet!D39 -> 5.3126266e-05 | F37: =+Secondary!B35 -> 0.028853411 | G37: =+Outlet!D39 -> 0.040899806 | AF37: =+Tabella4[[#This Row],[Inlet]]*Tabella4[[#This Row],[NC]] -> 0.00053126266 | AG37: =+Tabella4[[#This Row],[Primary]]*Tabella4[[#This Row],[NC]] -> 0.28853411 | AH37: =+Tabella4[[#This Row],[Secondary]]*Tabella4[[#This Row],[NC]] -> 0.40899806
C38: C10-IP | D38: 10 | E38: =+Inlet!D40 -> 3.9899902e-05 | F38: =+Secondary!B36 -> 3.8749231e-05 | G38: =+Outlet!D40 -> 3.7631745e-05 | AF38: =+Tabella4[[#This Row],[Inlet]]*Tabella4[[#This Row],[NC]] -> 0.00039899902 | AG38: =+Tabella4[[#This Row],[Primary]]*Tabella4[[#This Row],[NC]] -> 0.00038749231 | AH38: =+Tabella4[[#This Row],[Secondary]]*Tabella4[[#This Row],[NC]] -> 0.00037631745
C39: C10-O | D39: 10 | E39: =+Inlet!D41 -> 2.900543e-08 | F39: =+Secondary!B37 -> 2.8168944e-08 | G39: =+Outlet!D41 -> 2.7356582e-08 | AF39: =+Tabella4[[#This Row],[Inlet]]*Tabella4[[#This Row],[NC]] -> 2.900543e-07 | AG39: =+Tabella4[[#This Row],[Primary]]*Tabella4[[#This Row],[NC]] -> 2.8168944e-07 | AH39: =+Tabella4[[#This Row],[Secondary]]*Tabella4[[#This Row],[NC]] -> 2.7356582e-07
C40: C10-N | D40: 10 | E40: =+Inlet!D42 -> 1.2093808e-05 | F40: =+Secondary!B38 -> 1.2093808e-05 | G40: =+Outlet!D42 -> 1.2093808e-05 | AF40: =+Tabella4[[#This Row],[Inlet]]*Tabella4[[#This Row],[NC]] -> 0.00012093808 | AG40: =+Tabella4[[#This Row],[Primary]]*Tabella4[[#This Row],[NC]] -> 0.00012093808 | AH40: =+Tabella4[[#This Row],[Secondary]]*Tabella4[[#This Row],[NC]] -> 0.00012093808
C41: C10-A | D41: 10 | E41: =+Inlet!D43 -> 3.2000963e-07 | F41: =+Secondary!B39 -> 3.2000963e-07 | G41: =+Outlet!D43 -> 3.2000963e-07 | AF41: =+Tabella4[[#This Row],[Inlet]]*Tabella4[[#This Row],[NC]] -> 3.2000963e-06 | AG41: =+Tabella4[[#This Row],[Primary]]*Tabella4[[#This Row],[NC]] -> 3.2000963e-06 | AH41: =+Tabella4[[#This Row],[Secondary]]*Tabella4[[#This Row],[NC]] -> 3.2000963e-06
C42: C11 | D42: 11 | E42: =+Inlet!D44 -> 6.3675358e-06 | F42: =+Secondary!B40 -> 0.028806019 | G42: =+Outlet!D44 -> 0.03907429 | AF42: =+Tabella4[[#This Row],[Inlet]]*Tabella4[[#This Row],[NC]] -> 7.0042894e-05 | AG42: =+Tabella4[[#This Row],[Primary]]*Tabella4[[#This Row],[NC]] -> 0.31686621 | AH42: =+Tabella4[[#This Row],[Secondary]]*Tabella4[[#This Row],[NC]] -> 0.42981719
C43: C11-IP | D43: 11 | E43: =+Inlet!D45 -> 6.945867e-07 | F43: =+Secondary!B41 -> 6.604575e-07 | G43: =+Outlet!D45 -> 6.2800527e-07 | AF43: =+Tabella4[[#This Row],[Inlet]]*Tabella4[[#This Row],[NC]] -> 7.6404537e-06 | AG43: =+Tabella4[[#This Row],[Primary]]*Tabella4[[#This Row],[NC]] -> 7.2650325e-06 | AH43: =+Tabella4[[#This Row],[Secondary]]*Tabella4[[#This Row],[NC]] -> 6.908058e-06
C44: C11-A | D44: 11 | E44: =+Inlet!D46 -> 1.6555469e-07 | F44: =+Secondary!B42 -> 1.6555469e-07 | G44: =+Outlet!D46 -> 1.6555469e-07 | AF44: =+Tabella4[[#This Row],[Inlet]]*Tabella4[[#This Row],[NC]] -> 1.8211016e-06 | AG44: =+Tabella4[[#This Row],[Primary]]*Tabella4[[#This Row],[NC]] -> 1.8211016e-06 | AH44: =+Tabella4[[#This Row],[Secondary]]*Tabella4[[#This Row],[NC]] -> 1.8211016e-06
C45: C11-O | D45: 11 | E45: =+Inlet!D47 -> 2.8947638e-07 | F45: =+Secondary!B43 -> 2.7525268e-07 | G45: =+Outlet!D47 -> 2.7525268e-07 | AF45: =+Tabella4[[#This Row],[Inlet]]*Tabella4[[#This Row],[NC]] -> 3.1842402e-06 | AG45: =+Tabella4[[#This Row],[Primary]]*Tabella4[[#This Row],[NC]] -> 3.0277795e-06 | AH45: =+Tabella4[[#This Row],[Secondary]]*Tabella4[[#This Row],[NC]] -> 3.0277795e-06
C46: C12-IP | D46: 12 | E46: =+Inlet!D48 -> 1.1504043e-06 | F46: =+Secondary!B44 -> 1.0590443e-06 | G46: =+Outlet!D48 -> 9.7493959e-07 | AF46: =+Tabella4[[#This Row],[Inlet]]*Tabella4[[#This Row],[NC]] -> 1.3804852e-05 | AG46: =+Tabella4[[#This Row],[Primary]]*Tabella4[[#This Row],[NC]] -> 1.2708531e-05 | AH46: =+Tabella4[[#This Row],[Secondary]]*Tabella4[[#This Row],[NC]] -> 1.1699275e-05
C47: C12 | D47: 12 | E47: =+Inlet!D49 -> 5.0522337e-06 | F47: =+Secondary!B45 -> 0.028794736 | G47: =+Outlet!D49 -> 0.036691469 | AF47: =+Tabella4[[#This Row],[Inlet]]*Tabella4[[#This Row],[NC]] -> 6.0626805e-05 | AG47: =+Tabella4[[#This Row],[Primary]]*Tabella4[[#This Row],[NC]] -> 0.34553683 | AH47: =+Tabella4[[#This Row],[Secondary]]*Tabella4[[#This Row],[NC]] -> 0.44029763
... C71: C27 | D71: 27 | E71: =+Inlet!D73 -> 0.010209164 | F71: =+Secondary!B69 -> 0 | G71: =+Outlet!D73 -> 0 | AF71: =+Tabella4[[#This Row],[Inlet]]*Tabella4[[#This Row],[NC]] -> 0.27564744 | AG71: =+Tabella4[[#This Row],[Primary]]*Tabella4[[#This Row],[NC]] -> 0 | AH71: =+Tabella4[[#This Row],[Secondary]]*Tabella4[[#This Row],[NC]] -> 0
D72: 28 | E72: =+Inlet!D74 -> 0 | F72: =+Secondary!B70 -> 0 | G72: =+Outlet!D74 -> 0
D73: 29 | E73: =+Inlet!D75 -> 0 | F73: =+Secondary!B71 -> 0 | G73: =+Outlet!D75 -> 0
D74: 30 | E74: =+Inlet!D76 -> 0 | F74: =+Secondary!B72 -> 0 | G74: =+Outlet!D76 -> 0 | AF74: =+SUM(AF4:AF71) -> 4.9252169 | AG74: =+SUM(AG4:AG71) -> 4.9280422 | AH74: =+SUM(AH4:AH71) -> 4.9280422
D75: 31 | E75: =+Inlet!D77 -> 0 | F75: =+Secondary!B73 -> 0 | G75: =+Outlet!D77 -> 0
D76: 32 | E76: =+Inlet!D78 -> 0 | F76: =+Secondary!B74 -> 0 | G76: =+Outlet!D78 -> 0
D77: 33 | E77: =+Inlet!D79 -> 0 | F77: =+Secondary!B75 -> 0 | G77: =+Outlet!D79 -> 0
D78: 34 | E78: =+Inlet!D80 -> 0 | F78: =+Secondary!B76 -> 0 | G78: =+Outlet!D80 -> 0
D79: 35 | E79: =+Inlet!D81 -> 0 | F79: =+Secondary!B77 -> 0 | G79: =+Outlet!D81 -> 0
D80: 36 | E80: =+Inlet!D82 -> 0 | F80: =+Secondary!B78 -> 0 | G80: =+Outlet!D82 -> 0
D81: 37 | E81: =+Inlet!D83 -> 0 | F81: =+Secondary!B79 -> 0 | G81: =+Outlet!D83 -> 0
D82: 38 | E82: =+Inlet!D84 -> 0 | F82: =+Secondary!B80 -> 0 | G82: =+Outlet!D84 -> 0
D83: 39 | E83: =+Inlet!D85 -> 0 | F83: =+Secondary!B81 -> 0 | G83: =+Outlet!D85 -> 0
D84: 40 | E84: =+Inlet!D86 -> 0 | F84: =+Secondary!B82 -> 0 | G84: =+Outlet!D86 -> 0
D85: 41 | E85: =+Inlet!D87 -> 0 | F85: =+Secondary!B83 -> 0 | G85: =+Outlet!D87 -> 0
D86: 42 | E86: =+Inlet!D88 -> 0 | F86: =+Secondary!B84 -> 0 | G86: =+Outlet!D88 -> 0
... D95: 54 | E95: =+Inlet!D97 -> 0 | F95: =+Secondary!B93 -> 0 | G95: =+Outlet!D97 -> 0
